/home/inspur/MTO-1/experiments/qm9s_full_EA_20260925/env/lib/python3.10/site-packages/e3nn/o3/_wigner.py:10: FutureWarning: You are using `torch.load` with `weights_only=False` (the current default value), which uses the default pickle module implicitly. It is possible to construct malicious pickle data which will execute arbitrary code during unpickling (See https://github.com/pytorch/pytorch/blob/main/SECURITY.md#untrusted-models for more details). In a future release, the default value for `weights_only` will be flipped to `True`. This limits the functions that could be executed during unpickling. Arbitrary objects will no longer be allowed to be loaded via this mode unless they are explicitly allowlisted by the user via `torch.serialization.add_safe_globals`. We recommend you start setting `weights_only=True` for any use case where you don't have full control of the loaded file. Please open an issue on GitHub for any issues related to this experimental feature.
  _Jd, _W3j_flat, _W3j_indices = torch.load(os.path.join(os.path.dirname(__file__), 'constants.pt'))
/home/inspur/Documents/SpecGPT/envs/specgpt/lib/python3.10/site-packages/torch/jit/_check.py:178: UserWarning: The TorchScript type system doesn't support instance-level annotations on empty non-base types in `__init__`. Instead, either 1) use a type annotation in the class body, or 2) wrap the type in `torch.jit.Attribute`.
  warnings.warn(
/home/inspur/Documents/SpecGPT/envs/specgpt/lib/python3.10/site-packages/torch/jit/_check.py:178: UserWarning: The TorchScript type system doesn't support instance-level annotations on empty non-base types in `__init__`. Instead, either 1) use a type annotation in the class body, or 2) wrap the type in `torch.jit.Attribute`.
  warnings.warn(
/home/inspur/Documents/SpecGPT/envs/specgpt/lib/python3.10/site-packages/torch/jit/_check.py:178: UserWarning: The TorchScript type system doesn't support instance-level annotations on empty non-base types in `__init__`. Instead, either 1) use a type annotation in the class body, or 2) wrap the type in `torch.jit.Attribute`.
  warnings.warn(
/home/inspur/Documents/SpecGPT/envs/specgpt/lib/python3.10/site-packages/torch/jit/_check.py:178: UserWarning: The TorchScript type system doesn't support instance-level annotations on empty non-base types in `__init__`. Instead, either 1) use a type annotation in the class body, or 2) wrap the type in `torch.jit.Attribute`.
  warnings.warn(
/home/inspur/Documents/SpecGPT/envs/specgpt/lib/python3.10/site-packages/torch/jit/_check.py:178: UserWarning: The TorchScript type system doesn't support instance-level annotations on empty non-base types in `__init__`. Instead, either 1) use a type annotation in the class body, or 2) wrap the type in `torch.jit.Attribute`.
  warnings.warn(
/home/inspur/Documents/SpecGPT/envs/specgpt/lib/python3.10/site-packages/torch/jit/_check.py:178: UserWarning: The TorchScript type system doesn't support instance-level annotations on empty non-base types in `__init__`. Instead, either 1) use a type annotation in the class body, or 2) wrap the type in `torch.jit.Attribute`.
  warnings.warn(
/home/inspur/Documents/SpecGPT/envs/specgpt/lib/python3.10/site-packages/torch/jit/_check.py:178: UserWarning: The TorchScript type system doesn't support instance-level annotations on empty non-base types in `__init__`. Instead, either 1) use a type annotation in the class body, or 2) wrap the type in `torch.jit.Attribute`.
  warnings.warn(
/home/inspur/Documents/SpecGPT/envs/specgpt/lib/python3.10/site-packages/torch/jit/_check.py:178: UserWarning: The TorchScript type system doesn't support instance-level annotations on empty non-base types in `__init__`. Instead, either 1) use a type annotation in the class body, or 2) wrap the type in `torch.jit.Attribute`.
  warnings.warn(
/home/inspur/Documents/SpecGPT/envs/specgpt/lib/python3.10/site-packages/torch/jit/_check.py:178: UserWarning: The TorchScript type system doesn't support instance-level annotations on empty non-base types in `__init__`. Instead, either 1) use a type annotation in the class body, or 2) wrap the type in `torch.jit.Attribute`.
  warnings.warn(
/home/inspur/Documents/SpecGPT/envs/specgpt/lib/python3.10/site-packages/torch/jit/_check.py:178: UserWarning: The TorchScript type system doesn't support instance-level annotations on empty non-base types in `__init__`. Instead, either 1) use a type annotation in the class body, or 2) wrap the type in `torch.jit.Attribute`.
  warnings.warn(
/home/inspur/Documents/SpecGPT/envs/specgpt/lib/python3.10/site-packages/torch/jit/_check.py:178: UserWarning: The TorchScript type system doesn't support instance-level annotations on empty non-base types in `__init__`. Instead, either 1) use a type annotation in the class body, or 2) wrap the type in `torch.jit.Attribute`.
  warnings.warn(
/home/inspur/Documents/SpecGPT/envs/specgpt/lib/python3.10/site-packages/torch/jit/_check.py:178: UserWarning: The TorchScript type system doesn't support instance-level annotations on empty non-base types in `__init__`. Instead, either 1) use a type annotation in the class body, or 2) wrap the type in `torch.jit.Attribute`.
  warnings.warn(
/home/inspur/Documents/SpecGPT/envs/specgpt/lib/python3.10/site-packages/torch/jit/_check.py:178: UserWarning: The TorchScript type system doesn't support instance-level annotations on empty non-base types in `__init__`. Instead, either 1) use a type annotation in the class body, or 2) wrap the type in `torch.jit.Attribute`.
  warnings.warn(
/home/inspur/Documents/SpecGPT/envs/specgpt/lib/python3.10/site-packages/torch/jit/_check.py:178: UserWarning: The TorchScript type system doesn't support instance-level annotations on empty non-base types in `__init__`. Instead, either 1) use a type annotation in the class body, or 2) wrap the type in `torch.jit.Attribute`.
  warnings.warn(
/home/inspur/Documents/SpecGPT/envs/specgpt/lib/python3.10/site-packages/torch/jit/_check.py:178: UserWarning: The TorchScript type system doesn't support instance-level annotations on empty non-base types in `__init__`. Instead, either 1) use a type annotation in the class body, or 2) wrap the type in `torch.jit.Attribute`.
  warnings.warn(
/home/inspur/Documents/SpecGPT/envs/specgpt/lib/python3.10/site-packages/torch/jit/_check.py:178: UserWarning: The TorchScript type system doesn't support instance-level annotations on empty non-base types in `__init__`. Instead, either 1) use a type annotation in the class body, or 2) wrap the type in `torch.jit.Attribute`.
  warnings.warn(
/home/inspur/Documents/SpecGPT/envs/specgpt/lib/python3.10/site-packages/torch/jit/_check.py:178: UserWarning: The TorchScript type system doesn't support instance-level annotations on empty non-base types in `__init__`. Instead, either 1) use a type annotation in the class body, or 2) wrap the type in `torch.jit.Attribute`.
  warnings.warn(
/home/inspur/Documents/SpecGPT/envs/specgpt/lib/python3.10/site-packages/torch/jit/_check.py:178: UserWarning: The TorchScript type system doesn't support instance-level annotations on empty non-base types in `__init__`. Instead, either 1) use a type annotation in the class body, or 2) wrap the type in `torch.jit.Attribute`.
  warnings.warn(
/home/inspur/Documents/SpecGPT/envs/specgpt/lib/python3.10/site-packages/torch/jit/_check.py:178: UserWarning: The TorchScript type system doesn't support instance-level annotations on empty non-base types in `__init__`. Instead, either 1) use a type annotation in the class body, or 2) wrap the type in `torch.jit.Attribute`.
  warnings.warn(
/home/inspur/Documents/SpecGPT/envs/specgpt/lib/python3.10/site-packages/torch/jit/_check.py:178: UserWarning: The TorchScript type system doesn't support instance-level annotations on empty non-base types in `__init__`. Instead, either 1) use a type annotation in the class body, or 2) wrap the type in `torch.jit.Attribute`.
  warnings.warn(
/home/inspur/Documents/SpecGPT/envs/specgpt/lib/python3.10/site-packages/torch/jit/_check.py:178: UserWarning: The TorchScript type system doesn't support instance-level annotations on empty non-base types in `__init__`. Instead, either 1) use a type annotation in the class body, or 2) wrap the type in `torch.jit.Attribute`.
  warnings.warn(
/home/inspur/Documents/SpecGPT/envs/specgpt/lib/python3.10/site-packages/torch/jit/_check.py:178: UserWarning: The TorchScript type system doesn't support instance-level annotations on empty non-base types in `__init__`. Instead, either 1) use a type annotation in the class body, or 2) wrap the type in `torch.jit.Attribute`.
  warnings.warn(
/home/inspur/Documents/SpecGPT/envs/specgpt/lib/python3.10/site-packages/torch/jit/_check.py:178: UserWarning: The TorchScript type system doesn't support instance-level annotations on empty non-base types in `__init__`. Instead, either 1) use a type annotation in the class body, or 2) wrap the type in `torch.jit.Attribute`.
  warnings.warn(
/home/inspur/Documents/SpecGPT/envs/specgpt/lib/python3.10/site-packages/torch/jit/_check.py:178: UserWarning: The TorchScript type system doesn't support instance-level annotations on empty non-base types in `__init__`. Instead, either 1) use a type annotation in the class body, or 2) wrap the type in `torch.jit.Attribute`.
  warnings.warn(
/home/inspur/Documents/SpecGPT/envs/specgpt/lib/python3.10/site-packages/torch/jit/_check.py:178: UserWarning: The TorchScript type system doesn't support instance-level annotations on empty non-base types in `__init__`. Instead, either 1) use a type annotation in the class body, or 2) wrap the type in `torch.jit.Attribute`.
  warnings.warn(
{"event": "TRAIN", "epoch": 1, "cursor": 12800, "train_count": 120355, "steps": 100, "loss": [1.0672283172607422, 0.3458009362220764, 0.721427321434021], "lr": 0.001, "grad_norm": 4.826678276062012, "time": 1790348356.6369045, "seconds_this_epoch": 11.933306980878115}
{"event": "TRAIN", "epoch": 1, "cursor": 25600, "train_count": 120355, "steps": 200, "loss": [0.9791306257247925, 0.12078508734703064, 0.8583455681800842], "lr": 0.001, "grad_norm": 1.3835477828979492, "time": 1790348365.1547725, "seconds_this_epoch": 20.45117491669953}
{"event": "TRAIN", "epoch": 1, "cursor": 38400, "train_count": 120355, "steps": 300, "loss": [0.8405874967575073, 0.12686750292778015, 0.7137199640274048], "lr": 0.001, "grad_norm": 3.5358657836914062, "time": 1790348374.2681708, "seconds_this_epoch": 29.564573174342513}
{"event": "TRAIN", "epoch": 1, "cursor": 51200, "train_count": 120355, "steps": 400, "loss": [0.705841064453125, 0.143462136387825, 0.5623789429664612], "lr": 0.001, "grad_norm": 1.6541804075241089, "time": 1790348383.4394557, "seconds_this_epoch": 38.735858615487814}
{"event": "TRAIN", "epoch": 1, "cursor": 64000, "train_count": 120355, "steps": 500, "loss": [0.7535252571105957, 0.09286078810691833, 0.660664439201355], "lr": 0.001, "grad_norm": 0.8668098449707031, "time": 1790348391.9448907, "seconds_this_epoch": 47.24129321239889}
{"event": "TRAIN", "epoch": 1, "cursor": 76800, "train_count": 120355, "steps": 600, "loss": [0.5080091953277588, 0.08999843895435333, 0.41801074147224426], "lr": 0.001, "grad_norm": 2.8537254333496094, "time": 1790348400.5038977, "seconds_this_epoch": 55.80030008777976}
{"event": "TRAIN", "epoch": 1, "cursor": 89600, "train_count": 120355, "steps": 700, "loss": [0.8825384974479675, 0.08276009559631348, 0.799778401851654], "lr": 0.001, "grad_norm": 1.561441421508789, "time": 1790348408.9890735, "seconds_this_epoch": 64.28547610901296}
{"event": "TRAIN", "epoch": 1, "cursor": 102400, "train_count": 120355, "steps": 800, "loss": [0.8844004273414612, 0.08236628770828247, 0.8020341396331787], "lr": 0.001, "grad_norm": 1.914430022239685, "time": 1790348417.5324347, "seconds_this_epoch": 72.82883729971945}
{"event": "TRAIN", "epoch": 1, "cursor": 115200, "train_count": 120355, "steps": 900, "loss": [0.5495434999465942, 0.07245516777038574, 0.4770883321762085], "lr": 0.001, "grad_norm": 0.6249958872795105, "time": 1790348425.9897518, "seconds_this_epoch": 81.28615472838283}
{"epoch": 1, "train": [0.9485410848982605, 0.16515577375055582, 0.7833853098309227], "val": [0.7963427307004526, 0.09479688715513973, 0.7015458489477082], "lr": 0.001, "best_val": 0.7963427307004526, "best_epoch": 1, "seconds": 87.57276456803083, "steps": 941, "peak_memory_bytes": 3161250816, "time": 1790348432.2765996}
{"event": "TRAIN", "epoch": 2, "cursor": 7552, "train_count": 120355, "steps": 1000, "loss": [0.7814741134643555, 0.08062361925840378, 0.7008504867553711], "lr": 0.001, "grad_norm": 1.3163565397262573, "time": 1790348437.1522872, "seconds_this_epoch": 4.800947045907378}
{"event": "TRAIN", "epoch": 2, "cursor": 20352, "train_count": 120355, "steps": 1100, "loss": [0.5664314031600952, 0.06408055126667023, 0.5023508667945862], "lr": 0.001, "grad_norm": 0.5585499405860901, "time": 1790348445.6344335, "seconds_this_epoch": 13.283093620091677}
{"event": "TRAIN", "epoch": 2, "cursor": 33152, "train_count": 120355, "steps": 1200, "loss": [0.6980951428413391, 0.06664659827947617, 0.6314485669136047], "lr": 0.001, "grad_norm": 0.8001169562339783, "time": 1790348453.9765406, "seconds_this_epoch": 21.62520087324083}
{"event": "TRAIN", "epoch": 2, "cursor": 45952, "train_count": 120355, "steps": 1300, "loss": [1.2323155403137207, 0.09405416250228882, 1.138261318206787], "lr": 0.001, "grad_norm": 1.1724889278411865, "time": 1790348462.3809142, "seconds_this_epoch": 30.029574355110526}
{"event": "TRAIN", "epoch": 2, "cursor": 58752, "train_count": 120355, "steps": 1400, "loss": [0.8561517000198364, 0.09029893577098846, 0.7658527493476868], "lr": 0.001, "grad_norm": 1.7432504892349243, "time": 1790348470.8322754, "seconds_this_epoch": 38.48093543201685}
{"event": "TRAIN", "epoch": 2, "cursor": 71552, "train_count": 120355, "steps": 1500, "loss": [1.3721469640731812, 0.08004163950681686, 1.2921053171157837], "lr": 0.001, "grad_norm": 1.7022054195404053, "time": 1790348479.287119, "seconds_this_epoch": 46.93577894568443}
{"event": "TRAIN", "epoch": 2, "cursor": 84352, "train_count": 120355, "steps": 1600, "loss": [0.6715560555458069, 0.05981253460049629, 0.6117435097694397], "lr": 0.001, "grad_norm": 1.0686891078948975, "time": 1790348487.660143, "seconds_this_epoch": 55.3088032156229}
{"event": "TRAIN", "epoch": 2, "cursor": 97152, "train_count": 120355, "steps": 1700, "loss": [0.6789489984512329, 0.06510701030492783, 0.6138420104980469], "lr": 0.001, "grad_norm": 0.8722217679023743, "time": 1790348496.0727365, "seconds_this_epoch": 63.72139682434499}
{"event": "TRAIN", "epoch": 2, "cursor": 109952, "train_count": 120355, "steps": 1800, "loss": [0.832919716835022, 0.08910813182592392, 0.7438116073608398], "lr": 0.001, "grad_norm": 4.149386405944824, "time": 1790348504.524728, "seconds_this_epoch": 72.17338799498975}
{"epoch": 2, "train": [0.7778357089504306, 0.0810996979593879, 0.6967360113749778], "val": [0.7454725186909668, 0.08552511008314269, 0.6599474058442225], "lr": 0.001, "best_val": 0.7454725186909668, "best_epoch": 2, "seconds": 80.9539785515517, "steps": 1882, "peak_memory_bytes": 3169775616, "time": 1790348513.3056595}
{"event": "TRAIN", "epoch": 3, "cursor": 2304, "train_count": 120355, "steps": 1900, "loss": [0.6932016015052795, 0.07240813970565796, 0.6207934617996216], "lr": 0.001, "grad_norm": 0.8223599195480347, "time": 1790348514.8710384, "seconds_this_epoch": 1.4805755782872438}
{"event": "TRAIN", "epoch": 3, "cursor": 15104, "train_count": 120355, "steps": 2000, "loss": [1.0466455221176147, 0.07770981639623642, 0.9689356684684753], "lr": 0.001, "grad_norm": 1.8437585830688477, "time": 1790348523.561628, "seconds_this_epoch": 10.17116491124034}
{"event": "TRAIN", "epoch": 3, "cursor": 27904, "train_count": 120355, "steps": 2100, "loss": [0.6456271409988403, 0.06406661868095398, 0.581560492515564], "lr": 0.001, "grad_norm": 0.760760486125946, "time": 1790348532.1183667, "seconds_this_epoch": 18.727902989834547}
{"event": "TRAIN", "epoch": 3, "cursor": 40704, "train_count": 120355, "steps": 2200, "loss": [1.129560112953186, 0.06143709272146225, 1.0681229829788208], "lr": 0.001, "grad_norm": 2.3318841457366943, "time": 1790348540.6581945, "seconds_this_epoch": 27.26773119159043}
{"event": "TRAIN", "epoch": 3, "cursor": 53504, "train_count": 120355, "steps": 2300, "loss": [0.7820225954055786, 0.11475183069705963, 0.6672707796096802], "lr": 0.001, "grad_norm": 1.7299883365631104, "time": 1790348549.195055, "seconds_this_epoch": 35.804591584950686}
{"event": "TRAIN", "epoch": 3, "cursor": 66304, "train_count": 120355, "steps": 2400, "loss": [0.6790334582328796, 0.07197128981351852, 0.6070621609687805], "lr": 0.001, "grad_norm": 1.7916446924209595, "time": 1790348557.673122, "seconds_this_epoch": 44.28265860490501}
{"event": "TRAIN", "epoch": 3, "cursor": 79104, "train_count": 120355, "steps": 2500, "loss": [0.5655631422996521, 0.055357273668050766, 0.510205864906311], "lr": 0.001, "grad_norm": 0.7593063712120056, "time": 1790348566.3614256, "seconds_this_epoch": 52.970962123945355}
{"event": "TRAIN", "epoch": 3, "cursor": 91904, "train_count": 120355, "steps": 2600, "loss": [0.5547287464141846, 0.09089689701795578, 0.4638318419456482], "lr": 0.001, "grad_norm": 1.6833992004394531, "time": 1790348574.9231088, "seconds_this_epoch": 61.53264527954161}
{"event": "TRAIN", "epoch": 3, "cursor": 104704, "train_count": 120355, "steps": 2700, "loss": [0.6415216326713562, 0.05258121341466904, 0.588940441608429], "lr": 0.001, "grad_norm": 0.724034309387207, "time": 1790348583.4620037, "seconds_this_epoch": 70.07154023647308}
{"event": "TRAIN", "epoch": 3, "cursor": 117504, "train_count": 120355, "steps": 2800, "loss": [0.4453705847263336, 0.057280950248241425, 0.3880896270275116], "lr": 0.001, "grad_norm": 0.9600171446800232, "time": 1790348591.9516227, "seconds_this_epoch": 78.56115911528468}
{"epoch": 3, "train": [0.7283588631865956, 0.07117732073024492, 0.6571815416560424], "val": [0.6757923490873469, 0.05623648668027302, 0.6195558626923489], "lr": 0.001, "best_val": 0.6757923490873469, "best_epoch": 3, "seconds": 81.74703669920564, "steps": 2823, "peak_memory_bytes": 3169775616, "time": 1790348595.1377535}
{"event": "TRAIN", "epoch": 4, "cursor": 9856, "train_count": 120355, "steps": 2900, "loss": [0.814285933971405, 0.06229592487215996, 0.751990020275116], "lr": 0.001, "grad_norm": 1.5361281633377075, "time": 1790348601.8920703, "seconds_this_epoch": 6.675138793885708}
{"event": "TRAIN", "epoch": 4, "cursor": 22656, "train_count": 120355, "steps": 3000, "loss": [0.5769062042236328, 0.06525193899869919, 0.511654257774353], "lr": 0.001, "grad_norm": 1.743428111076355, "time": 1790348611.1329937, "seconds_this_epoch": 15.916062105447054}
{"event": "TRAIN", "epoch": 4, "cursor": 35456, "train_count": 120355, "steps": 3100, "loss": [0.5609009265899658, 0.04102465510368347, 0.5198763012886047], "lr": 0.001, "grad_norm": 0.7628297805786133, "time": 1790348620.0751677, "seconds_this_epoch": 24.858236210420728}
{"event": "TRAIN", "epoch": 4, "cursor": 48256, "train_count": 120355, "steps": 3200, "loss": [0.6891918182373047, 0.05919165536761284, 0.6300001740455627], "lr": 0.001, "grad_norm": 1.2977803945541382, "time": 1790348629.0023723, "seconds_this_epoch": 33.78544108197093}
{"event": "TRAIN", "epoch": 4, "cursor": 61056, "train_count": 120355, "steps": 3300, "loss": [0.4823282063007355, 0.05754750594496727, 0.4247806966304779], "lr": 0.001, "grad_norm": 0.7407136559486389, "time": 1790348637.9892914, "seconds_this_epoch": 42.77235994488001}
{"event": "TRAIN", "epoch": 4, "cursor": 73856, "train_count": 120355, "steps": 3400, "loss": [0.574810266494751, 0.05596989020705223, 0.5188403725624084], "lr": 0.001, "grad_norm": 0.684113085269928, "time": 1790348646.83863, "seconds_this_epoch": 51.621698416769505}
{"event": "TRAIN", "epoch": 4, "cursor": 86656, "train_count": 120355, "steps": 3500, "loss": [0.5324937105178833, 0.05391792207956314, 0.47857576608657837], "lr": 0.001, "grad_norm": 0.8589894771575928, "time": 1790348655.6756809, "seconds_this_epoch": 60.45874894596636}
{"event": "TRAIN", "epoch": 4, "cursor": 99456, "train_count": 120355, "steps": 3600, "loss": [0.553758978843689, 0.055864691734313965, 0.4978943169116974], "lr": 0.001, "grad_norm": 0.7987247705459595, "time": 1790348664.5591567, "seconds_this_epoch": 69.34222508594394}
{"event": "TRAIN", "epoch": 4, "cursor": 112256, "train_count": 120355, "steps": 3700, "loss": [0.4372576177120209, 0.05112728476524353, 0.38613033294677734], "lr": 0.001, "grad_norm": 0.9967015981674194, "time": 1790348673.5614545, "seconds_this_epoch": 78.34452341869473}
{"epoch": 4, "train": [0.6994045614681178, 0.06396375288746922, 0.6354408095545696], "val": [0.6538774583855326, 0.05647184839513963, 0.5974056087066555], "lr": 0.001, "best_val": 0.6538774583855326, "best_epoch": 4, "seconds": 85.28617173433304, "steps": 3764, "peak_memory_bytes": 3169775616, "time": 1790348680.5034153}
{"event": "TRAIN", "epoch": 5, "cursor": 4608, "train_count": 120355, "steps": 3800, "loss": [0.6207931041717529, 0.07273133844137192, 0.5480617880821228], "lr": 0.001, "grad_norm": 1.3643876314163208, "time": 1790348683.6231952, "seconds_this_epoch": 3.0330056324601173}
{"event": "TRAIN", "epoch": 5, "cursor": 17408, "train_count": 120355, "steps": 3900, "loss": [0.5995298027992249, 0.06962038576602936, 0.5299094319343567], "lr": 0.001, "grad_norm": 0.948623538017273, "time": 1790348692.5294323, "seconds_this_epoch": 11.93924280628562}
{"event": "TRAIN", "epoch": 5, "cursor": 30208, "train_count": 120355, "steps": 4000, "loss": [0.6999383568763733, 0.06422834098339081, 0.6357100009918213], "lr": 0.001, "grad_norm": 0.973973274230957, "time": 1790348701.449479, "seconds_this_epoch": 20.859289908781648}
{"event": "TRAIN", "epoch": 5, "cursor": 43008, "train_count": 120355, "steps": 4100, "loss": [0.5806044340133667, 0.057922303676605225, 0.5226821303367615], "lr": 0.001, "grad_norm": 0.7976458668708801, "time": 1790348710.4065242, "seconds_this_epoch": 29.81633472070098}
{"event": "TRAIN", "epoch": 5, "cursor": 55808, "train_count": 120355, "steps": 4200, "loss": [0.8111048936843872, 0.058248091489076614, 0.7528567910194397], "lr": 0.001, "grad_norm": 1.2572568655014038, "time": 1790348719.2946, "seconds_this_epoch": 38.7044106926769}
{"event": "TRAIN", "epoch": 5, "cursor": 68608, "train_count": 120355, "steps": 4300, "loss": [0.9583032727241516, 0.057765018194913864, 0.9005382657051086], "lr": 0.001, "grad_norm": 1.2846314907073975, "time": 1790348728.111654, "seconds_this_epoch": 47.5214645601809}
{"event": "TRAIN", "epoch": 5, "cursor": 81408, "train_count": 120355, "steps": 4400, "loss": [0.6321228742599487, 0.05301472544670105, 0.5791081786155701], "lr": 0.001, "grad_norm": 1.0571473836898804, "time": 1790348737.100215, "seconds_this_epoch": 56.510025694966316}
{"event": "TRAIN", "epoch": 5, "cursor": 94208, "train_count": 120355, "steps": 4500, "loss": [0.6315880417823792, 0.05642399564385414, 0.5751640200614929], "lr": 0.001, "grad_norm": 1.0101070404052734, "time": 1790348746.0924733, "seconds_this_epoch": 65.50228391960263}
{"event": "TRAIN", "epoch": 5, "cursor": 107008, "train_count": 120355, "steps": 4600, "loss": [0.6310392022132874, 0.058967676013708115, 0.5720715522766113], "lr": 0.001, "grad_norm": 1.2226448059082031, "time": 1790348755.1927404, "seconds_this_epoch": 74.6025506965816}
{"event": "TRAIN", "epoch": 5, "cursor": 119808, "train_count": 120355, "steps": 4700, "loss": [0.4712098240852356, 0.07894418388605118, 0.392265647649765], "lr": 0.001, "grad_norm": 1.0882129669189453, "time": 1790348764.1112285, "seconds_this_epoch": 83.52103900909424}
{"epoch": 5, "train": [0.6687087852975367, 0.060194283292600695, 0.6085145018190972], "val": [0.6787276832849866, 0.054888988741136686, 0.6238386984039772], "lr": 0.001, "best_val": 0.6538774583855326, "best_epoch": 4, "seconds": 85.21154094859958, "steps": 4705, "peak_memory_bytes": 3169775616, "time": 1790348765.8020902}
{"event": "TRAIN", "epoch": 6, "cursor": 12160, "train_count": 120355, "steps": 4800, "loss": [0.6976236701011658, 0.05805964767932892, 0.639564037322998], "lr": 0.001, "grad_norm": 1.1820578575134277, "time": 1790348774.365369, "seconds_this_epoch": 8.475355561822653}
{"event": "TRAIN", "epoch": 6, "cursor": 24960, "train_count": 120355, "steps": 4900, "loss": [0.45823386311531067, 0.04996075481176376, 0.4082731008529663], "lr": 0.001, "grad_norm": 0.6276567578315735, "time": 1790348783.4373236, "seconds_this_epoch": 17.547310234978795}
{"event": "TRAIN", "epoch": 6, "cursor": 37760, "train_count": 120355, "steps": 5000, "loss": [0.6336967945098877, 0.05293212831020355, 0.580764651298523], "lr": 0.001, "grad_norm": 0.8157682418823242, "time": 1790348792.326294, "seconds_this_epoch": 26.436280641704798}
{"event": "TRAIN", "epoch": 6, "cursor": 50560, "train_count": 120355, "steps": 5100, "loss": [0.6734166145324707, 0.04614816606044769, 0.6272684335708618], "lr": 0.001, "grad_norm": 0.8224852681159973, "time": 1790348801.206868, "seconds_this_epoch": 35.31685456633568}
{"event": "TRAIN", "epoch": 6, "cursor": 63360, "train_count": 120355, "steps": 5200, "loss": [0.5537118315696716, 0.049162283539772034, 0.5045495629310608], "lr": 0.001, "grad_norm": 0.9345544576644897, "time": 1790348810.1602798, "seconds_this_epoch": 44.27026627399027}
{"event": "TRAIN", "epoch": 6, "cursor": 76160, "train_count": 120355, "steps": 5300, "loss": [0.6240016222000122, 0.06294690072536469, 0.5610547065734863], "lr": 0.001, "grad_norm": 0.8506689667701721, "time": 1790348819.1139321, "seconds_this_epoch": 53.22391922585666}
{"event": "TRAIN", "epoch": 6, "cursor": 88960, "train_count": 120355, "steps": 5400, "loss": [0.9434188604354858, 0.06444524973630905, 0.8789736032485962], "lr": 0.001, "grad_norm": 1.612889051437378, "time": 1790348828.018803, "seconds_this_epoch": 62.12878937833011}
{"event": "TRAIN", "epoch": 6, "cursor": 101760, "train_count": 120355, "steps": 5500, "loss": [0.46684160828590393, 0.04889238625764847, 0.41794922947883606], "lr": 0.001, "grad_norm": 0.5812473297119141, "time": 1790348836.9055748, "seconds_this_epoch": 71.01556160487235}
{"event": "TRAIN", "epoch": 6, "cursor": 114560, "train_count": 120355, "steps": 5600, "loss": [0.4870336055755615, 0.042078204452991486, 0.44495540857315063], "lr": 0.001, "grad_norm": 0.6319671273231506, "time": 1790348845.8321576, "seconds_this_epoch": 79.9421445261687}
{"epoch": 6, "train": [0.6415708713720973, 0.05613934762794779, 0.5854315232942856], "val": [0.8847592595163448, 0.05631323407019394, 0.8284460305811009], "lr": 0.001, "best_val": 0.6538774583855326, "best_epoch": 4, "seconds": 85.30276231840253, "steps": 5646, "peak_memory_bytes": 3174928384, "time": 1790348851.1931472}
{"event": "TRAIN", "epoch": 7, "cursor": 6912, "train_count": 120355, "steps": 5700, "loss": [0.5689229965209961, 0.054312512278556824, 0.5146104693412781], "lr": 0.001, "grad_norm": 0.7996217012405396, "time": 1790348855.9686167, "seconds_this_epoch": 4.687416475266218}
{"event": "TRAIN", "epoch": 7, "cursor": 19712, "train_count": 120355, "steps": 5800, "loss": [0.5873305201530457, 0.05025596544146538, 0.5370745658874512], "lr": 0.001, "grad_norm": 0.984965443611145, "time": 1790348864.9705303, "seconds_this_epoch": 13.689329762011766}
{"event": "TRAIN", "epoch": 7, "cursor": 32512, "train_count": 120355, "steps": 5900, "loss": [0.5765559673309326, 0.04751158505678177, 0.5290443897247314], "lr": 0.001, "grad_norm": 0.8250988721847534, "time": 1790348873.8788114, "seconds_this_epoch": 22.597611032426357}
{"event": "TRAIN", "epoch": 7, "cursor": 45312, "train_count": 120355, "steps": 6000, "loss": [0.5642954707145691, 0.05513663962483406, 0.5091588497161865], "lr": 0.001, "grad_norm": 0.6778659820556641, "time": 1790348882.8917072, "seconds_this_epoch": 31.610507333651185}
{"event": "TRAIN", "epoch": 7, "cursor": 58112, "train_count": 120355, "steps": 6100, "loss": [0.43985581398010254, 0.042573653161525726, 0.3972821533679962], "lr": 0.001, "grad_norm": 0.8296103477478027, "time": 1790348891.8889887, "seconds_this_epoch": 40.607788398861885}
{"event": "TRAIN", "epoch": 7, "cursor": 70912, "train_count": 120355, "steps": 6200, "loss": [1.8363345861434937, 0.05675455182790756, 1.779579997062683], "lr": 0.001, "grad_norm": 8.401920318603516, "time": 1790348900.9002082, "seconds_this_epoch": 49.61900799162686}
{"event": "TRAIN", "epoch": 7, "cursor": 83712, "train_count": 120355, "steps": 6300, "loss": [0.5610753893852234, 0.05045190081000328, 0.5106235146522522], "lr": 0.001, "grad_norm": 1.173019528388977, "time": 1790348910.013465, "seconds_this_epoch": 58.73226438648999}
{"event": "TRAIN", "epoch": 7, "cursor": 96512, "train_count": 120355, "steps": 6400, "loss": [0.5597663521766663, 0.047718945890665054, 0.5120474100112915], "lr": 0.001, "grad_norm": 0.995955228805542, "time": 1790348918.8830671, "seconds_this_epoch": 67.60186725482345}
{"event": "TRAIN", "epoch": 7, "cursor": 109312, "train_count": 120355, "steps": 6500, "loss": [0.5182517766952515, 0.04894049093127251, 0.46931126713752747], "lr": 0.001, "grad_norm": 0.8901131749153137, "time": 1790348927.8197703, "seconds_this_epoch": 76.53857011161745}
{"epoch": 7, "train": [0.623350248218281, 0.054291239135506826, 0.5690590089185401], "val": [0.619678024578123, 0.05357444372820419, 0.5661035796464149], "lr": 0.001, "best_val": 0.619678024578123, "best_epoch": 7, "seconds": 85.49504617974162, "steps": 6587, "peak_memory_bytes": 3180328448, "time": 1790348936.7765646}
{"event": "TRAIN", "epoch": 8, "cursor": 1664, "train_count": 120355, "steps": 6600, "loss": [0.5725615620613098, 0.05543946847319603, 0.5171220898628235], "lr": 0.001, "grad_norm": 1.1623539924621582, "time": 1790348937.8853724, "seconds_this_epoch": 1.0236746221780777}
{"event": "TRAIN", "epoch": 8, "cursor": 14464, "train_count": 120355, "steps": 6700, "loss": [0.6412339210510254, 0.05836588144302368, 0.5828680396080017], "lr": 0.001, "grad_norm": 1.2052983045578003, "time": 1790348946.8430212, "seconds_this_epoch": 9.98132331110537}
{"event": "TRAIN", "epoch": 8, "cursor": 27264, "train_count": 120355, "steps": 6800, "loss": [0.6167676448822021, 0.042569536715745926, 0.5741981267929077], "lr": 0.001, "grad_norm": 2.295140266418457, "time": 1790348955.8037372, "seconds_this_epoch": 18.94203957170248}
{"event": "TRAIN", "epoch": 8, "cursor": 40064, "train_count": 120355, "steps": 6900, "loss": [0.6653212308883667, 0.04994123801589012, 0.6153799891471863], "lr": 0.001, "grad_norm": 0.923220157623291, "time": 1790348964.742681, "seconds_this_epoch": 27.880983056500554}
{"event": "TRAIN", "epoch": 8, "cursor": 52864, "train_count": 120355, "steps": 7000, "loss": [0.517645001411438, 0.04673439636826515, 0.47091060876846313], "lr": 0.001, "grad_norm": 0.8944984674453735, "time": 1790348973.6277053, "seconds_this_epoch": 36.766007950529456}
{"event": "TRAIN", "epoch": 8, "cursor": 65664, "train_count": 120355, "steps": 7100, "loss": [0.43436092138290405, 0.051335111260414124, 0.3830258250236511], "lr": 0.001, "grad_norm": 1.1119892597198486, "time": 1790348982.5837932, "seconds_this_epoch": 45.72209506481886}
{"event": "TRAIN", "epoch": 8, "cursor": 78464, "train_count": 120355, "steps": 7200, "loss": [0.44895291328430176, 0.04331331327557564, 0.4056395888328552], "lr": 0.001, "grad_norm": 0.6037631034851074, "time": 1790348991.373733, "seconds_this_epoch": 54.512035535648465}
{"event": "TRAIN", "epoch": 8, "cursor": 91264, "train_count": 120355, "steps": 7300, "loss": [0.5387793779373169, 0.04975380003452301, 0.4890255928039551], "lr": 0.001, "grad_norm": 0.6988839507102966, "time": 1790349000.5259297, "seconds_this_epoch": 63.664232186973095}
{"event": "TRAIN", "epoch": 8, "cursor": 104064, "train_count": 120355, "steps": 7400, "loss": [0.43009212613105774, 0.042704466730356216, 0.3873876631259918], "lr": 0.001, "grad_norm": 0.7246090173721313, "time": 1790349009.5762403, "seconds_this_epoch": 72.71454257331789}
{"event": "TRAIN", "epoch": 8, "cursor": 116864, "train_count": 120355, "steps": 7500, "loss": [0.5905633568763733, 0.057791080325841904, 0.5327723026275635], "lr": 0.001, "grad_norm": 1.034693956375122, "time": 1790349018.6702945, "seconds_this_epoch": 81.80859686434269}
{"epoch": 8, "train": [0.6006017388723403, 0.05167759419166028, 0.5489241440222581], "val": [0.7279208177155162, 0.06288572773225928, 0.6650350932550045], "lr": 0.001, "best_val": 0.619678024578123, "best_epoch": 7, "seconds": 85.5674464199692, "steps": 7528, "peak_memory_bytes": 3180328448, "time": 1790349022.4294868}
{"event": "TRAIN", "epoch": 9, "cursor": 9216, "train_count": 120355, "steps": 7600, "loss": [0.4558747410774231, 0.05275361239910126, 0.40312111377716064], "lr": 0.001, "grad_norm": 0.8817013502120972, "time": 1790349028.9739873, "seconds_this_epoch": 6.4570468328893185}
{"event": "TRAIN", "epoch": 9, "cursor": 22016, "train_count": 120355, "steps": 7700, "loss": [0.5402555465698242, 0.0659106969833374, 0.47434481978416443], "lr": 0.001, "grad_norm": 1.1251801252365112, "time": 1790349038.107105, "seconds_this_epoch": 15.5901647079736}
{"event": "TRAIN", "epoch": 9, "cursor": 34816, "train_count": 120355, "steps": 7800, "loss": [0.3440885841846466, 0.046559788286685944, 0.29752880334854126], "lr": 0.001, "grad_norm": 0.6326532363891602, "time": 1790349046.8395267, "seconds_this_epoch": 24.32258658669889}
{"event": "TRAIN", "epoch": 9, "cursor": 47616, "train_count": 120355, "steps": 7900, "loss": [0.8128420114517212, 0.04963396117091179, 0.7632080316543579], "lr": 0.001, "grad_norm": 1.14437735080719, "time": 1790349055.5571258, "seconds_this_epoch": 33.04018579609692}
{"event": "TRAIN", "epoch": 9, "cursor": 60416, "train_count": 120355, "steps": 8000, "loss": [0.8195907473564148, 0.04630979523062706, 0.7732809782028198], "lr": 0.001, "grad_norm": 1.2829322814941406, "time": 1790349064.7111018, "seconds_this_epoch": 42.19416141882539}
{"event": "TRAIN", "epoch": 9, "cursor": 73216, "train_count": 120355, "steps": 8100, "loss": [0.6134799718856812, 0.051558926701545715, 0.5619210600852966], "lr": 0.001, "grad_norm": 1.437463402748108, "time": 1790349073.315431, "seconds_this_epoch": 50.79849090054631}
{"event": "TRAIN", "epoch": 9, "cursor": 86016, "train_count": 120355, "steps": 8200, "loss": [0.5257247090339661, 0.047396376729011536, 0.47832831740379333], "lr": 0.001, "grad_norm": 0.5757004022598267, "time": 1790349082.2734513, "seconds_this_epoch": 59.756510904058814}
{"event": "TRAIN", "epoch": 9, "cursor": 98816, "train_count": 120355, "steps": 8300, "loss": [0.711031973361969, 0.04318331554532051, 0.6678486466407776], "lr": 0.001, "grad_norm": 1.3142292499542236, "time": 1790349091.3083866, "seconds_this_epoch": 68.79144635610282}
{"event": "TRAIN", "epoch": 9, "cursor": 111616, "train_count": 120355, "steps": 8400, "loss": [0.5303311347961426, 0.055972468107938766, 0.4743586480617523], "lr": 0.001, "grad_norm": 1.2874529361724854, "time": 1790349100.3768756, "seconds_this_epoch": 77.85993526689708}
{"epoch": 9, "train": [0.5902167800401781, 0.05008161835489139, 0.5401351619420998], "val": [0.6069732125990055, 0.0463726799171769, 0.5606005341215758], "lr": 0.001, "best_val": 0.6069732125990055, "best_epoch": 9, "seconds": 85.41141072101891, "steps": 8469, "peak_memory_bytes": 3190080000, "time": 1790349107.9285793}
{"event": "TRAIN", "epoch": 10, "cursor": 3968, "train_count": 120355, "steps": 8500, "loss": [0.5933751463890076, 0.04264236241579056, 0.5507327914237976], "lr": 0.001, "grad_norm": 0.9965153932571411, "time": 1790349110.694603, "seconds_this_epoch": 2.680833498016}
{"event": "TRAIN", "epoch": 10, "cursor": 16768, "train_count": 120355, "steps": 8600, "loss": [0.455384224653244, 0.044179242104291916, 0.411204993724823], "lr": 0.001, "grad_norm": 0.7170668840408325, "time": 1790349119.846226, "seconds_this_epoch": 11.832456829026341}
{"event": "TRAIN", "epoch": 10, "cursor": 29568, "train_count": 120355, "steps": 8700, "loss": [0.5821410417556763, 0.042982857674360275, 0.5391581654548645], "lr": 0.001, "grad_norm": 0.8157346844673157, "time": 1790349128.9876518, "seconds_this_epoch": 20.973882541060448}
{"event": "TRAIN", "epoch": 10, "cursor": 42368, "train_count": 120355, "steps": 8800, "loss": [0.5634608864784241, 0.05089809000492096, 0.5125628113746643], "lr": 0.001, "grad_norm": 1.183770775794983, "time": 1790349138.1872256, "seconds_this_epoch": 30.173456102609634}
{"event": "TRAIN", "epoch": 10, "cursor": 55168, "train_count": 120355, "steps": 8900, "loss": [0.4968123733997345, 0.040200263261795044, 0.45661211013793945], "lr": 0.001, "grad_norm": 1.2824488878250122, "time": 1790349146.8512967, "seconds_this_epoch": 38.83752744086087}
{"event": "TRAIN", "epoch": 10, "cursor": 67968, "train_count": 120355, "steps": 9000, "loss": [0.5670981407165527, 0.05233216658234596, 0.5147659778594971], "lr": 0.001, "grad_norm": 1.1713279485702515, "time": 1790349155.2833598, "seconds_this_epoch": 47.26959046535194}
{"event": "TRAIN", "epoch": 10, "cursor": 80768, "train_count": 120355, "steps": 9100, "loss": [0.746856689453125, 0.048564065247774124, 0.69829261302948], "lr": 0.001, "grad_norm": 5.0031609535217285, "time": 1790349163.6973147, "seconds_this_epoch": 55.68354529701173}
{"event": "TRAIN", "epoch": 10, "cursor": 93568, "train_count": 120355, "steps": 9200, "loss": [0.5657555460929871, 0.06332825869321823, 0.5024272799491882], "lr": 0.001, "grad_norm": 1.1537483930587769, "time": 1790349172.2222974, "seconds_this_epoch": 64.20852808654308}
{"event": "TRAIN", "epoch": 10, "cursor": 106368, "train_count": 120355, "steps": 9300, "loss": [0.5266406536102295, 0.043029218912124634, 0.48361146450042725], "lr": 0.001, "grad_norm": 0.920678436756134, "time": 1790349180.737966, "seconds_this_epoch": 72.72419675439596}
{"event": "TRAIN", "epoch": 10, "cursor": 119168, "train_count": 120355, "steps": 9400, "loss": [0.6051821112632751, 0.0513523705303669, 0.5538297295570374], "lr": 0.001, "grad_norm": 1.2515510320663452, "time": 1790349189.0402286, "seconds_this_epoch": 81.02645891159773}
{"epoch": 10, "train": [0.5705326240502784, 0.049801370623037834, 0.5207312541936868], "val": [0.6412029634005575, 0.04720846718027318, 0.5939944875193969], "lr": 0.001, "best_val": 0.6069732125990055, "best_epoch": 9, "seconds": 83.04809316061437, "steps": 9410, "peak_memory_bytes": 3190080000, "time": 1790349191.0621154}
{"event": "TRAIN", "epoch": 11, "cursor": 11520, "train_count": 120355, "steps": 9500, "loss": [0.6570757031440735, 0.04597938060760498, 0.6110963225364685], "lr": 0.001, "grad_norm": 0.9926822185516357, "time": 1790349198.635439, "seconds_this_epoch": 7.486103143543005}
{"event": "TRAIN", "epoch": 11, "cursor": 24320, "train_count": 120355, "steps": 9600, "loss": [0.5628076195716858, 0.04024137929081917, 0.5225662589073181], "lr": 0.001, "grad_norm": 0.9992685317993164, "time": 1790349207.1957467, "seconds_this_epoch": 16.04641145095229}
{"event": "TRAIN", "epoch": 11, "cursor": 37120, "train_count": 120355, "steps": 9700, "loss": [0.5776900053024292, 0.06570693105459213, 0.5119830965995789], "lr": 0.001, "grad_norm": 1.3918451070785522, "time": 1790349215.7577322, "seconds_this_epoch": 24.60839657485485}
{"event": "TRAIN", "epoch": 11, "cursor": 49920, "train_count": 120355, "steps": 9800, "loss": [0.5431443452835083, 0.05211516097187996, 0.49102917313575745], "lr": 0.001, "grad_norm": 1.300563931465149, "time": 1790349224.233453, "seconds_this_epoch": 33.08411774598062}
{"event": "TRAIN", "epoch": 11, "cursor": 62720, "train_count": 120355, "steps": 9900, "loss": [0.6055448055267334, 0.04020223766565323, 0.5653425455093384], "lr": 0.001, "grad_norm": 0.8492982983589172, "time": 1790349232.6599698, "seconds_this_epoch": 41.51063467375934}
{"event": "TRAIN", "epoch": 11, "cursor": 75520, "train_count": 120355, "steps": 10000, "loss": [0.48475679755210876, 0.047976523637771606, 0.43678027391433716], "lr": 0.001, "grad_norm": 0.9820678234100342, "time": 1790349241.2472446, "seconds_this_epoch": 50.09790914691985}
{"event": "TRAIN", "epoch": 11, "cursor": 88320, "train_count": 120355, "steps": 10100, "loss": [0.43754929304122925, 0.044989898800849915, 0.3925594091415405], "lr": 0.001, "grad_norm": 0.7761456370353699, "time": 1790349250.2933896, "seconds_this_epoch": 59.144054071977735}
{"event": "TRAIN", "epoch": 11, "cursor": 101120, "train_count": 120355, "steps": 10200, "loss": [0.4878581762313843, 0.058151427656412125, 0.42970675230026245], "lr": 0.001, "grad_norm": 1.0995978116989136, "time": 1790349259.1982796, "seconds_this_epoch": 68.04894406348467}
{"event": "TRAIN", "epoch": 11, "cursor": 113920, "train_count": 120355, "steps": 10300, "loss": [0.4964250922203064, 0.04425693303346634, 0.45216816663742065], "lr": 0.001, "grad_norm": 0.974283754825592, "time": 1790349268.144257, "seconds_this_epoch": 76.99492177180946}
{"epoch": 11, "train": [0.5590544471380782, 0.04810845565302639, 0.5109459907996392], "val": [0.6381339871737189, 0.04748523356562919, 0.590648758208149], "lr": 0.001, "best_val": 0.6069732125990055, "best_epoch": 9, "seconds": 82.81672931835055, "steps": 10351, "peak_memory_bytes": 3190080000, "time": 1790349273.9663217}
{"event": "TRAIN", "epoch": 12, "cursor": 6272, "train_count": 120355, "steps": 10400, "loss": [0.42681771516799927, 0.04686984792351723, 0.37994787096977234], "lr": 0.001, "grad_norm": 0.708096981048584, "time": 1790349278.4316814, "seconds_this_epoch": 4.378621658310294}
{"event": "TRAIN", "epoch": 12, "cursor": 19072, "train_count": 120355, "steps": 10500, "loss": [0.42755189538002014, 0.0394638366997242, 0.38808804750442505], "lr": 0.001, "grad_norm": 0.7680467963218689, "time": 1790349287.763589, "seconds_this_epoch": 13.710529481992126}
{"event": "TRAIN", "epoch": 12, "cursor": 31872, "train_count": 120355, "steps": 10600, "loss": [0.47599050402641296, 0.03850937634706497, 0.4374811351299286], "lr": 0.001, "grad_norm": 1.3373106718063354, "time": 1790349296.6985123, "seconds_this_epoch": 22.64545290917158}
{"event": "TRAIN", "epoch": 12, "cursor": 44672, "train_count": 120355, "steps": 10700, "loss": [0.4628547430038452, 0.05029917135834694, 0.4125555753707886], "lr": 0.001, "grad_norm": 0.684766948223114, "time": 1790349305.7479937, "seconds_this_epoch": 31.694934273138642}
{"event": "TRAIN", "epoch": 12, "cursor": 57472, "train_count": 120355, "steps": 10800, "loss": [0.6303524971008301, 0.045488134026527405, 0.5848643779754639], "lr": 0.001, "grad_norm": 1.556383728981018, "time": 1790349314.7283611, "seconds_this_epoch": 40.675301710143685}
{"event": "TRAIN", "epoch": 12, "cursor": 70272, "train_count": 120355, "steps": 10900, "loss": [0.6801408529281616, 0.046357061713933945, 0.6337838172912598], "lr": 0.001, "grad_norm": 4.218235492706299, "time": 1790349323.8753963, "seconds_this_epoch": 49.822337314486504}
{"event": "TRAIN", "epoch": 12, "cursor": 83072, "train_count": 120355, "steps": 11000, "loss": [0.3945171535015106, 0.048485517501831055, 0.34603163599967957], "lr": 0.001, "grad_norm": 0.6783886551856995, "time": 1790349332.8441677, "seconds_this_epoch": 58.791107846423984}
{"event": "TRAIN", "epoch": 12, "cursor": 95872, "train_count": 120355, "steps": 11100, "loss": [0.6266295909881592, 0.053007517009973526, 0.5736220479011536], "lr": 0.001, "grad_norm": 1.20057213306427, "time": 1790349341.899653, "seconds_this_epoch": 67.84659337997437}
{"event": "TRAIN", "epoch": 12, "cursor": 108672, "train_count": 120355, "steps": 11200, "loss": [0.3797178864479065, 0.0376441553235054, 0.3420737385749817], "lr": 0.001, "grad_norm": 0.7401590347290039, "time": 1790349350.926207, "seconds_this_epoch": 76.87314715050161}
{"epoch": 12, "train": [0.5433547315616948, 0.046587236314779214, 0.49676749472861564], "val": [0.7438042325385844, 0.05256863000362247, 0.6912355971771409], "lr": 0.001, "best_val": 0.6069732125990055, "best_epoch": 9, "seconds": 86.43628934957087, "steps": 11292, "peak_memory_bytes": 3190080000, "time": 1790349360.4895833}
{"event": "TRAIN", "epoch": 13, "cursor": 1024, "train_count": 120355, "steps": 11300, "loss": [0.5876115560531616, 0.04848942905664444, 0.5391221046447754], "lr": 0.001, "grad_norm": 1.1210734844207764, "time": 1790349361.1967568, "seconds_this_epoch": 0.6211487594991922}
{"event": "TRAIN", "epoch": 13, "cursor": 13824, "train_count": 120355, "steps": 11400, "loss": [0.40905672311782837, 0.04302772134542465, 0.3660289943218231], "lr": 0.001, "grad_norm": 0.6642484664916992, "time": 1790349370.3048162, "seconds_this_epoch": 9.72920842282474}
{"event": "TRAIN", "epoch": 13, "cursor": 26624, "train_count": 120355, "steps": 11500, "loss": [0.5345139503479004, 0.044974714517593384, 0.4895392656326294], "lr": 0.001, "grad_norm": 0.8442279696464539, "time": 1790349379.4976165, "seconds_this_epoch": 18.92200879752636}
{"event": "TRAIN", "epoch": 13, "cursor": 39424, "train_count": 120355, "steps": 11600, "loss": [0.4145897626876831, 0.04286601021885872, 0.3717237412929535], "lr": 0.001, "grad_norm": 0.5835456252098083, "time": 1790349388.5308652, "seconds_this_epoch": 27.955257585272193}
{"event": "TRAIN", "epoch": 13, "cursor": 52224, "train_count": 120355, "steps": 11700, "loss": [0.40783005952835083, 0.042051270604133606, 0.3657788038253784], "lr": 0.001, "grad_norm": 0.9839982390403748, "time": 1790349397.4022686, "seconds_this_epoch": 36.826660845428705}
{"event": "TRAIN", "epoch": 13, "cursor": 65024, "train_count": 120355, "steps": 11800, "loss": [0.431608647108078, 0.048830896615982056, 0.38277775049209595], "lr": 0.001, "grad_norm": 0.5603803992271423, "time": 1790349406.3496737, "seconds_this_epoch": 45.77406606823206}
{"event": "TRAIN", "epoch": 13, "cursor": 77824, "train_count": 120355, "steps": 11900, "loss": [0.528690755367279, 0.04650823399424553, 0.48218250274658203], "lr": 0.001, "grad_norm": 0.9080348610877991, "time": 1790349415.1955118, "seconds_this_epoch": 54.61990365758538}
{"event": "TRAIN", "epoch": 13, "cursor": 90624, "train_count": 120355, "steps": 12000, "loss": [0.8871371150016785, 0.049186453223228455, 0.8379506468772888], "lr": 0.001, "grad_norm": 1.9023059606552124, "time": 1790349423.6767433, "seconds_this_epoch": 63.10113568790257}
{"event": "TRAIN", "epoch": 13, "cursor": 103424, "train_count": 120355, "steps": 12100, "loss": [0.6044522523880005, 0.04420095309615135, 0.5602512955665588], "lr": 0.001, "grad_norm": 1.395903468132019, "time": 1790349432.165182, "seconds_this_epoch": 71.58957452513278}
{"event": "TRAIN", "epoch": 13, "cursor": 116224, "train_count": 120355, "steps": 12200, "loss": [0.6449424028396606, 0.04209231585264206, 0.602850079536438], "lr": 0.001, "grad_norm": 1.4224376678466797, "time": 1790349440.6699808, "seconds_this_epoch": 80.09437288716435}
{"epoch": 13, "train": [0.5304080181878356, 0.044898604249505786, 0.48550941351369215], "val": [0.6455963413194022, 0.04743391716690645, 0.5981624202388794], "lr": 0.001, "best_val": 0.6069732125990055, "best_epoch": 9, "seconds": 84.14052410051227, "steps": 12233, "peak_memory_bytes": 3190080000, "time": 1790349444.7163763}
{"event": "TRAIN", "epoch": 14, "cursor": 8576, "train_count": 120355, "steps": 12300, "loss": [0.49092647433280945, 0.04942776635289192, 0.44149869680404663], "lr": 0.001, "grad_norm": 1.148274540901184, "time": 1790349450.4389675, "seconds_this_epoch": 5.636606298387051}
{"event": "TRAIN", "epoch": 14, "cursor": 21376, "train_count": 120355, "steps": 12400, "loss": [0.6449397206306458, 0.04537607729434967, 0.5995636582374573], "lr": 0.001, "grad_norm": 1.2239978313446045, "time": 1790349459.5017836, "seconds_this_epoch": 14.699423359706998}
{"event": "TRAIN", "epoch": 14, "cursor": 34176, "train_count": 120355, "steps": 12500, "loss": [0.5289793610572815, 0.03780659660696983, 0.49117279052734375], "lr": 0.001, "grad_norm": 0.9325180649757385, "time": 1790349468.445795, "seconds_this_epoch": 23.64343403466046}
{"event": "TRAIN", "epoch": 14, "cursor": 46976, "train_count": 120355, "steps": 12600, "loss": [0.46563440561294556, 0.041586246341466904, 0.42404815554618835], "lr": 0.001, "grad_norm": 0.9906877279281616, "time": 1790349477.5036128, "seconds_this_epoch": 32.701251761987805}
{"event": "TRAIN", "epoch": 14, "cursor": 59776, "train_count": 120355, "steps": 12700, "loss": [0.5275299549102783, 0.043810006231069565, 0.48371994495391846], "lr": 0.001, "grad_norm": 0.8950532078742981, "time": 1790349486.3695803, "seconds_this_epoch": 41.56721909157932}
{"event": "TRAIN", "epoch": 14, "cursor": 72576, "train_count": 120355, "steps": 12800, "loss": [0.6324539184570312, 0.042993634939193726, 0.5894602537155151], "lr": 0.001, "grad_norm": 8.928439140319824, "time": 1790349495.467432, "seconds_this_epoch": 50.665071215480566}
{"event": "TRAIN", "epoch": 14, "cursor": 85376, "train_count": 120355, "steps": 12900, "loss": [0.3821554481983185, 0.04174785688519478, 0.3404075801372528], "lr": 0.001, "grad_norm": 1.0489062070846558, "time": 1790349504.4525723, "seconds_this_epoch": 59.65021138638258}
{"event": "TRAIN", "epoch": 14, "cursor": 98176, "train_count": 120355, "steps": 13000, "loss": [0.4253239929676056, 0.03716504946351051, 0.3881589472293854], "lr": 0.001, "grad_norm": 0.8910777568817139, "time": 1790349513.5810812, "seconds_this_epoch": 68.77872070297599}
{"event": "TRAIN", "epoch": 14, "cursor": 110976, "train_count": 120355, "steps": 13100, "loss": [0.4560820460319519, 0.04529457911849022, 0.4107874631881714], "lr": 0.001, "grad_norm": 1.0687384605407715, "time": 1790349522.4406757, "seconds_this_epoch": 77.63831450790167}
{"epoch": 14, "train": [0.5211191974090928, 0.04467559381725162, 0.4764436042876848], "val": [0.6780797866444156, 0.04712513935198657, 0.6309546415512697], "lr": 0.001, "best_val": 0.6069732125990055, "best_epoch": 9, "seconds": 85.17075794562697, "steps": 13174, "peak_memory_bytes": 3190080000, "time": 1790349529.9733553}
{"event": "TRAIN", "epoch": 15, "cursor": 3328, "train_count": 120355, "steps": 13200, "loss": [0.43091338872909546, 0.043630149215459824, 0.38728323578834534], "lr": 0.001, "grad_norm": 0.7739889025688171, "time": 1790349532.181125, "seconds_this_epoch": 2.1217826642096043}
{"event": "TRAIN", "epoch": 15, "cursor": 16128, "train_count": 120355, "steps": 13300, "loss": [0.37075111269950867, 0.03557276353240013, 0.33517834544181824], "lr": 0.001, "grad_norm": 0.6793655157089233, "time": 1790349541.2755857, "seconds_this_epoch": 11.216243175789714}
{"event": "TRAIN", "epoch": 15, "cursor": 28928, "train_count": 120355, "steps": 13400, "loss": [0.8191184997558594, 0.05091407895088196, 0.7682044506072998], "lr": 0.001, "grad_norm": 3.295703411102295, "time": 1790349550.3437493, "seconds_this_epoch": 20.284407429397106}
{"event": "TRAIN", "epoch": 15, "cursor": 41728, "train_count": 120355, "steps": 13500, "loss": [1.4162368774414062, 0.05012310668826103, 1.3661137819290161], "lr": 0.001, "grad_norm": 10.045781135559082, "time": 1790349559.4901242, "seconds_this_epoch": 29.43078201264143}
{"event": "TRAIN", "epoch": 15, "cursor": 54528, "train_count": 120355, "steps": 13600, "loss": [0.558855414390564, 0.04572203755378723, 0.5131334066390991], "lr": 0.001, "grad_norm": 1.2545924186706543, "time": 1790349568.3501315, "seconds_this_epoch": 38.29078936763108}
{"event": "TRAIN", "epoch": 15, "cursor": 67328, "train_count": 120355, "steps": 13700, "loss": [0.4581315219402313, 0.04136613756418228, 0.41676539182662964], "lr": 0.001, "grad_norm": 0.9250771403312683, "time": 1790349577.2937117, "seconds_this_epoch": 47.2343694511801}
{"event": "TRAIN", "epoch": 15, "cursor": 80128, "train_count": 120355, "steps": 13800, "loss": [0.4766874611377716, 0.04493962973356247, 0.43174782395362854], "lr": 0.001, "grad_norm": 1.394620418548584, "time": 1790349586.3604193, "seconds_this_epoch": 56.30107694864273}
{"event": "TRAIN", "epoch": 15, "cursor": 92928, "train_count": 120355, "steps": 13900, "loss": [0.5686195492744446, 0.04781879484653473, 0.520800769329071], "lr": 0.001, "grad_norm": 1.11501145362854, "time": 1790349595.3762553, "seconds_this_epoch": 65.31691260077059}
{"event": "TRAIN", "epoch": 15, "cursor": 105728, "train_count": 120355, "steps": 14000, "loss": [0.4561659097671509, 0.058482374995946884, 0.3976835310459137], "lr": 0.001, "grad_norm": 0.7142900824546814, "time": 1790349604.3359234, "seconds_this_epoch": 74.27658106945455}
{"event": "TRAIN", "epoch": 15, "cursor": 118528, "train_count": 120355, "steps": 14100, "loss": [0.6433629989624023, 0.05146756023168564, 0.5918954610824585], "lr": 0.001, "grad_norm": 1.1245710849761963, "time": 1790349613.3379643, "seconds_this_epoch": 83.2786221485585}
{"epoch": 15, "train": [0.5115082358195713, 0.044163437007404195, 0.4673447987509429], "val": [0.6810935388736798, 0.05011369924041778, 0.6309798407476176], "lr": 0.001, "best_val": 0.6069732125990055, "best_epoch": 9, "seconds": 85.69193569757044, "steps": 14115, "peak_memory_bytes": 3190080000, "time": 1790349615.7515252}
{"event": "TRAIN", "epoch": 16, "cursor": 10880, "train_count": 120355, "steps": 14200, "loss": [0.7940660119056702, 0.04635997861623764, 0.7477060556411743], "lr": 0.001, "grad_norm": 2.4641342163085938, "time": 1790349622.8830178, "seconds_this_epoch": 7.0453018713742495}
{"event": "TRAIN", "epoch": 16, "cursor": 23680, "train_count": 120355, "steps": 14300, "loss": [0.3408242464065552, 0.03887932002544403, 0.30194491147994995], "lr": 0.001, "grad_norm": 0.7322375774383545, "time": 1790349631.8445764, "seconds_this_epoch": 16.00686004757881}
{"event": "TRAIN", "epoch": 16, "cursor": 36480, "train_count": 120355, "steps": 14400, "loss": [0.4438829720020294, 0.03985151648521423, 0.4040314555168152], "lr": 0.001, "grad_norm": 0.6556905508041382, "time": 1790349640.821388, "seconds_this_epoch": 24.983671739697456}
{"event": "TRAIN", "epoch": 16, "cursor": 49280, "train_count": 120355, "steps": 14500, "loss": [0.38380807638168335, 0.037003204226493835, 0.3468048870563507], "lr": 0.001, "grad_norm": 0.9695025682449341, "time": 1790349649.7137125, "seconds_this_epoch": 33.875996340066195}
{"event": "TRAIN", "epoch": 16, "cursor": 62080, "train_count": 120355, "steps": 14600, "loss": [0.5860466361045837, 0.048375584185123444, 0.5376710295677185], "lr": 0.001, "grad_norm": 2.745836019515991, "time": 1790349658.69639, "seconds_this_epoch": 42.858673403039575}
{"event": "TRAIN", "epoch": 16, "cursor": 74880, "train_count": 120355, "steps": 14700, "loss": [0.5940582156181335, 0.054958950728178024, 0.5390992760658264], "lr": 0.001, "grad_norm": 1.233333945274353, "time": 1790349667.718109, "seconds_this_epoch": 51.88039279729128}
{"event": "TRAIN", "epoch": 16, "cursor": 87680, "train_count": 120355, "steps": 14800, "loss": [1.3508732318878174, 0.059381596744060516, 1.2914916276931763], "lr": 0.001, "grad_norm": 5.865423202514648, "time": 1790349676.8076396, "seconds_this_epoch": 60.969923570752144}
{"event": "TRAIN", "epoch": 16, "cursor": 100480, "train_count": 120355, "steps": 14900, "loss": [0.701448917388916, 0.05044729635119438, 0.6510016322135925], "lr": 0.001, "grad_norm": 1.6504205465316772, "time": 1790349685.8062546, "seconds_this_epoch": 69.96853852644563}
{"event": "TRAIN", "epoch": 16, "cursor": 113280, "train_count": 120355, "steps": 15000, "loss": [0.578906238079071, 0.04355601221323013, 0.5353502035140991], "lr": 0.001, "grad_norm": 1.440808892250061, "time": 1790349694.7211149, "seconds_this_epoch": 78.88339875079691}
{"epoch": 16, "train": [0.5042622368582651, 0.04363133804066706, 0.4606308985935637], "val": [0.5961121017263209, 0.04223201484727246, 0.5538800895267569], "lr": 0.001, "best_val": 0.5961121017263209, "best_epoch": 16, "seconds": 84.88720675744116, "steps": 15056, "peak_memory_bytes": 3190080000, "time": 1790349700.7251582}
{"event": "TRAIN", "epoch": 17, "cursor": 5632, "train_count": 120355, "steps": 15100, "loss": [0.4418920874595642, 0.040036771446466446, 0.40185531973838806], "lr": 0.001, "grad_norm": 0.8826479911804199, "time": 1790349704.4337158, "seconds_this_epoch": 3.623297831043601}
{"event": "TRAIN", "epoch": 17, "cursor": 18432, "train_count": 120355, "steps": 15200, "loss": [0.4874430298805237, 0.046085722744464874, 0.4413573145866394], "lr": 0.001, "grad_norm": 1.128108263015747, "time": 1790349713.4001076, "seconds_this_epoch": 12.589689752086997}
{"event": "TRAIN", "epoch": 17, "cursor": 31232, "train_count": 120355, "steps": 15300, "loss": [0.4025651812553406, 0.04123197868466377, 0.3613331913948059], "lr": 0.001, "grad_norm": 0.8848230242729187, "time": 1790349722.5995157, "seconds_this_epoch": 21.78909774310887}
{"event": "TRAIN", "epoch": 17, "cursor": 44032, "train_count": 120355, "steps": 15400, "loss": [0.4435391426086426, 0.03827540576457977, 0.405263751745224], "lr": 0.001, "grad_norm": 1.0850540399551392, "time": 1790349731.4930046, "seconds_this_epoch": 30.68258709460497}
{"event": "TRAIN", "epoch": 17, "cursor": 56832, "train_count": 120355, "steps": 15500, "loss": [0.45046213269233704, 0.04828565567731857, 0.40217646956443787], "lr": 0.001, "grad_norm": 1.3142507076263428, "time": 1790349740.4726217, "seconds_this_epoch": 39.66220389306545}
{"event": "TRAIN", "epoch": 17, "cursor": 69632, "train_count": 120355, "steps": 15600, "loss": [0.5136010050773621, 0.0428091436624527, 0.47079184651374817], "lr": 0.001, "grad_norm": 1.1401000022888184, "time": 1790349749.4565094, "seconds_this_epoch": 48.64609186537564}
{"event": "TRAIN", "epoch": 17, "cursor": 82432, "train_count": 120355, "steps": 15700, "loss": [0.6718788146972656, 0.03959919139742851, 0.632279634475708], "lr": 0.001, "grad_norm": 1.8835188150405884, "time": 1790349758.5911365, "seconds_this_epoch": 57.78071845509112}
{"event": "TRAIN", "epoch": 17, "cursor": 95232, "train_count": 120355, "steps": 15800, "loss": [0.35069888830184937, 0.052171047776937485, 0.2985278367996216], "lr": 0.001, "grad_norm": 1.0680184364318848, "time": 1790349767.11869, "seconds_this_epoch": 66.30827285163105}
{"event": "TRAIN", "epoch": 17, "cursor": 108032, "train_count": 120355, "steps": 15900, "loss": [0.7791881561279297, 0.0483526773750782, 0.730835497379303], "lr": 0.001, "grad_norm": 3.5580971240997314, "time": 1790349775.6745956, "seconds_this_epoch": 74.86417805217206}
{"epoch": 17, "train": [0.4903021654066073, 0.0426340911825422, 0.4476680735844004], "val": [0.7683742727450258, 0.04256123071689646, 0.7258130289500536], "lr": 0.001, "best_val": 0.5961121017263209, "best_epoch": 16, "seconds": 84.32385295629501, "steps": 15997, "peak_memory_bytes": 3190080000, "time": 1790349785.1345155}
{"event": "TRAIN", "epoch": 18, "cursor": 384, "train_count": 120355, "steps": 16000, "loss": [0.506819486618042, 0.040201738476753235, 0.46661773324012756], "lr": 0.001, "grad_norm": 0.75509113073349, "time": 1790349785.441472, "seconds_this_epoch": 0.22253274358808994}
{"event": "TRAIN", "epoch": 18, "cursor": 13184, "train_count": 120355, "steps": 16100, "loss": [0.548590898513794, 0.04721369594335556, 0.5013772249221802], "lr": 0.001, "grad_norm": 1.1113606691360474, "time": 1790349793.8521757, "seconds_this_epoch": 8.633236898109317}
{"event": "TRAIN", "epoch": 18, "cursor": 25984, "train_count": 120355, "steps": 16200, "loss": [0.7568973302841187, 0.14707109332084656, 0.6098262071609497], "lr": 0.001, "grad_norm": 1.7453675270080566, "time": 1790349802.35716, "seconds_this_epoch": 17.138221386820078}
{"event": "TRAIN", "epoch": 18, "cursor": 38784, "train_count": 120355, "steps": 16300, "loss": [0.7600757479667664, 0.04371447116136551, 0.7163612842559814], "lr": 0.001, "grad_norm": 4.874820709228516, "time": 1790349810.8744833, "seconds_this_epoch": 25.655544839799404}
{"event": "TRAIN", "epoch": 18, "cursor": 51584, "train_count": 120355, "steps": 16400, "loss": [0.5268812775611877, 0.038295064121484756, 0.4885861873626709], "lr": 0.001, "grad_norm": 1.345064401626587, "time": 1790349819.3619463, "seconds_this_epoch": 34.1430072709918}
{"event": "TRAIN", "epoch": 18, "cursor": 64384, "train_count": 120355, "steps": 16500, "loss": [0.5445952415466309, 0.043084174394607544, 0.5015110373497009], "lr": 0.001, "grad_norm": 1.5646164417266846, "time": 1790349828.0173314, "seconds_this_epoch": 42.798392463475466}
{"event": "TRAIN", "epoch": 18, "cursor": 77184, "train_count": 120355, "steps": 16600, "loss": [0.518779993057251, 0.05364476889371872, 0.46513521671295166], "lr": 0.001, "grad_norm": 0.976832389831543, "time": 1790349837.0843682, "seconds_this_epoch": 51.86542938835919}
{"event": "TRAIN", "epoch": 18, "cursor": 89984, "train_count": 120355, "steps": 16700, "loss": [0.4024083614349365, 0.035097744315862656, 0.36731061339378357], "lr": 0.001, "grad_norm": 0.8318811058998108, "time": 1790349845.6681378, "seconds_this_epoch": 60.449199149385095}
{"event": "TRAIN", "epoch": 18, "cursor": 102784, "train_count": 120355, "steps": 16800, "loss": [0.349953293800354, 0.037840619683265686, 0.3121126890182495], "lr": 0.001, "grad_norm": 0.5861583352088928, "time": 1790349854.1538265, "seconds_this_epoch": 68.93488748930395}
{"event": "TRAIN", "epoch": 18, "cursor": 115584, "train_count": 120355, "steps": 16900, "loss": [0.4128181040287018, 0.0422087199985981, 0.3706093728542328], "lr": 0.001, "grad_norm": 0.957855224609375, "time": 1790349862.2895453, "seconds_this_epoch": 77.0706063695252}
{"epoch": 18, "train": [0.4783150613924527, 0.04155978238361981, 0.43675527914966683], "val": [0.5685731540209799, 0.04562014401975307, 0.5229530114454315], "lr": 0.001, "best_val": 0.5685731540209799, "best_epoch": 18, "seconds": 81.62722660973668, "steps": 16938, "peak_memory_bytes": 3190080000, "time": 1790349866.8464072}
{"event": "TRAIN", "epoch": 19, "cursor": 7936, "train_count": 120355, "steps": 17000, "loss": [0.4154835045337677, 0.043119724839925766, 0.37236377596855164], "lr": 0.001, "grad_norm": 0.7569984793663025, "time": 1790349872.050094, "seconds_this_epoch": 5.120934884995222}
{"event": "TRAIN", "epoch": 19, "cursor": 20736, "train_count": 120355, "steps": 17100, "loss": [0.687434196472168, 0.04629427567124367, 0.6411399245262146], "lr": 0.001, "grad_norm": 1.2448245286941528, "time": 1790349880.8157756, "seconds_this_epoch": 13.886616762727499}
{"event": "TRAIN", "epoch": 19, "cursor": 33536, "train_count": 120355, "steps": 17200, "loss": [0.5379921793937683, 0.039915118366479874, 0.49807706475257874], "lr": 0.001, "grad_norm": 1.3212536573410034, "time": 1790349889.8698645, "seconds_this_epoch": 22.94070552289486}
{"event": "TRAIN", "epoch": 19, "cursor": 46336, "train_count": 120355, "steps": 17300, "loss": [0.6308184862136841, 0.042927857488393784, 0.587890625], "lr": 0.001, "grad_norm": 1.2059296369552612, "time": 1790349898.8644874, "seconds_this_epoch": 31.935328306630254}
{"event": "TRAIN", "epoch": 19, "cursor": 59136, "train_count": 120355, "steps": 17400, "loss": [0.4938962459564209, 0.042468197643756866, 0.45142805576324463], "lr": 0.001, "grad_norm": 1.052827000617981, "time": 1790349908.0223114, "seconds_this_epoch": 41.093152452260256}
{"event": "TRAIN", "epoch": 19, "cursor": 71936, "train_count": 120355, "steps": 17500, "loss": [0.3546752333641052, 0.04486732557415962, 0.3098078966140747], "lr": 0.001, "grad_norm": 0.8556246757507324, "time": 1790349917.1046398, "seconds_this_epoch": 50.1754810474813}
{"event": "TRAIN", "epoch": 19, "cursor": 84736, "train_count": 120355, "steps": 17600, "loss": [0.3588902950286865, 0.03566323220729828, 0.32322707772254944], "lr": 0.001, "grad_norm": 1.1323198080062866, "time": 1790349926.1353686, "seconds_this_epoch": 59.206209463998675}
{"event": "TRAIN", "epoch": 19, "cursor": 97536, "train_count": 120355, "steps": 17700, "loss": [0.46662014722824097, 0.04195274040102959, 0.4246674180030823], "lr": 0.001, "grad_norm": 0.7988512516021729, "time": 1790349935.1657712, "seconds_this_epoch": 68.23661226034164}
{"event": "TRAIN", "epoch": 19, "cursor": 110336, "train_count": 120355, "steps": 17800, "loss": [0.3780007064342499, 0.0366111658513546, 0.341389536857605], "lr": 0.001, "grad_norm": 0.9460541009902954, "time": 1790349944.1990993, "seconds_this_epoch": 77.2699409481138}
{"epoch": 19, "train": [0.4673764395907445, 0.04145438987391079, 0.425922049893325], "val": [0.6317139580475867, 0.042512940042859736, 0.5892010114166575], "lr": 0.001, "best_val": 0.5685731540209799, "best_epoch": 18, "seconds": 85.5397175885737, "steps": 17879, "peak_memory_bytes": 3190080000, "time": 1790349952.4691062}
{"event": "TRAIN", "epoch": 20, "cursor": 2688, "train_count": 120355, "steps": 17900, "loss": [0.5102463960647583, 0.03713884949684143, 0.4731075167655945], "lr": 0.001, "grad_norm": 1.566896915435791, "time": 1790349954.3318973, "seconds_this_epoch": 1.7766529563814402}
{"event": "TRAIN", "epoch": 20, "cursor": 15488, "train_count": 120355, "steps": 18000, "loss": [0.4528617858886719, 0.041348233819007874, 0.4115135669708252], "lr": 0.001, "grad_norm": 1.0176078081130981, "time": 1790349963.5084906, "seconds_this_epoch": 10.95324589498341}
{"event": "TRAIN", "epoch": 20, "cursor": 28288, "train_count": 120355, "steps": 18100, "loss": [0.381233811378479, 0.03677868843078613, 0.34445512294769287], "lr": 0.001, "grad_norm": 0.8786674737930298, "time": 1790349972.6326597, "seconds_this_epoch": 20.077415470033884}
{"event": "TRAIN", "epoch": 20, "cursor": 41088, "train_count": 120355, "steps": 18200, "loss": [0.4466937184333801, 0.050515927374362946, 0.3961777985095978], "lr": 0.001, "grad_norm": 1.0450230836868286, "time": 1790349981.5616372, "seconds_this_epoch": 29.006392773240805}
{"event": "TRAIN", "epoch": 20, "cursor": 53888, "train_count": 120355, "steps": 18300, "loss": [0.44604429602622986, 0.041599106043577194, 0.40444520115852356], "lr": 0.001, "grad_norm": 0.9983395338058472, "time": 1790349990.5620673, "seconds_this_epoch": 38.00682276301086}
{"event": "TRAIN", "epoch": 20, "cursor": 66688, "train_count": 120355, "steps": 18400, "loss": [0.4170430600643158, 0.0370158888399601, 0.380027174949646], "lr": 0.001, "grad_norm": 1.2213046550750732, "time": 1790349999.6225314, "seconds_this_epoch": 47.06728685088456}
{"event": "TRAIN", "epoch": 20, "cursor": 79488, "train_count": 120355, "steps": 18500, "loss": [0.37887313961982727, 0.03616652637720108, 0.3427066206932068], "lr": 0.001, "grad_norm": 0.741114616394043, "time": 1790350008.7484086, "seconds_this_epoch": 56.193164587020874}
{"event": "TRAIN", "epoch": 20, "cursor": 92288, "train_count": 120355, "steps": 18600, "loss": [0.6418195962905884, 0.044001366943120956, 0.5978182554244995], "lr": 0.001, "grad_norm": 1.852095603942871, "time": 1790350017.8595893, "seconds_this_epoch": 65.30434523522854}
{"event": "TRAIN", "epoch": 20, "cursor": 105088, "train_count": 120355, "steps": 18700, "loss": [0.43844595551490784, 0.04848560690879822, 0.3899603486061096], "lr": 0.001, "grad_norm": 0.8574462532997131, "time": 1790350026.8825743, "seconds_this_epoch": 74.32733001932502}
{"event": "TRAIN", "epoch": 20, "cursor": 117888, "train_count": 120355, "steps": 18800, "loss": [0.39769235253334045, 0.03788145259022713, 0.35981088876724243], "lr": 0.001, "grad_norm": 0.9850572943687439, "time": 1790350035.9457486, "seconds_this_epoch": 83.39050427265465}
{"epoch": 20, "train": [0.4578221695646281, 0.041178090366690075, 0.4166440793481506], "val": [0.5898970448610635, 0.044787521619765375, 0.5451095210125873], "lr": 0.001, "best_val": 0.5685731540209799, "best_epoch": 18, "seconds": 86.46745014749467, "steps": 18820, "peak_memory_bytes": 3190080000, "time": 1790350039.0229394}
{"event": "TRAIN", "epoch": 21, "cursor": 10240, "train_count": 120355, "steps": 18900, "loss": [0.35036951303482056, 0.04090963304042816, 0.3094598948955536], "lr": 0.001, "grad_norm": 0.7873656153678894, "time": 1790350046.3267443, "seconds_this_epoch": 7.217138655483723}
{"event": "TRAIN", "epoch": 21, "cursor": 23040, "train_count": 120355, "steps": 19000, "loss": [0.40372222661972046, 0.03842541575431824, 0.3652968108654022], "lr": 0.001, "grad_norm": 0.9903837442398071, "time": 1790350055.446537, "seconds_this_epoch": 16.336930479854345}
{"event": "TRAIN", "epoch": 21, "cursor": 35840, "train_count": 120355, "steps": 19100, "loss": [0.4432671070098877, 0.037423986941576004, 0.4058431088924408], "lr": 0.001, "grad_norm": 2.336350679397583, "time": 1790350064.5332637, "seconds_this_epoch": 25.42365774512291}
{"event": "TRAIN", "epoch": 21, "cursor": 48640, "train_count": 120355, "steps": 19200, "loss": [0.5951918363571167, 0.04743523523211479, 0.5477566123008728], "lr": 0.001, "grad_norm": 1.8214783668518066, "time": 1790350073.5858204, "seconds_this_epoch": 34.47621429339051}
{"event": "TRAIN", "epoch": 21, "cursor": 61440, "train_count": 120355, "steps": 19300, "loss": [0.31696581840515137, 0.03491503745317459, 0.2820507884025574], "lr": 0.001, "grad_norm": 0.9126800298690796, "time": 1790350082.7252169, "seconds_this_epoch": 43.6156105119735}
{"event": "TRAIN", "epoch": 21, "cursor": 74240, "train_count": 120355, "steps": 19400, "loss": [0.5669298768043518, 0.04299831762909889, 0.5239315629005432], "lr": 0.001, "grad_norm": 1.3772821426391602, "time": 1790350091.8011796, "seconds_this_epoch": 52.691573252901435}
{"event": "TRAIN", "epoch": 21, "cursor": 87040, "train_count": 120355, "steps": 19500, "loss": [0.3637598156929016, 0.040405645966529846, 0.32335415482521057], "lr": 0.001, "grad_norm": 0.6064116954803467, "time": 1790350100.596822, "seconds_this_epoch": 61.48721604980528}
{"event": "TRAIN", "epoch": 21, "cursor": 99840, "train_count": 120355, "steps": 19600, "loss": [0.6090492606163025, 0.0439014658331871, 0.5651478171348572], "lr": 0.001, "grad_norm": 1.800370216369629, "time": 1790350109.415206, "seconds_this_epoch": 70.3055997993797}
{"event": "TRAIN", "epoch": 21, "cursor": 112640, "train_count": 120355, "steps": 19700, "loss": [1.6972557306289673, 0.041299644857645035, 1.6559560298919678], "lr": 0.001, "grad_norm": 16.616657257080078, "time": 1790350118.5675132, "seconds_this_epoch": 79.45790739916265}
{"epoch": 21, "train": [0.4569663975246823, 0.04130718752882338, 0.41565921030959363], "val": [0.6630071845555284, 0.04713030052941038, 0.6158768819043853], "lr": 0.001, "best_val": 0.5685731540209799, "best_epoch": 18, "seconds": 86.259417867288, "steps": 19761, "peak_memory_bytes": 3190080000, "time": 1790350125.3692758}
{"event": "TRAIN", "epoch": 22, "cursor": 4992, "train_count": 120355, "steps": 19800, "loss": [0.41479068994522095, 0.037540290504693985, 0.37725040316581726], "lr": 0.001, "grad_norm": 1.4233295917510986, "time": 1790350128.8203413, "seconds_this_epoch": 3.3640756979584694}
{"event": "TRAIN", "epoch": 22, "cursor": 17792, "train_count": 120355, "steps": 19900, "loss": [0.3415808379650116, 0.033455681055784225, 0.30812516808509827], "lr": 0.001, "grad_norm": 0.7314215302467346, "time": 1790350137.8772008, "seconds_this_epoch": 12.420935444533825}
{"event": "TRAIN", "epoch": 22, "cursor": 30592, "train_count": 120355, "steps": 20000, "loss": [0.48800450563430786, 0.044146642088890076, 0.4438578486442566], "lr": 0.001, "grad_norm": 1.5616180896759033, "time": 1790350146.9882882, "seconds_this_epoch": 21.532022884115577}
{"event": "TRAIN", "epoch": 22, "cursor": 43392, "train_count": 120355, "steps": 20100, "loss": [0.5631254315376282, 0.04701858013868332, 0.5161068439483643], "lr": 0.001, "grad_norm": 1.863711953163147, "time": 1790350156.0049412, "seconds_this_epoch": 30.548675632104278}
{"event": "TRAIN", "epoch": 22, "cursor": 56192, "train_count": 120355, "steps": 20200, "loss": [0.3821859359741211, 0.03524596244096756, 0.34693998098373413], "lr": 0.001, "grad_norm": 0.8641086220741272, "time": 1790350164.8672113, "seconds_this_epoch": 39.41094579361379}
{"event": "TRAIN", "epoch": 22, "cursor": 68992, "train_count": 120355, "steps": 20300, "loss": [0.4696996808052063, 0.038027260452508926, 0.43167242407798767], "lr": 0.001, "grad_norm": 1.1637115478515625, "time": 1790350173.4719398, "seconds_this_epoch": 48.015673853456974}
{"event": "TRAIN", "epoch": 22, "cursor": 81792, "train_count": 120355, "steps": 20400, "loss": [0.2891746759414673, 0.03712105005979538, 0.2520536184310913], "lr": 0.001, "grad_norm": 0.7639182209968567, "time": 1790350182.019119, "seconds_this_epoch": 56.56285315565765}
{"event": "TRAIN", "epoch": 22, "cursor": 94592, "train_count": 120355, "steps": 20500, "loss": [0.45761337876319885, 0.037252575159072876, 0.420360803604126], "lr": 0.001, "grad_norm": 1.2731482982635498, "time": 1790350190.6688836, "seconds_this_epoch": 65.21261794492602}
{"event": "TRAIN", "epoch": 22, "cursor": 107392, "train_count": 120355, "steps": 20600, "loss": [0.4705609679222107, 0.04886005446314812, 0.42170092463493347], "lr": 0.001, "grad_norm": 1.2799359560012817, "time": 1790350199.7044706, "seconds_this_epoch": 74.24820511974394}
{"event": "TRAIN", "epoch": 22, "cursor": 120192, "train_count": 120355, "steps": 20700, "loss": [0.4174531400203705, 0.040610622614622116, 0.37684252858161926], "lr": 0.001, "grad_norm": 1.4232522249221802, "time": 1790350208.7606776, "seconds_this_epoch": 83.30441166833043}
{"epoch": 22, "train": [0.45386952562190713, 0.04128990213816452, 0.4125796230990957], "val": [0.6002326332948681, 0.04380717081935186, 0.5564254616820952], "lr": 0.001, "best_val": 0.5685731540209799, "best_epoch": 18, "seconds": 84.70770812407136, "steps": 20702, "peak_memory_bytes": 3190080000, "time": 1790350210.1642163}
{"event": "TRAIN", "epoch": 23, "cursor": 12544, "train_count": 120355, "steps": 20800, "loss": [0.5586119890213013, 0.04053427278995514, 0.5180777311325073], "lr": 0.001, "grad_norm": 1.0931951999664307, "time": 1790350219.1648648, "seconds_this_epoch": 8.913723228499293}
{"event": "TRAIN", "epoch": 23, "cursor": 25344, "train_count": 120355, "steps": 20900, "loss": [0.35829445719718933, 0.03988548740744591, 0.3184089660644531], "lr": 0.001, "grad_norm": 0.8146958947181702, "time": 1790350228.325756, "seconds_this_epoch": 18.074614480137825}
{"event": "TRAIN", "epoch": 23, "cursor": 38144, "train_count": 120355, "steps": 21000, "loss": [0.42824921011924744, 0.0460282526910305, 0.38222095370292664], "lr": 0.001, "grad_norm": 1.2509028911590576, "time": 1790350237.1403794, "seconds_this_epoch": 26.889237247407436}
{"event": "TRAIN", "epoch": 23, "cursor": 50944, "train_count": 120355, "steps": 21100, "loss": [0.3308505117893219, 0.04484817385673523, 0.28600233793258667], "lr": 0.001, "grad_norm": 0.8718960285186768, "time": 1790350245.5640633, "seconds_this_epoch": 35.312921181321144}
{"event": "TRAIN", "epoch": 23, "cursor": 63744, "train_count": 120355, "steps": 21200, "loss": [0.5460256934165955, 0.039701271802186966, 0.5063244104385376], "lr": 0.001, "grad_norm": 0.8626505732536316, "time": 1790350254.0927334, "seconds_this_epoch": 43.841592125594616}
{"event": "TRAIN", "epoch": 23, "cursor": 76544, "train_count": 120355, "steps": 21300, "loss": [0.4640079736709595, 0.03658287599682808, 0.4274250864982605], "lr": 0.001, "grad_norm": 1.0746175050735474, "time": 1790350262.6105247, "seconds_this_epoch": 52.35938264802098}
{"event": "TRAIN", "epoch": 23, "cursor": 89344, "train_count": 120355, "steps": 21400, "loss": [0.4200102984905243, 0.04486408084630966, 0.37514621019363403], "lr": 0.001, "grad_norm": 0.9535617232322693, "time": 1790350271.3414598, "seconds_this_epoch": 61.09031758457422}
{"event": "TRAIN", "epoch": 23, "cursor": 102144, "train_count": 120355, "steps": 21500, "loss": [0.7029433846473694, 0.04033155366778374, 0.6626118421554565], "lr": 0.001, "grad_norm": 2.0412909984588623, "time": 1790350280.383769, "seconds_this_epoch": 70.13262765295804}
{"event": "TRAIN", "epoch": 23, "cursor": 114944, "train_count": 120355, "steps": 21600, "loss": [0.4087642729282379, 0.03988554701209068, 0.36887872219085693], "lr": 0.001, "grad_norm": 0.8050994277000427, "time": 1790350289.4623072, "seconds_this_epoch": 79.21116583794355}
{"epoch": 23, "train": [0.4400241351093948, 0.04078636140437275, 0.399237773633336], "val": [0.704113890373739, 0.040839165743332295, 0.6632747254327426], "lr": 0.001, "best_val": 0.5685731540209799, "best_epoch": 18, "seconds": 84.28225847519934, "steps": 21643, "peak_memory_bytes": 3190080000, "time": 1790350294.5336382}
{"event": "TRAIN", "epoch": 24, "cursor": 7296, "train_count": 120355, "steps": 21700, "loss": [0.41761618852615356, 0.04219754412770271, 0.37541863322257996], "lr": 0.001, "grad_norm": 0.8371924757957458, "time": 1790350299.0925996, "seconds_this_epoch": 4.474403427913785}
{"event": "TRAIN", "epoch": 24, "cursor": 20096, "train_count": 120355, "steps": 21800, "loss": [0.397677481174469, 0.03734562546014786, 0.36033186316490173], "lr": 0.001, "grad_norm": 1.51383376121521, "time": 1790350307.4273548, "seconds_this_epoch": 12.809159107506275}
{"event": "TRAIN", "epoch": 24, "cursor": 32896, "train_count": 120355, "steps": 21900, "loss": [0.37286269664764404, 0.03723566234111786, 0.335627019405365], "lr": 0.001, "grad_norm": 0.802078902721405, "time": 1790350315.932213, "seconds_this_epoch": 21.314017560333014}
{"event": "TRAIN", "epoch": 24, "cursor": 45696, "train_count": 120355, "steps": 22000, "loss": [0.4610477089881897, 0.03870568424463272, 0.4223420321941376], "lr": 0.001, "grad_norm": 1.0758064985275269, "time": 1790350324.4341729, "seconds_this_epoch": 29.815977532416582}
{"event": "TRAIN", "epoch": 24, "cursor": 58496, "train_count": 120355, "steps": 22100, "loss": [0.45108842849731445, 0.04309968650341034, 0.4079887568950653], "lr": 0.001, "grad_norm": 1.380626916885376, "time": 1790350333.0351176, "seconds_this_epoch": 38.416922103613615}
{"event": "TRAIN", "epoch": 24, "cursor": 71296, "train_count": 120355, "steps": 22200, "loss": [0.39415442943573, 0.03649945557117462, 0.35765495896339417], "lr": 0.001, "grad_norm": 0.7239993810653687, "time": 1790350341.6316552, "seconds_this_epoch": 47.01345971040428}
{"event": "TRAIN", "epoch": 24, "cursor": 84096, "train_count": 120355, "steps": 22300, "loss": [0.4186837673187256, 0.04194598272442818, 0.3767377734184265], "lr": 0.001, "grad_norm": 1.363895058631897, "time": 1790350350.1644852, "seconds_this_epoch": 55.546289816498756}
{"event": "TRAIN", "epoch": 24, "cursor": 96896, "train_count": 120355, "steps": 22400, "loss": [0.44310614466667175, 0.037297483533620834, 0.4058086574077606], "lr": 0.001, "grad_norm": 1.2666620016098022, "time": 1790350358.734785, "seconds_this_epoch": 64.11658911965787}
{"event": "TRAIN", "epoch": 24, "cursor": 109696, "train_count": 120355, "steps": 22500, "loss": [0.425661563873291, 0.04061393067240715, 0.38504764437675476], "lr": 0.001, "grad_norm": 0.8620890378952026, "time": 1790350367.3300703, "seconds_this_epoch": 72.71187455765903}
{"epoch": 24, "train": [0.42332171581456185, 0.039405552230849336, 0.3839161632781183], "val": [0.5742282425255395, 0.041913518141102654, 0.5323147252759212], "lr": 0.001, "best_val": 0.5685731540209799, "best_epoch": 18, "seconds": 81.02662132680416, "steps": 22584, "peak_memory_bytes": 3190080000, "time": 1790350375.6450655}
{"event": "TRAIN", "epoch": 25, "cursor": 2048, "train_count": 120355, "steps": 22600, "loss": [0.5390529632568359, 0.0491730235517025, 0.4898799657821655], "lr": 0.001, "grad_norm": 2.8513264656066895, "time": 1790350376.966996, "seconds_this_epoch": 1.237231345847249}
{"event": "TRAIN", "epoch": 25, "cursor": 14848, "train_count": 120355, "steps": 22700, "loss": [0.38118284940719604, 0.040731530636548996, 0.34045132994651794], "lr": 0.001, "grad_norm": 0.8219767808914185, "time": 1790350385.5701134, "seconds_this_epoch": 9.840348957106471}
{"event": "TRAIN", "epoch": 25, "cursor": 27648, "train_count": 120355, "steps": 22800, "loss": [0.37579232454299927, 0.03949301317334175, 0.3362993001937866], "lr": 0.001, "grad_norm": 0.7668230533599854, "time": 1790350394.098194, "seconds_this_epoch": 18.368429746478796}
{"event": "TRAIN", "epoch": 25, "cursor": 40448, "train_count": 120355, "steps": 22900, "loss": [0.33598169684410095, 0.03642379865050316, 0.2995578944683075], "lr": 0.001, "grad_norm": 0.8188900351524353, "time": 1790350402.6723812, "seconds_this_epoch": 26.942617166787386}
{"event": "TRAIN", "epoch": 25, "cursor": 53248, "train_count": 120355, "steps": 23000, "loss": [0.3569158613681793, 0.04184464365243912, 0.3150712251663208], "lr": 0.001, "grad_norm": 1.2052158117294312, "time": 1790350411.2768767, "seconds_this_epoch": 35.5471129771322}
{"event": "TRAIN", "epoch": 25, "cursor": 66048, "train_count": 120355, "steps": 23100, "loss": [0.2862456440925598, 0.035959482192993164, 0.25028616189956665], "lr": 0.001, "grad_norm": 0.696646511554718, "time": 1790350419.93805, "seconds_this_epoch": 44.20828556641936}
{"event": "TRAIN", "epoch": 25, "cursor": 78848, "train_count": 120355, "steps": 23200, "loss": [0.34218278527259827, 0.03428570553660393, 0.30789709091186523], "lr": 0.001, "grad_norm": 0.9684176445007324, "time": 1790350429.0346737, "seconds_this_epoch": 53.304909106343985}
{"event": "TRAIN", "epoch": 25, "cursor": 91648, "train_count": 120355, "steps": 23300, "loss": [0.5534033179283142, 0.03834592178463936, 0.515057384967804], "lr": 0.001, "grad_norm": 4.17827033996582, "time": 1790350436.9047775, "seconds_this_epoch": 61.17501258663833}
{"event": "TRAIN", "epoch": 25, "cursor": 104448, "train_count": 120355, "steps": 23400, "loss": [0.5115121006965637, 0.045515671372413635, 0.4659964442253113], "lr": 0.001, "grad_norm": 0.8209056854248047, "time": 1790350445.576037, "seconds_this_epoch": 69.84627266600728}
{"event": "TRAIN", "epoch": 25, "cursor": 117248, "train_count": 120355, "steps": 23500, "loss": [0.2723757028579712, 0.04050410911440849, 0.2318716049194336], "lr": 0.001, "grad_norm": 0.7310670018196106, "time": 1790350454.604104, "seconds_this_epoch": 78.87433975562453}
{"epoch": 25, "train": [0.42711392227418055, 0.03994223627464053, 0.38717168625328874], "val": [0.691511396515915, 0.04007693320165093, 0.6514344649367656], "lr": 0.001, "best_val": 0.5685731540209799, "best_epoch": 18, "seconds": 82.34445181488991, "steps": 23525, "peak_memory_bytes": 3190080000, "time": 1790350458.0744586}
{"event": "TRAIN", "epoch": 26, "cursor": 9600, "train_count": 120355, "steps": 23600, "loss": [0.37003177404403687, 0.037500545382499695, 0.33253124356269836], "lr": 0.001, "grad_norm": 0.6652455925941467, "time": 1790350464.6792614, "seconds_this_epoch": 6.520433634519577}
{"event": "TRAIN", "epoch": 26, "cursor": 22400, "train_count": 120355, "steps": 23700, "loss": [0.36148756742477417, 0.042430244386196136, 0.31905731558799744], "lr": 0.001, "grad_norm": 0.7460137605667114, "time": 1790350473.0311024, "seconds_this_epoch": 14.872274497523904}
{"event": "TRAIN", "epoch": 26, "cursor": 35200, "train_count": 120355, "steps": 23800, "loss": [0.3765968680381775, 0.032946862280368805, 0.3436500132083893], "lr": 0.001, "grad_norm": 1.0744609832763672, "time": 1790350481.322581, "seconds_this_epoch": 23.163752984255552}
{"event": "TRAIN", "epoch": 26, "cursor": 48000, "train_count": 120355, "steps": 23900, "loss": [0.46716994047164917, 0.04877590015530586, 0.4183940291404724], "lr": 0.001, "grad_norm": 1.4914926290512085, "time": 1790350490.404928, "seconds_this_epoch": 32.24609997496009}
{"event": "TRAIN", "epoch": 26, "cursor": 60800, "train_count": 120355, "steps": 24000, "loss": [0.3479272425174713, 0.033100854605436325, 0.3148263990879059], "lr": 0.001, "grad_norm": 0.8802569508552551, "time": 1790350499.4120853, "seconds_this_epoch": 41.25325723178685}
{"event": "TRAIN", "epoch": 26, "cursor": 73600, "train_count": 120355, "steps": 24100, "loss": [0.3883374333381653, 0.043500058352947235, 0.34483736753463745], "lr": 0.001, "grad_norm": 0.8020732402801514, "time": 1790350508.53911, "seconds_this_epoch": 50.38028229214251}
{"event": "TRAIN", "epoch": 26, "cursor": 86400, "train_count": 120355, "steps": 24200, "loss": [1.1687088012695312, 0.04328388720750809, 1.125424861907959], "lr": 0.001, "grad_norm": 6.115843296051025, "time": 1790350517.547895, "seconds_this_epoch": 59.389067340642214}
{"event": "TRAIN", "epoch": 26, "cursor": 99200, "train_count": 120355, "steps": 24300, "loss": [0.32814255356788635, 0.03330982103943825, 0.2948327362537384], "lr": 0.001, "grad_norm": 1.2527879476547241, "time": 1790350526.4483855, "seconds_this_epoch": 68.28955763950944}
{"event": "TRAIN", "epoch": 26, "cursor": 112000, "train_count": 120355, "steps": 24400, "loss": [0.46006879210472107, 0.03916699439287186, 0.4209018051624298], "lr": 0.001, "grad_norm": 1.0689008235931396, "time": 1790350535.0535285, "seconds_this_epoch": 76.89470072090626}
{"epoch": 26, "train": [0.4157679459542144, 0.039836515828420474, 0.3759314304693978], "val": [0.5815909768591517, 0.04122908386219914, 0.5403618947710065], "lr": 0.001, "best_val": 0.5685731540209799, "best_epoch": 18, "seconds": 84.08974006026983, "steps": 24466, "peak_memory_bytes": 3190080000, "time": 1790350542.2488043}
{"event": "TRAIN", "epoch": 27, "cursor": 4352, "train_count": 120355, "steps": 24500, "loss": [0.3424237370491028, 0.03742705285549164, 0.30499666929244995], "lr": 0.001, "grad_norm": 1.059155821800232, "time": 1790350545.3066823, "seconds_this_epoch": 2.974193310365081}
{"event": "TRAIN", "epoch": 27, "cursor": 17152, "train_count": 120355, "steps": 24600, "loss": [0.37898409366607666, 0.037660613656044006, 0.34132346510887146], "lr": 0.001, "grad_norm": 0.7144190073013306, "time": 1790350554.119026, "seconds_this_epoch": 11.786535864695907}
{"event": "TRAIN", "epoch": 27, "cursor": 29952, "train_count": 120355, "steps": 24700, "loss": [0.328980416059494, 0.035636063665151596, 0.2933443486690521], "lr": 0.001, "grad_norm": 0.8056843876838684, "time": 1790350562.7009513, "seconds_this_epoch": 20.368461340665817}
{"event": "TRAIN", "epoch": 27, "cursor": 42752, "train_count": 120355, "steps": 24800, "loss": [0.44900625944137573, 0.04122532159090042, 0.4077809453010559], "lr": 0.001, "grad_norm": 1.8647282123565674, "time": 1790350571.2762816, "seconds_this_epoch": 28.943792136386037}
{"event": "TRAIN", "epoch": 27, "cursor": 55552, "train_count": 120355, "steps": 24900, "loss": [0.39161646366119385, 0.03967774286866188, 0.35193872451782227], "lr": 0.001, "grad_norm": 0.9719052314758301, "time": 1790350580.310296, "seconds_this_epoch": 37.977806182578206}
{"event": "TRAIN", "epoch": 27, "cursor": 68352, "train_count": 120355, "steps": 25000, "loss": [0.44943153858184814, 0.03564457595348358, 0.41378694772720337], "lr": 0.001, "grad_norm": 1.0489877462387085, "time": 1790350589.3188095, "seconds_this_epoch": 46.986320063471794}
{"event": "TRAIN", "epoch": 27, "cursor": 81152, "train_count": 120355, "steps": 25100, "loss": [0.5024061799049377, 0.038462262600660324, 0.4639438986778259], "lr": 0.001, "grad_norm": 1.0991973876953125, "time": 1790350598.3724954, "seconds_this_epoch": 56.04000536724925}
{"event": "TRAIN", "epoch": 27, "cursor": 93952, "train_count": 120355, "steps": 25200, "loss": [0.3672136068344116, 0.03536485135555267, 0.33184874057769775], "lr": 0.001, "grad_norm": 0.8765532970428467, "time": 1790350607.3810544, "seconds_this_epoch": 65.0485648997128}
{"event": "TRAIN", "epoch": 27, "cursor": 106752, "train_count": 120355, "steps": 25300, "loss": [0.2531840205192566, 0.03157970309257507, 0.22160430252552032], "lr": 0.001, "grad_norm": 0.5464749336242676, "time": 1790350616.2287965, "seconds_this_epoch": 73.89630642347038}
{"event": "TRAIN", "epoch": 27, "cursor": 119552, "train_count": 120355, "steps": 25400, "loss": [0.3774457573890686, 0.037318769842386246, 0.34012699127197266], "lr": 0.001, "grad_norm": 1.013076663017273, "time": 1790350624.9282615, "seconds_this_epoch": 82.59577266871929}
{"epoch": 27, "train": [0.4094629832848044, 0.03885146024191634, 0.37061152263066244], "val": [0.5693128143924459, 0.045282774972872857, 0.5240300418444105], "lr": 0.001, "best_val": 0.5685731540209799, "best_epoch": 18, "seconds": 84.4608842972666, "steps": 25407, "peak_memory_bytes": 3190080000, "time": 1790350626.793616}
{"event": "TRAIN", "epoch": 28, "cursor": 11904, "train_count": 120355, "steps": 25500, "loss": [0.3276793658733368, 0.03512845188379288, 0.2925509214401245], "lr": 0.001, "grad_norm": 0.9360709190368652, "time": 1790350635.1077263, "seconds_this_epoch": 8.230588121339679}
{"event": "TRAIN", "epoch": 28, "cursor": 24704, "train_count": 120355, "steps": 25600, "loss": [0.3537096679210663, 0.03765673562884331, 0.31605294346809387], "lr": 0.001, "grad_norm": 0.8334845304489136, "time": 1790350644.1623056, "seconds_this_epoch": 17.285167245194316}
{"event": "TRAIN", "epoch": 28, "cursor": 37504, "train_count": 120355, "steps": 25700, "loss": [0.44443488121032715, 0.03772282227873802, 0.40671205520629883], "lr": 0.001, "grad_norm": 1.0875840187072754, "time": 1790350652.8698046, "seconds_this_epoch": 25.992666257545352}
{"event": "TRAIN", "epoch": 28, "cursor": 50304, "train_count": 120355, "steps": 25800, "loss": [0.368172287940979, 0.03762102499604225, 0.33055126667022705], "lr": 0.001, "grad_norm": 1.2123026847839355, "time": 1790350661.4321473, "seconds_this_epoch": 34.55500875040889}
{"event": "TRAIN", "epoch": 28, "cursor": 63104, "train_count": 120355, "steps": 25900, "loss": [0.3936184048652649, 0.03861803188920021, 0.355000376701355], "lr": 0.001, "grad_norm": 0.8504157662391663, "time": 1790350670.4101021, "seconds_this_epoch": 43.53296379558742}
{"event": "TRAIN", "epoch": 28, "cursor": 75904, "train_count": 120355, "steps": 26000, "loss": [0.37404972314834595, 0.03667305409908295, 0.3373766839504242], "lr": 0.001, "grad_norm": 0.89885014295578, "time": 1790350679.3937693, "seconds_this_epoch": 52.516630586236715}
{"event": "TRAIN", "epoch": 28, "cursor": 88704, "train_count": 120355, "steps": 26100, "loss": [0.41132548451423645, 0.0364253856241703, 0.37490010261535645], "lr": 0.001, "grad_norm": 1.181015133857727, "time": 1790350688.4776242, "seconds_this_epoch": 61.60048552043736}
{"event": "TRAIN", "epoch": 28, "cursor": 101504, "train_count": 120355, "steps": 26200, "loss": [0.34299713373184204, 0.038777273148298264, 0.3042198717594147], "lr": 0.001, "grad_norm": 0.8256189823150635, "time": 1790350697.4065266, "seconds_this_epoch": 70.52938837371767}
{"event": "TRAIN", "epoch": 28, "cursor": 114304, "train_count": 120355, "steps": 26300, "loss": [0.4212658703327179, 0.03871173411607742, 0.38255414366722107], "lr": 0.001, "grad_norm": 1.1526684761047363, "time": 1790350706.4976015, "seconds_this_epoch": 79.62046283297241}
{"epoch": 28, "train": [0.398200309713878, 0.03828073435172715, 0.35991957522113116], "val": [0.5964733991942432, 0.03992893514503379, 0.5565444694248602], "lr": 0.001, "best_val": 0.5685731540209799, "best_epoch": 18, "seconds": 85.12699790671468, "steps": 26348, "peak_memory_bytes": 3190080000, "time": 1790350712.0043736}
{"event": "TRAIN", "epoch": 29, "cursor": 6656, "train_count": 120355, "steps": 26400, "loss": [0.29305779933929443, 0.03463427722454071, 0.2584235370159149], "lr": 0.001, "grad_norm": 0.5802751183509827, "time": 1790350716.6994743, "seconds_this_epoch": 4.61098599806428}
{"event": "TRAIN", "epoch": 29, "cursor": 19456, "train_count": 120355, "steps": 26500, "loss": [0.2699679434299469, 0.035480521619319916, 0.23448742926120758], "lr": 0.001, "grad_norm": 0.78834468126297, "time": 1790350725.7996242, "seconds_this_epoch": 13.711135910823941}
{"event": "TRAIN", "epoch": 29, "cursor": 32256, "train_count": 120355, "steps": 26600, "loss": [0.4228568375110626, 0.04122333601117134, 0.3816334903240204], "lr": 0.001, "grad_norm": 1.2948412895202637, "time": 1790350734.836697, "seconds_this_epoch": 22.748208951205015}
{"event": "TRAIN", "epoch": 29, "cursor": 45056, "train_count": 120355, "steps": 26700, "loss": [0.6112815141677856, 0.03618289530277252, 0.5750986337661743], "lr": 0.001, "grad_norm": 1.651458978652954, "time": 1790350743.8220856, "seconds_this_epoch": 31.733597073704004}
{"event": "TRAIN", "epoch": 29, "cursor": 57856, "train_count": 120355, "steps": 26800, "loss": [0.8293115496635437, 0.0322277806699276, 0.7970837950706482], "lr": 0.001, "grad_norm": 3.2237484455108643, "time": 1790350752.8070576, "seconds_this_epoch": 40.718569653108716}
{"event": "TRAIN", "epoch": 29, "cursor": 70656, "train_count": 120355, "steps": 26900, "loss": [0.42573681473731995, 0.04097658768296242, 0.3847602307796478], "lr": 0.001, "grad_norm": 1.7730588912963867, "time": 1790350761.8472576, "seconds_this_epoch": 49.75876946374774}
{"event": "TRAIN", "epoch": 29, "cursor": 83456, "train_count": 120355, "steps": 27000, "loss": [0.3830917775630951, 0.03686567023396492, 0.3462260961532593], "lr": 0.001, "grad_norm": 1.2315365076065063, "time": 1790350770.8739882, "seconds_this_epoch": 58.785499738529325}
{"event": "TRAIN", "epoch": 29, "cursor": 96256, "train_count": 120355, "steps": 27100, "loss": [0.35988137125968933, 0.036675792187452316, 0.3232055902481079], "lr": 0.001, "grad_norm": 0.7513021230697632, "time": 1790350779.9211395, "seconds_this_epoch": 67.83265126496553}
{"event": "TRAIN", "epoch": 29, "cursor": 109056, "train_count": 120355, "steps": 27200, "loss": [0.385397732257843, 0.04195481911301613, 0.3434429168701172], "lr": 0.001, "grad_norm": 1.4287821054458618, "time": 1790350788.8444796, "seconds_this_epoch": 76.75599102675915}
{"epoch": 29, "train": [0.3911130232954297, 0.03803949599593394, 0.3530735271475034], "val": [0.5749402296532423, 0.04148927242713812, 0.5334509618261636], "lr": 0.001, "best_val": 0.5685731540209799, "best_epoch": 18, "seconds": 86.181873742491, "steps": 27289, "peak_memory_bytes": 3190080000, "time": 1790350798.2706094}
{"event": "TRAIN", "epoch": 30, "cursor": 1408, "train_count": 120355, "steps": 27300, "loss": [0.41455960273742676, 0.039438702166080475, 0.3751209080219269], "lr": 0.001, "grad_norm": 0.831778347492218, "time": 1790350799.1400664, "seconds_this_epoch": 0.7849904652684927}
{"event": "TRAIN", "epoch": 30, "cursor": 14208, "train_count": 120355, "steps": 27400, "loss": [0.4716760516166687, 0.03300967067480087, 0.43866637349128723], "lr": 0.001, "grad_norm": 1.363756775856018, "time": 1790350808.2214746, "seconds_this_epoch": 9.866399409249425}
{"event": "TRAIN", "epoch": 30, "cursor": 27008, "train_count": 120355, "steps": 27500, "loss": [0.3275338411331177, 0.034709908068180084, 0.2928239405155182], "lr": 0.001, "grad_norm": 1.1722668409347534, "time": 1790350817.4249485, "seconds_this_epoch": 19.069872880354524}
{"event": "TRAIN", "epoch": 30, "cursor": 39808, "train_count": 120355, "steps": 27600, "loss": [0.6370103359222412, 0.03863018378615379, 0.5983801484107971], "lr": 0.001, "grad_norm": 2.269254446029663, "time": 1790350826.5259964, "seconds_this_epoch": 28.17092098109424}
{"event": "TRAIN", "epoch": 30, "cursor": 52608, "train_count": 120355, "steps": 27700, "loss": [0.325806200504303, 0.03453636169433594, 0.29126983880996704], "lr": 0.001, "grad_norm": 0.8277420997619629, "time": 1790350835.587838, "seconds_this_epoch": 37.23276221379638}
{"event": "TRAIN", "epoch": 30, "cursor": 65408, "train_count": 120355, "steps": 27800, "loss": [0.44245445728302, 0.03235979750752449, 0.41009464859962463], "lr": 0.001, "grad_norm": 2.0459959506988525, "time": 1790350844.6447175, "seconds_this_epoch": 46.28964235261083}
{"event": "TRAIN", "epoch": 30, "cursor": 78208, "train_count": 120355, "steps": 27900, "loss": [0.3066385090351105, 0.04086381569504738, 0.2657746970653534], "lr": 0.001, "grad_norm": 0.9197424650192261, "time": 1790350853.650158, "seconds_this_epoch": 55.2950825933367}
{"event": "TRAIN", "epoch": 30, "cursor": 91008, "train_count": 120355, "steps": 28000, "loss": [0.3124786913394928, 0.04144260659813881, 0.2710360884666443], "lr": 0.001, "grad_norm": 0.7876601219177246, "time": 1790350862.6541848, "seconds_this_epoch": 64.2991091106087}
{"event": "TRAIN", "epoch": 30, "cursor": 103808, "train_count": 120355, "steps": 28100, "loss": [0.29409554600715637, 0.03774368017911911, 0.25635185837745667], "lr": 0.001, "grad_norm": 0.8528704047203064, "time": 1790350871.6772723, "seconds_this_epoch": 73.32219727896154}
{"event": "TRAIN", "epoch": 30, "cursor": 116608, "train_count": 120355, "steps": 28200, "loss": [0.38669538497924805, 0.04190458357334137, 0.34479081630706787], "lr": 0.001, "grad_norm": 1.0227824449539185, "time": 1790350880.2283893, "seconds_this_epoch": 81.87331424094737}
{"epoch": 30, "train": [0.37771702167658094, 0.03737902110222369, 0.3403380008840991], "val": [0.5595302373536362, 0.03902146209509402, 0.5205087777636132], "lr": 0.001, "best_val": 0.5595302373536362, "best_epoch": 30, "seconds": 85.77758609317243, "steps": 28230, "peak_memory_bytes": 3190080000, "time": 1790350884.1329033}
{"event": "TRAIN", "epoch": 31, "cursor": 8960, "train_count": 120355, "steps": 28300, "loss": [0.33193686604499817, 0.03815416246652603, 0.29378271102905273], "lr": 0.001, "grad_norm": 1.0337913036346436, "time": 1790350890.2253735, "seconds_this_epoch": 6.00879130512476}
{"event": "TRAIN", "epoch": 31, "cursor": 21760, "train_count": 120355, "steps": 28400, "loss": [0.4318828284740448, 0.03536663204431534, 0.39651620388031006], "lr": 0.001, "grad_norm": 1.1025437116622925, "time": 1790350898.8096676, "seconds_this_epoch": 14.593085877597332}
{"event": "TRAIN", "epoch": 31, "cursor": 34560, "train_count": 120355, "steps": 28500, "loss": [0.3246714472770691, 0.03097863867878914, 0.29369279742240906], "lr": 0.001, "grad_norm": 0.6388184428215027, "time": 1790350907.3006232, "seconds_this_epoch": 23.08404054120183}
{"event": "TRAIN", "epoch": 31, "cursor": 47360, "train_count": 120355, "steps": 28600, "loss": [0.3987153470516205, 0.03639093413949013, 0.36232441663742065], "lr": 0.001, "grad_norm": 1.069732904434204, "time": 1790350915.9322722, "seconds_this_epoch": 31.7156901974231}
{"event": "TRAIN", "epoch": 31, "cursor": 60160, "train_count": 120355, "steps": 28700, "loss": [0.3177328407764435, 0.03882301598787308, 0.278909832239151], "lr": 0.001, "grad_norm": 0.94926518201828, "time": 1790350924.463737, "seconds_this_epoch": 40.247154952958226}
{"event": "TRAIN", "epoch": 31, "cursor": 72960, "train_count": 120355, "steps": 28800, "loss": [0.3523563742637634, 0.03679375723004341, 0.3155626058578491], "lr": 0.001, "grad_norm": 1.0810028314590454, "time": 1790350933.0695372, "seconds_this_epoch": 48.85295466147363}
{"event": "TRAIN", "epoch": 31, "cursor": 85760, "train_count": 120355, "steps": 28900, "loss": [0.4614032208919525, 0.040214236825704575, 0.42118898034095764], "lr": 0.001, "grad_norm": 1.035091519355774, "time": 1790350941.579396, "seconds_this_epoch": 57.362813629209995}
{"event": "TRAIN", "epoch": 31, "cursor": 98560, "train_count": 120355, "steps": 29000, "loss": [1.0656473636627197, 0.04169442504644394, 1.0239529609680176], "lr": 0.001, "grad_norm": 9.515302658081055, "time": 1790350950.0500371, "seconds_this_epoch": 65.83345476537943}
{"event": "TRAIN", "epoch": 31, "cursor": 111360, "train_count": 120355, "steps": 29100, "loss": [0.385201096534729, 0.03894241899251938, 0.34625867009162903], "lr": 0.001, "grad_norm": 0.6594220995903015, "time": 1790350958.4661174, "seconds_this_epoch": 74.24953520670533}
{"epoch": 31, "train": [0.3787578422870393, 0.03759372328591804, 0.3411641191291718], "val": [0.5849231472993874, 0.03901150366199469, 0.5459116444129841], "lr": 0.001, "best_val": 0.5595302373536362, "best_epoch": 30, "seconds": 81.49782221764326, "steps": 29171, "peak_memory_bytes": 3190080000, "time": 1790350965.714645}
{"event": "TRAIN", "epoch": 32, "cursor": 3712, "train_count": 120355, "steps": 29200, "loss": [0.27599430084228516, 0.0404149629175663, 0.23557934165000916], "lr": 0.001, "grad_norm": 0.8000149726867676, "time": 1790350968.1228, "seconds_this_epoch": 2.3240337278693914}
{"event": "TRAIN", "epoch": 32, "cursor": 16512, "train_count": 120355, "steps": 29300, "loss": [0.4438200294971466, 0.036542464047670364, 0.40727755427360535], "lr": 0.001, "grad_norm": 1.0516117811203003, "time": 1790350976.8090694, "seconds_this_epoch": 11.010302616283298}
{"event": "TRAIN", "epoch": 32, "cursor": 29312, "train_count": 120355, "steps": 29400, "loss": [0.3572637438774109, 0.03974117338657379, 0.3175225555896759], "lr": 0.001, "grad_norm": 1.4644361734390259, "time": 1790350985.3286402, "seconds_this_epoch": 19.529873548075557}
{"event": "TRAIN", "epoch": 32, "cursor": 42112, "train_count": 120355, "steps": 29500, "loss": [0.40194931626319885, 0.0348086915910244, 0.36714062094688416], "lr": 0.001, "grad_norm": 0.7889175415039062, "time": 1790350994.0038662, "seconds_this_epoch": 28.205099411308765}
{"event": "TRAIN", "epoch": 32, "cursor": 54912, "train_count": 120355, "steps": 29600, "loss": [0.27100372314453125, 0.03465647995471954, 0.2363472282886505], "lr": 0.001, "grad_norm": 0.5105119943618774, "time": 1790351002.4558756, "seconds_this_epoch": 36.65710921213031}
{"event": "TRAIN", "epoch": 32, "cursor": 67712, "train_count": 120355, "steps": 29700, "loss": [0.35757172107696533, 0.0368608757853508, 0.32071083784103394], "lr": 0.001, "grad_norm": 0.9999400973320007, "time": 1790351010.9521544, "seconds_this_epoch": 45.15338804572821}
{"event": "TRAIN", "epoch": 32, "cursor": 80512, "train_count": 120355, "steps": 29800, "loss": [0.2996576130390167, 0.03477926924824715, 0.2648783326148987], "lr": 0.001, "grad_norm": 0.7785188555717468, "time": 1790351019.5317109, "seconds_this_epoch": 53.732944725081325}
{"event": "TRAIN", "epoch": 32, "cursor": 93312, "train_count": 120355, "steps": 29900, "loss": [0.41174057126045227, 0.0371306948363781, 0.37460988759994507], "lr": 0.001, "grad_norm": 1.0953885316848755, "time": 1790351028.618031, "seconds_this_epoch": 62.81926403939724}
{"event": "TRAIN", "epoch": 32, "cursor": 106112, "train_count": 120355, "steps": 30000, "loss": [0.36650997400283813, 0.038437213748693466, 0.32807275652885437], "lr": 0.001, "grad_norm": 0.9579675793647766, "time": 1790351037.601411, "seconds_this_epoch": 71.80264452844858}
{"event": "TRAIN", "epoch": 32, "cursor": 118912, "train_count": 120355, "steps": 30100, "loss": [0.39404791593551636, 0.039037492126226425, 0.35501042008399963], "lr": 0.001, "grad_norm": 0.9809799194335938, "time": 1790351046.6846633, "seconds_this_epoch": 80.8858968410641}
{"epoch": 32, "train": [0.36600147497284513, 0.03662999507200274, 0.32937147997647487], "val": [0.6360054297109153, 0.040185372611201885, 0.5958200551919369], "lr": 0.001, "best_val": 0.5595302373536362, "best_epoch": 30, "seconds": 83.19323179125786, "steps": 30112, "peak_memory_bytes": 3190080000, "time": 1790351048.9922388}
{"event": "TRAIN", "epoch": 33, "cursor": 11264, "train_count": 120355, "steps": 30200, "loss": [0.2662634253501892, 0.038029223680496216, 0.2282342165708542], "lr": 0.001, "grad_norm": 0.5638267397880554, "time": 1790351057.0081294, "seconds_this_epoch": 7.9312085546553135}
{"event": "TRAIN", "epoch": 33, "cursor": 24064, "train_count": 120355, "steps": 30300, "loss": [0.43700483441352844, 0.03672655671834946, 0.4002782702445984], "lr": 0.001, "grad_norm": 1.3022962808609009, "time": 1790351066.2570107, "seconds_this_epoch": 17.1800898630172}
{"event": "TRAIN", "epoch": 33, "cursor": 36864, "train_count": 120355, "steps": 30400, "loss": [0.43827149271965027, 0.0344373881816864, 0.40383410453796387], "lr": 0.001, "grad_norm": 0.8381561636924744, "time": 1790351075.2964594, "seconds_this_epoch": 26.219538627192378}
{"event": "TRAIN", "epoch": 33, "cursor": 49664, "train_count": 120355, "steps": 30500, "loss": [0.3666827976703644, 0.03698522597551346, 0.3296975791454315], "lr": 0.001, "grad_norm": 1.0582627058029175, "time": 1790351084.3319242, "seconds_this_epoch": 35.25500323064625}
{"event": "TRAIN", "epoch": 33, "cursor": 62464, "train_count": 120355, "steps": 30600, "loss": [0.418462336063385, 0.03866926208138466, 0.37979307770729065], "lr": 0.001, "grad_norm": 0.9079133868217468, "time": 1790351093.3350632, "seconds_this_epoch": 44.258142879232764}
{"event": "TRAIN", "epoch": 33, "cursor": 75264, "train_count": 120355, "steps": 30700, "loss": [0.40605470538139343, 0.03349050134420395, 0.3725641965866089], "lr": 0.001, "grad_norm": 1.3885035514831543, "time": 1790351102.4005148, "seconds_this_epoch": 53.32359387911856}
{"event": "TRAIN", "epoch": 33, "cursor": 88064, "train_count": 120355, "steps": 30800, "loss": [0.3345301151275635, 0.034279171377420425, 0.30025094747543335], "lr": 0.001, "grad_norm": 0.9423765540122986, "time": 1790351111.3999972, "seconds_this_epoch": 62.32307599671185}
{"event": "TRAIN", "epoch": 33, "cursor": 100864, "train_count": 120355, "steps": 30900, "loss": [0.3487590253353119, 0.03756135702133179, 0.3111976683139801], "lr": 0.001, "grad_norm": 0.7529435157775879, "time": 1790351120.5759726, "seconds_this_epoch": 71.49905161932111}
{"event": "TRAIN", "epoch": 33, "cursor": 113664, "train_count": 120355, "steps": 31000, "loss": [0.2779805362224579, 0.03565627336502075, 0.24232426285743713], "lr": 0.001, "grad_norm": 0.7244041562080383, "time": 1790351129.1658764, "seconds_this_epoch": 80.08895569853485}
{"epoch": 33, "train": [0.36215563309397686, 0.03658206284363127, 0.32557357004234466], "val": [0.53043719986189, 0.038712738526997865, 0.49172445956083816], "lr": 0.001, "best_val": 0.53043719986189, "best_epoch": 33, "seconds": 86.03791738301516, "steps": 31053, "peak_memory_bytes": 3190080000, "time": 1790351135.1150756}
{"event": "TRAIN", "epoch": 34, "cursor": 6016, "train_count": 120355, "steps": 31100, "loss": [0.3487432897090912, 0.03662474825978279, 0.3121185302734375], "lr": 0.001, "grad_norm": 0.8698037266731262, "time": 1790351139.359925, "seconds_this_epoch": 4.161689108237624}
{"event": "TRAIN", "epoch": 34, "cursor": 18816, "train_count": 120355, "steps": 31200, "loss": [0.3151246905326843, 0.03393913060426712, 0.2811855673789978], "lr": 0.001, "grad_norm": 0.72088623046875, "time": 1790351148.114872, "seconds_this_epoch": 12.916636485606432}
{"event": "TRAIN", "epoch": 34, "cursor": 31616, "train_count": 120355, "steps": 31300, "loss": [0.43024444580078125, 0.03493605554103851, 0.39530840516090393], "lr": 0.001, "grad_norm": 2.299351453781128, "time": 1790351156.5802598, "seconds_this_epoch": 21.382024286314845}
{"event": "TRAIN", "epoch": 34, "cursor": 44416, "train_count": 120355, "steps": 31400, "loss": [0.2778431177139282, 0.03998532146215439, 0.23785780370235443], "lr": 0.001, "grad_norm": 0.609983503818512, "time": 1790351165.3696487, "seconds_this_epoch": 30.171413138508797}
{"event": "TRAIN", "epoch": 34, "cursor": 57216, "train_count": 120355, "steps": 31500, "loss": [0.4237959384918213, 0.03474780544638634, 0.38904812932014465], "lr": 0.001, "grad_norm": 1.23185133934021, "time": 1790351174.355109, "seconds_this_epoch": 39.156873140484095}
{"event": "TRAIN", "epoch": 34, "cursor": 70016, "train_count": 120355, "steps": 31600, "loss": [0.33160680532455444, 0.03665388748049736, 0.294952929019928], "lr": 0.001, "grad_norm": 0.8920294046401978, "time": 1790351183.4649498, "seconds_this_epoch": 48.26671415567398}
{"event": "TRAIN", "epoch": 34, "cursor": 82816, "train_count": 120355, "steps": 31700, "loss": [0.36840277910232544, 0.03544812649488449, 0.33295464515686035], "lr": 0.001, "grad_norm": 1.4236271381378174, "time": 1790351192.5636933, "seconds_this_epoch": 57.36545795947313}
{"event": "TRAIN", "epoch": 34, "cursor": 95616, "train_count": 120355, "steps": 31800, "loss": [0.41865772008895874, 0.037896666675806046, 0.380761057138443], "lr": 0.001, "grad_norm": 1.3688018321990967, "time": 1790351200.9703183, "seconds_this_epoch": 65.77208285033703}
{"event": "TRAIN", "epoch": 34, "cursor": 108416, "train_count": 120355, "steps": 31900, "loss": [0.3459753096103668, 0.04157433286309242, 0.3044009804725647], "lr": 0.001, "grad_norm": 1.2366122007369995, "time": 1790351209.159422, "seconds_this_epoch": 73.96118633635342}
{"epoch": 34, "train": [0.3526645243435307, 0.03620908500939381, 0.3164554391853791], "val": [0.6163599751789414, 0.03855931658142882, 0.5778006601219509], "lr": 0.001, "best_val": 0.53043719986189, "best_epoch": 33, "seconds": 83.71593894995749, "steps": 31994, "peak_memory_bytes": 3190080000, "time": 1790351218.9144478}
{"event": "TRAIN", "epoch": 35, "cursor": 768, "train_count": 120355, "steps": 32000, "loss": [0.36174118518829346, 0.0346626378595829, 0.32707855105400085], "lr": 0.001, "grad_norm": 0.8766828179359436, "time": 1790351219.4815822, "seconds_this_epoch": 0.48259790427982807}
{"event": "TRAIN", "epoch": 35, "cursor": 13568, "train_count": 120355, "steps": 32100, "loss": [0.31093767285346985, 0.03562147170305252, 0.2753162086009979], "lr": 0.001, "grad_norm": 0.7191464304924011, "time": 1790351228.4999714, "seconds_this_epoch": 9.50098741054535}
{"event": "TRAIN", "epoch": 35, "cursor": 26368, "train_count": 120355, "steps": 32200, "loss": [0.3186395764350891, 0.032305024564266205, 0.2863345444202423], "lr": 0.001, "grad_norm": 0.726962149143219, "time": 1790351237.8621392, "seconds_this_epoch": 18.863155333325267}
{"event": "TRAIN", "epoch": 35, "cursor": 39168, "train_count": 120355, "steps": 32300, "loss": [0.3059445023536682, 0.030466383323073387, 0.2754781246185303], "lr": 0.001, "grad_norm": 0.7501370906829834, "time": 1790351246.8502367, "seconds_this_epoch": 27.851252503693104}
{"event": "TRAIN", "epoch": 35, "cursor": 51968, "train_count": 120355, "steps": 32400, "loss": [0.36642318964004517, 0.04157985746860504, 0.32484331727027893], "lr": 0.001, "grad_norm": 2.46407413482666, "time": 1790351255.7896261, "seconds_this_epoch": 36.79064182378352}
{"event": "TRAIN", "epoch": 35, "cursor": 64768, "train_count": 120355, "steps": 32500, "loss": [0.4060600996017456, 0.03423602506518364, 0.37182408571243286], "lr": 0.001, "grad_norm": 0.9479235410690308, "time": 1790351264.3463354, "seconds_this_epoch": 45.34735164232552}
{"event": "TRAIN", "epoch": 35, "cursor": 77568, "train_count": 120355, "steps": 32600, "loss": [0.29859378933906555, 0.03522467240691185, 0.2633691132068634], "lr": 0.001, "grad_norm": 0.965848445892334, "time": 1790351272.9389653, "seconds_this_epoch": 53.93998128362}
{"event": "TRAIN", "epoch": 35, "cursor": 90368, "train_count": 120355, "steps": 32700, "loss": [0.4542636573314667, 0.033692099153995514, 0.42057156562805176], "lr": 0.001, "grad_norm": 1.7221620082855225, "time": 1790351281.7157385, "seconds_this_epoch": 62.716754611581564}
{"event": "TRAIN", "epoch": 35, "cursor": 103168, "train_count": 120355, "steps": 32800, "loss": [0.28455400466918945, 0.032798949629068375, 0.2517550587654114], "lr": 0.001, "grad_norm": 1.416837215423584, "time": 1790351290.5087008, "seconds_this_epoch": 71.50971774756908}
{"event": "TRAIN", "epoch": 35, "cursor": 115968, "train_count": 120355, "steps": 32900, "loss": [0.3703983426094055, 0.03535882383584976, 0.33503952622413635], "lr": 0.001, "grad_norm": 1.3099993467330933, "time": 1790351299.3099635, "seconds_this_epoch": 80.3109794985503}
{"epoch": 35, "train": [0.35221992390294754, 0.03634359213005847, 0.31587633215827887], "val": [0.6126733649964465, 0.03946450772557899, 0.5732088581801816], "lr": 0.001, "best_val": 0.53043719986189, "best_epoch": 33, "seconds": 84.6564236395061, "steps": 32935, "peak_memory_bytes": 3190080000, "time": 1790351303.6556873}
{"event": "TRAIN", "epoch": 36, "cursor": 8320, "train_count": 120355, "steps": 33000, "loss": [0.2973096966743469, 0.037569694221019745, 0.2597399950027466], "lr": 0.001, "grad_norm": 0.7499983310699463, "time": 1790351309.564156, "seconds_this_epoch": 5.824378585442901}
{"event": "TRAIN", "epoch": 36, "cursor": 21120, "train_count": 120355, "steps": 33100, "loss": [0.3558834493160248, 0.03367107734084129, 0.3222123682498932], "lr": 0.001, "grad_norm": 1.2385255098342896, "time": 1790351318.7161257, "seconds_this_epoch": 14.976348185911775}
{"event": "TRAIN", "epoch": 36, "cursor": 33920, "train_count": 120355, "steps": 33200, "loss": [0.3927595317363739, 0.03783794119954109, 0.3549215793609619], "lr": 0.001, "grad_norm": 1.4882783889770508, "time": 1790351327.4442933, "seconds_this_epoch": 23.704515919089317}
{"event": "TRAIN", "epoch": 36, "cursor": 46720, "train_count": 120355, "steps": 33300, "loss": [0.3855256736278534, 0.0378815233707428, 0.3476441502571106], "lr": 0.001, "grad_norm": 1.5770716667175293, "time": 1790351336.1286614, "seconds_this_epoch": 32.388883830979466}
{"event": "TRAIN", "epoch": 36, "cursor": 59520, "train_count": 120355, "steps": 33400, "loss": [0.36463579535484314, 0.03404857590794563, 0.3305872082710266], "lr": 0.001, "grad_norm": 0.7639400959014893, "time": 1790351345.0665376, "seconds_this_epoch": 41.32676109485328}
{"event": "TRAIN", "epoch": 36, "cursor": 72320, "train_count": 120355, "steps": 33500, "loss": [0.28380993008613586, 0.036854397505521774, 0.24695554375648499], "lr": 0.001, "grad_norm": 0.6101028323173523, "time": 1790351354.009897, "seconds_this_epoch": 50.27011958323419}
{"event": "TRAIN", "epoch": 36, "cursor": 85120, "train_count": 120355, "steps": 33600, "loss": [0.2662928104400635, 0.03477773815393448, 0.2315150797367096], "lr": 0.001, "grad_norm": 0.8129931092262268, "time": 1790351362.8253307, "seconds_this_epoch": 59.08555313758552}
{"event": "TRAIN", "epoch": 36, "cursor": 97920, "train_count": 120355, "steps": 33700, "loss": [0.2726583182811737, 0.033481087535619736, 0.23917724192142487], "lr": 0.001, "grad_norm": 1.0028449296951294, "time": 1790351371.9645588, "seconds_this_epoch": 68.22478119283915}
{"event": "TRAIN", "epoch": 36, "cursor": 110720, "train_count": 120355, "steps": 33800, "loss": [0.26704928278923035, 0.030876198783516884, 0.2361730933189392], "lr": 0.001, "grad_norm": 0.6638320684432983, "time": 1790351380.9385154, "seconds_this_epoch": 77.19873784855008}
{"epoch": 36, "train": [0.33562011554082605, 0.03513861369993317, 0.3004815018252309], "val": [0.5852027101998838, 0.037782343737992774, 0.5474203637072044], "lr": 0.001, "best_val": 0.53043719986189, "best_epoch": 33, "seconds": 85.11890634335577, "steps": 33876, "peak_memory_bytes": 3190080000, "time": 1790351388.8589323}
{"event": "TRAIN", "epoch": 37, "cursor": 3072, "train_count": 120355, "steps": 33900, "loss": [0.4045215845108032, 0.0388646274805069, 0.36565694212913513], "lr": 0.001, "grad_norm": 0.8296331167221069, "time": 1790351390.786391, "seconds_this_epoch": 1.8433600589632988}
{"event": "TRAIN", "epoch": 37, "cursor": 15872, "train_count": 120355, "steps": 34000, "loss": [0.37906885147094727, 0.031751085072755814, 0.34731775522232056], "lr": 0.001, "grad_norm": 1.1024360656738281, "time": 1790351399.531361, "seconds_this_epoch": 10.588330002501607}
{"event": "TRAIN", "epoch": 37, "cursor": 28672, "train_count": 120355, "steps": 34100, "loss": [0.2909403145313263, 0.03875341638922691, 0.2521868944168091], "lr": 0.001, "grad_norm": 0.8354504108428955, "time": 1790351408.6748457, "seconds_this_epoch": 19.731827465817332}
{"event": "TRAIN", "epoch": 37, "cursor": 41472, "train_count": 120355, "steps": 34200, "loss": [0.29254040122032166, 0.033369362354278564, 0.2591710388660431], "lr": 0.001, "grad_norm": 0.7357470989227295, "time": 1790351417.663699, "seconds_this_epoch": 28.720668490976095}
{"event": "TRAIN", "epoch": 37, "cursor": 54272, "train_count": 120355, "steps": 34300, "loss": [0.36683106422424316, 0.03397178277373314, 0.3328592777252197], "lr": 0.001, "grad_norm": 1.3743427991867065, "time": 1790351426.6877267, "seconds_this_epoch": 37.74469618871808}
{"event": "TRAIN", "epoch": 37, "cursor": 67072, "train_count": 120355, "steps": 34400, "loss": [0.3161192834377289, 0.031228866428136826, 0.28489041328430176], "lr": 0.001, "grad_norm": 0.8487694263458252, "time": 1790351435.6504118, "seconds_this_epoch": 46.707380928099155}
{"event": "TRAIN", "epoch": 37, "cursor": 79872, "train_count": 120355, "steps": 34500, "loss": [0.2996872365474701, 0.029675429686903954, 0.2700118124485016], "lr": 0.001, "grad_norm": 0.7877857685089111, "time": 1790351444.2489467, "seconds_this_epoch": 55.305915892124176}
{"event": "TRAIN", "epoch": 37, "cursor": 92672, "train_count": 120355, "steps": 34600, "loss": [0.2967466711997986, 0.03616997227072716, 0.26057669520378113], "lr": 0.001, "grad_norm": 0.677824854850769, "time": 1790351452.871592, "seconds_this_epoch": 63.928561203181744}
{"event": "TRAIN", "epoch": 37, "cursor": 105472, "train_count": 120355, "steps": 34700, "loss": [0.37157872319221497, 0.03725719451904297, 0.334321528673172], "lr": 0.001, "grad_norm": 0.9258683323860168, "time": 1790351461.7932537, "seconds_this_epoch": 72.85022265650332}
{"event": "TRAIN", "epoch": 37, "cursor": 118272, "train_count": 120355, "steps": 34800, "loss": [0.6108182072639465, 0.03803422674536705, 0.5727840065956116], "lr": 0.001, "grad_norm": 3.343303680419922, "time": 1790351470.2867463, "seconds_this_epoch": 81.3437154404819}
{"epoch": 37, "train": [0.32306564859332454, 0.03431891478992143, 0.2887467336114356], "val": [0.5588231145925519, 0.03715411502552574, 0.5216690045147644], "lr": 0.001, "best_val": 0.53043719986189, "best_epoch": 33, "seconds": 84.00022180564702, "steps": 34817, "peak_memory_bytes": 3190080000, "time": 1790351472.9435375}
{"event": "TRAIN", "epoch": 38, "cursor": 10624, "train_count": 120355, "steps": 34900, "loss": [0.2739097476005554, 0.03603607416152954, 0.23787367343902588], "lr": 0.001, "grad_norm": 1.0927921533584595, "time": 1790351479.943345, "seconds_this_epoch": 6.916037475690246}
{"event": "TRAIN", "epoch": 38, "cursor": 23424, "train_count": 120355, "steps": 35000, "loss": [0.32685819268226624, 0.034929562360048294, 0.29192861914634705], "lr": 0.001, "grad_norm": 0.8000854253768921, "time": 1790351488.5014372, "seconds_this_epoch": 15.474129159003496}
{"event": "TRAIN", "epoch": 38, "cursor": 36224, "train_count": 120355, "steps": 35100, "loss": [0.3206104040145874, 0.034818243235349655, 0.28579217195510864], "lr": 0.001, "grad_norm": 1.044915795326233, "time": 1790351496.9544897, "seconds_this_epoch": 23.9271820448339}
{"event": "TRAIN", "epoch": 38, "cursor": 49024, "train_count": 120355, "steps": 35200, "loss": [0.3224172294139862, 0.03318300098180771, 0.2892342209815979], "lr": 0.001, "grad_norm": 2.4948782920837402, "time": 1790351505.4437134, "seconds_this_epoch": 32.416405679658055}
{"event": "TRAIN", "epoch": 38, "cursor": 61824, "train_count": 120355, "steps": 35300, "loss": [0.22029468417167664, 0.030830083414912224, 0.18946459889411926], "lr": 0.001, "grad_norm": 0.4320808947086334, "time": 1790351514.3781846, "seconds_this_epoch": 41.35087664052844}
{"event": "TRAIN", "epoch": 38, "cursor": 74624, "train_count": 120355, "steps": 35400, "loss": [0.2504761219024658, 0.036804426461458206, 0.2136716991662979], "lr": 0.001, "grad_norm": 0.7253101468086243, "time": 1790351523.3976326, "seconds_this_epoch": 50.370324743911624}
{"event": "TRAIN", "epoch": 38, "cursor": 87424, "train_count": 120355, "steps": 35500, "loss": [0.3841026723384857, 0.03680552914738655, 0.34729713201522827], "lr": 0.001, "grad_norm": 1.2200762033462524, "time": 1790351532.113028, "seconds_this_epoch": 59.08572058938444}
{"event": "TRAIN", "epoch": 38, "cursor": 100224, "train_count": 120355, "steps": 35600, "loss": [0.43648478388786316, 0.03780200332403183, 0.39868277311325073], "lr": 0.001, "grad_norm": 1.5656826496124268, "time": 1790351541.1980295, "seconds_this_epoch": 68.17072192393243}
{"event": "TRAIN", "epoch": 38, "cursor": 113024, "train_count": 120355, "steps": 35700, "loss": [0.3007519543170929, 0.031019780784845352, 0.26973217725753784], "lr": 0.001, "grad_norm": 0.7337270975112915, "time": 1790351550.140941, "seconds_this_epoch": 77.11363310180604}
{"epoch": 38, "train": [0.3175309206821016, 0.0342270542644817, 0.2833038658798818], "val": [0.6088473488747486, 0.03980158662995713, 0.5690457629401492], "lr": 0.001, "best_val": 0.53043719986189, "best_epoch": 33, "seconds": 83.65862333215773, "steps": 35758, "peak_memory_bytes": 3190080000, "time": 1790351556.6861715}
{"event": "TRAIN", "epoch": 39, "cursor": 5376, "train_count": 120355, "steps": 35800, "loss": [0.2936128079891205, 0.033851657062768936, 0.25976115465164185], "lr": 0.001, "grad_norm": 1.2596911191940308, "time": 1790351560.4509807, "seconds_this_epoch": 3.680852275341749}
{"event": "TRAIN", "epoch": 39, "cursor": 18176, "train_count": 120355, "steps": 35900, "loss": [0.34070447087287903, 0.035019878298044205, 0.3056845963001251], "lr": 0.001, "grad_norm": 1.0277822017669678, "time": 1790351569.5499485, "seconds_this_epoch": 12.779819814488292}
{"event": "TRAIN", "epoch": 39, "cursor": 30976, "train_count": 120355, "steps": 36000, "loss": [0.2664758861064911, 0.03402230888605118, 0.2324535846710205], "lr": 0.001, "grad_norm": 0.954436182975769, "time": 1790351578.6442926, "seconds_this_epoch": 21.874164141714573}
{"event": "TRAIN", "epoch": 39, "cursor": 43776, "train_count": 120355, "steps": 36100, "loss": [0.2888948321342468, 0.040626779198646545, 0.2482680380344391], "lr": 0.001, "grad_norm": 0.6846958994865417, "time": 1790351587.0289009, "seconds_this_epoch": 30.25877227820456}
{"event": "TRAIN", "epoch": 39, "cursor": 56576, "train_count": 120355, "steps": 36200, "loss": [0.3120708167552948, 0.03900932893157005, 0.27306148409843445], "lr": 0.001, "grad_norm": 0.9906449913978577, "time": 1790351596.0063078, "seconds_this_epoch": 39.23617960140109}
{"event": "TRAIN", "epoch": 39, "cursor": 69376, "train_count": 120355, "steps": 36300, "loss": [0.37355300784111023, 0.03298097103834152, 0.3405720293521881], "lr": 0.001, "grad_norm": 1.9101531505584717, "time": 1790351604.9832716, "seconds_this_epoch": 48.21314317174256}
{"event": "TRAIN", "epoch": 39, "cursor": 82176, "train_count": 120355, "steps": 36400, "loss": [0.40971434116363525, 0.032320860773324966, 0.3773934841156006], "lr": 0.001, "grad_norm": 1.400314450263977, "time": 1790351613.1693861, "seconds_this_epoch": 56.399257872253656}
{"event": "TRAIN", "epoch": 39, "cursor": 94976, "train_count": 120355, "steps": 36500, "loss": [0.28419819474220276, 0.03480558097362518, 0.24939261376857758], "lr": 0.001, "grad_norm": 0.753176212310791, "time": 1790351621.7344732, "seconds_this_epoch": 64.96434525214136}
{"event": "TRAIN", "epoch": 39, "cursor": 107776, "train_count": 120355, "steps": 36600, "loss": [0.27211764454841614, 0.0298356544226408, 0.2422819882631302], "lr": 0.001, "grad_norm": 0.8498541712760925, "time": 1790351630.407935, "seconds_this_epoch": 73.63780627585948}
{"epoch": 39, "train": [0.31899313518668304, 0.034562161330500926, 0.2844309738151236], "val": [0.6109165018488467, 0.03667388901430941, 0.5742426162489225], "lr": 0.001, "best_val": 0.53043719986189, "best_epoch": 33, "seconds": 83.79445587843657, "steps": 36699, "peak_memory_bytes": 3190080000, "time": 1790351640.5648267}
{"event": "TRAIN", "epoch": 40, "cursor": 128, "train_count": 120355, "steps": 36700, "loss": [0.37342873215675354, 0.035738617181777954, 0.3376901149749756], "lr": 0.001, "grad_norm": 0.9479016065597534, "time": 1790351640.7382822, "seconds_this_epoch": 0.0899884570389986}
{"event": "TRAIN", "epoch": 40, "cursor": 12928, "train_count": 120355, "steps": 36800, "loss": [0.3048679828643799, 0.03706386685371399, 0.2678041160106659], "lr": 0.001, "grad_norm": 0.5271177291870117, "time": 1790351649.6470037, "seconds_this_epoch": 8.998710168525577}
{"event": "TRAIN", "epoch": 40, "cursor": 25728, "train_count": 120355, "steps": 36900, "loss": [0.40488094091415405, 0.0361909344792366, 0.36869001388549805], "lr": 0.001, "grad_norm": 1.0264605283737183, "time": 1790351658.4210763, "seconds_this_epoch": 17.772783301770687}
{"event": "TRAIN", "epoch": 40, "cursor": 38528, "train_count": 120355, "steps": 37000, "loss": [0.297606498003006, 0.032335542142391205, 0.2652709484100342], "lr": 0.001, "grad_norm": 0.7716742753982544, "time": 1790351667.4961724, "seconds_this_epoch": 26.84787928313017}
{"event": "TRAIN", "epoch": 40, "cursor": 51328, "train_count": 120355, "steps": 37100, "loss": [0.2794269919395447, 0.031210625544190407, 0.24821636080741882], "lr": 0.001, "grad_norm": 0.6781847476959229, "time": 1790351676.429488, "seconds_this_epoch": 35.781194696202874}
{"event": "TRAIN", "epoch": 40, "cursor": 64128, "train_count": 120355, "steps": 37200, "loss": [0.24778242409229279, 0.031763505190610886, 0.2160189151763916], "lr": 0.001, "grad_norm": 0.9287580847740173, "time": 1790351685.020364, "seconds_this_epoch": 44.37207102589309}
{"event": "TRAIN", "epoch": 40, "cursor": 76928, "train_count": 120355, "steps": 37300, "loss": [0.22738130390644073, 0.029767384752631187, 0.197613924741745], "lr": 0.001, "grad_norm": 0.49282148480415344, "time": 1790351694.0996275, "seconds_this_epoch": 53.45133409835398}
{"event": "TRAIN", "epoch": 40, "cursor": 89728, "train_count": 120355, "steps": 37400, "loss": [0.29127517342567444, 0.030371077358722687, 0.26090410351753235], "lr": 0.001, "grad_norm": 0.7030874490737915, "time": 1790351703.2681587, "seconds_this_epoch": 62.61986526660621}
{"event": "TRAIN", "epoch": 40, "cursor": 102528, "train_count": 120355, "steps": 37500, "loss": [0.2860558331012726, 0.03426329419016838, 0.2517925500869751], "lr": 0.001, "grad_norm": 0.5563191771507263, "time": 1790351711.8845258, "seconds_this_epoch": 71.2362326271832}
{"event": "TRAIN", "epoch": 40, "cursor": 115328, "train_count": 120355, "steps": 37600, "loss": [0.2531623840332031, 0.032817669212818146, 0.22034472227096558], "lr": 0.001, "grad_norm": 0.7201625108718872, "time": 1790351720.3780637, "seconds_this_epoch": 79.72977079637349}
{"epoch": 40, "train": [0.30950967756327386, 0.03395599257039229, 0.2755536847832711], "val": [0.5569962626476328, 0.03800034917046344, 0.5189959160268146], "lr": 0.001, "best_val": 0.53043719986189, "best_epoch": 33, "seconds": 84.30645550228655, "steps": 37640, "peak_memory_bytes": 3190080000, "time": 1790351724.9549937}
{"event": "TRAIN", "epoch": 41, "cursor": 7680, "train_count": 120355, "steps": 37700, "loss": [0.3031174838542938, 0.03628910332918167, 0.26682838797569275], "lr": 0.001, "grad_norm": 0.8381869792938232, "time": 1790351730.0584812, "seconds_this_epoch": 5.020160732790828}
{"event": "TRAIN", "epoch": 41, "cursor": 20480, "train_count": 120355, "steps": 37800, "loss": [0.240320086479187, 0.036024101078510284, 0.20429597795009613], "lr": 0.001, "grad_norm": 0.7039166688919067, "time": 1790351738.8036942, "seconds_this_epoch": 13.765374720096588}
{"event": "TRAIN", "epoch": 41, "cursor": 33280, "train_count": 120355, "steps": 37900, "loss": [0.2580851912498474, 0.03277721628546715, 0.22530797123908997], "lr": 0.001, "grad_norm": 0.657129168510437, "time": 1790351747.920444, "seconds_this_epoch": 22.882123736664653}
{"event": "TRAIN", "epoch": 41, "cursor": 46080, "train_count": 120355, "steps": 38000, "loss": [0.25198718905448914, 0.028430070728063583, 0.22355711460113525], "lr": 0.001, "grad_norm": 0.8737590312957764, "time": 1790351756.846036, "seconds_this_epoch": 31.807715490460396}
{"event": "TRAIN", "epoch": 41, "cursor": 58880, "train_count": 120355, "steps": 38100, "loss": [0.24133627116680145, 0.032151948660612106, 0.20918431878089905], "lr": 0.001, "grad_norm": 0.8946419358253479, "time": 1790351765.4722123, "seconds_this_epoch": 40.433892112225294}
{"event": "TRAIN", "epoch": 41, "cursor": 71680, "train_count": 120355, "steps": 38200, "loss": [0.361502468585968, 0.03639610856771469, 0.32510635256767273], "lr": 0.001, "grad_norm": 0.9035910964012146, "time": 1790351774.4350293, "seconds_this_epoch": 49.39670901559293}
{"event": "TRAIN", "epoch": 41, "cursor": 84480, "train_count": 120355, "steps": 38300, "loss": [0.34585273265838623, 0.032376378774642944, 0.3134763538837433], "lr": 0.001, "grad_norm": 1.2348541021347046, "time": 1790351783.128479, "seconds_this_epoch": 58.09015880152583}
{"event": "TRAIN", "epoch": 41, "cursor": 97280, "train_count": 120355, "steps": 38400, "loss": [0.32553398609161377, 0.031352825462818146, 0.2941811680793762], "lr": 0.001, "grad_norm": 1.2270989418029785, "time": 1790351792.2293363, "seconds_this_epoch": 67.19101630523801}
{"event": "TRAIN", "epoch": 41, "cursor": 110080, "train_count": 120355, "steps": 38500, "loss": [0.3388338088989258, 0.0365748405456543, 0.3022589683532715], "lr": 0.001, "grad_norm": 0.9954334497451782, "time": 1790351800.7366471, "seconds_this_epoch": 75.6983270701021}
{"epoch": 41, "train": [0.3050277853214143, 0.03394776580449076, 0.27108001967846473], "val": [0.5875434324550942, 0.03626952748472663, 0.5512739041947762], "lr": 0.001, "best_val": 0.53043719986189, "best_epoch": 33, "seconds": 84.19910440780222, "steps": 38581, "peak_memory_bytes": 3190080000, "time": 1790351809.2376668}
{"event": "TRAIN", "epoch": 42, "cursor": 2432, "train_count": 120355, "steps": 38600, "loss": [0.29081788659095764, 0.03413772955536842, 0.2566801607608795], "lr": 0.001, "grad_norm": 0.650359034538269, "time": 1790351810.9546409, "seconds_this_epoch": 1.6334351003170013}
{"event": "TRAIN", "epoch": 42, "cursor": 15232, "train_count": 120355, "steps": 38700, "loss": [0.30454331636428833, 0.030598381534218788, 0.2739449441432953], "lr": 0.001, "grad_norm": 0.717894971370697, "time": 1790351820.004765, "seconds_this_epoch": 10.683559095486999}
{"event": "TRAIN", "epoch": 42, "cursor": 28032, "train_count": 120355, "steps": 38800, "loss": [0.30434828996658325, 0.03386318311095238, 0.2704851031303406], "lr": 0.001, "grad_norm": 1.0313167572021484, "time": 1790351829.179494, "seconds_this_epoch": 19.85828872770071}
{"event": "TRAIN", "epoch": 42, "cursor": 40832, "train_count": 120355, "steps": 38900, "loss": [0.29306739568710327, 0.03194292262196541, 0.26112446188926697], "lr": 0.001, "grad_norm": 0.7393285036087036, "time": 1790351838.3450634, "seconds_this_epoch": 29.023858539760113}
{"event": "TRAIN", "epoch": 42, "cursor": 53632, "train_count": 120355, "steps": 39000, "loss": [0.32758328318595886, 0.0359819121658802, 0.29160135984420776], "lr": 0.001, "grad_norm": 0.7007728815078735, "time": 1790351846.9352872, "seconds_this_epoch": 37.61408225260675}
{"event": "TRAIN", "epoch": 42, "cursor": 66432, "train_count": 120355, "steps": 39100, "loss": [0.31660017371177673, 0.03960864990949631, 0.27699151635169983], "lr": 0.001, "grad_norm": 1.1619292497634888, "time": 1790351855.4370553, "seconds_this_epoch": 46.11584956385195}
{"event": "TRAIN", "epoch": 42, "cursor": 79232, "train_count": 120355, "steps": 39200, "loss": [0.2888423800468445, 0.02977697364985943, 0.2590654194355011], "lr": 0.001, "grad_norm": 0.6876789927482605, "time": 1790351864.001875, "seconds_this_epoch": 54.68067008443177}
{"event": "TRAIN", "epoch": 42, "cursor": 92032, "train_count": 120355, "steps": 39300, "loss": [0.27538567781448364, 0.03185586631298065, 0.2435297966003418], "lr": 0.001, "grad_norm": 0.7556763887405396, "time": 1790351872.5814233, "seconds_this_epoch": 63.26021819189191}
{"event": "TRAIN", "epoch": 42, "cursor": 104832, "train_count": 120355, "steps": 39400, "loss": [0.2785041332244873, 0.033165208995342255, 0.24533893167972565], "lr": 0.001, "grad_norm": 0.6073562502861023, "time": 1790351881.0691948, "seconds_this_epoch": 71.74798965640366}
{"event": "TRAIN", "epoch": 42, "cursor": 117632, "train_count": 120355, "steps": 39500, "loss": [0.2922115623950958, 0.03524861857295036, 0.25696295499801636], "lr": 0.001, "grad_norm": 0.6824936270713806, "time": 1790351889.6484547, "seconds_this_epoch": 80.32724973931909}
{"epoch": 42, "train": [0.29323804647499285, 0.033157666789411205, 0.26008037978462967], "val": [0.5748983533518635, 0.035751412683641556, 0.5391469401511609], "lr": 0.001, "best_val": 0.53043719986189, "best_epoch": 33, "seconds": 83.46642793156207, "steps": 39522, "peak_memory_bytes": 3190080000, "time": 1790351892.7878983}
{"event": "TRAIN", "epoch": 43, "cursor": 9984, "train_count": 120355, "steps": 39600, "loss": [0.23931674659252167, 0.028395401313900948, 0.21092134714126587], "lr": 0.001, "grad_norm": 0.7630318999290466, "time": 1790351899.5007856, "seconds_this_epoch": 6.628765892237425}
{"event": "TRAIN", "epoch": 43, "cursor": 22784, "train_count": 120355, "steps": 39700, "loss": [0.3144727349281311, 0.03397901728749275, 0.28049370646476746], "lr": 0.001, "grad_norm": 0.8036611676216125, "time": 1790351908.6330435, "seconds_this_epoch": 15.761023307219148}
{"event": "TRAIN", "epoch": 43, "cursor": 35584, "train_count": 120355, "steps": 39800, "loss": [0.24473586678504944, 0.030951282009482384, 0.2137845903635025], "lr": 0.001, "grad_norm": 0.8420414328575134, "time": 1790351917.815727, "seconds_this_epoch": 24.943707436323166}
{"event": "TRAIN", "epoch": 43, "cursor": 48384, "train_count": 120355, "steps": 39900, "loss": [0.21124175190925598, 0.03347660228610039, 0.1777651458978653], "lr": 0.001, "grad_norm": 0.6370109915733337, "time": 1790351926.866264, "seconds_this_epoch": 33.99424456246197}
{"event": "TRAIN", "epoch": 43, "cursor": 61184, "train_count": 120355, "steps": 40000, "loss": [0.29128047823905945, 0.029229290783405304, 0.26205119490623474], "lr": 0.001, "grad_norm": 0.5687985420227051, "time": 1790351935.8393662, "seconds_this_epoch": 42.967346135526896}
{"event": "TRAIN", "epoch": 43, "cursor": 73984, "train_count": 120355, "steps": 40100, "loss": [0.28238677978515625, 0.03144174441695213, 0.2509450316429138], "lr": 0.001, "grad_norm": 0.832907497882843, "time": 1790351944.8148797, "seconds_this_epoch": 51.94286003895104}
{"event": "TRAIN", "epoch": 43, "cursor": 86784, "train_count": 120355, "steps": 40200, "loss": [0.2894052267074585, 0.032204821705818176, 0.2572004199028015], "lr": 0.001, "grad_norm": 0.8508289456367493, "time": 1790351954.0802283, "seconds_this_epoch": 61.20820829086006}
{"event": "TRAIN", "epoch": 43, "cursor": 99584, "train_count": 120355, "steps": 40300, "loss": [0.2952556312084198, 0.03215454891324043, 0.26310107111930847], "lr": 0.001, "grad_norm": 0.9277598261833191, "time": 1790351963.1342618, "seconds_this_epoch": 70.26224156655371}
{"event": "TRAIN", "epoch": 43, "cursor": 112384, "train_count": 120355, "steps": 40400, "loss": [0.325740247964859, 0.03702962026000023, 0.2887106239795685], "lr": 0.001, "grad_norm": 0.8709648847579956, "time": 1790351972.1548975, "seconds_this_epoch": 79.28287709318101}
{"epoch": 43, "train": [0.2858417420941739, 0.032695817543333526, 0.2531459244959306], "val": [0.557179405451748, 0.03523291461559744, 0.5219464915760826], "lr": 0.001, "best_val": 0.53043719986189, "best_epoch": 33, "seconds": 85.27196233160794, "steps": 40463, "peak_memory_bytes": 3190080000, "time": 1790351978.1442537}
{"event": "TRAIN", "epoch": 44, "cursor": 4736, "train_count": 120355, "steps": 40500, "loss": [0.21765607595443726, 0.028443338349461555, 0.18921273946762085], "lr": 0.001, "grad_norm": 0.5560745596885681, "time": 1790351981.0779898, "seconds_this_epoch": 2.8490185122936964}
{"event": "TRAIN", "epoch": 44, "cursor": 17536, "train_count": 120355, "steps": 40600, "loss": [0.2615697383880615, 0.031244296580553055, 0.23032544553279877], "lr": 0.001, "grad_norm": 0.9717103838920593, "time": 1790351990.103105, "seconds_this_epoch": 11.874133933335543}
{"event": "TRAIN", "epoch": 44, "cursor": 30336, "train_count": 120355, "steps": 40700, "loss": [0.29936596751213074, 0.036477383226156235, 0.2628885805606842], "lr": 0.001, "grad_norm": 1.0599050521850586, "time": 1790351999.258022, "seconds_this_epoch": 21.029051197692752}
{"event": "TRAIN", "epoch": 44, "cursor": 43136, "train_count": 120355, "steps": 40800, "loss": [0.32249337434768677, 0.030839966610074043, 0.2916533946990967], "lr": 0.001, "grad_norm": 0.7506787180900574, "time": 1790352008.297927, "seconds_this_epoch": 30.068955656141043}
{"event": "TRAIN", "epoch": 44, "cursor": 55936, "train_count": 120355, "steps": 40900, "loss": [0.26397719979286194, 0.0392644964158535, 0.22471271455287933], "lr": 0.001, "grad_norm": 0.9895058870315552, "time": 1790352017.238334, "seconds_this_epoch": 39.009362725540996}
{"event": "TRAIN", "epoch": 44, "cursor": 68736, "train_count": 120355, "steps": 41000, "loss": [0.27838101983070374, 0.03163217380642891, 0.24674883484840393], "lr": 0.001, "grad_norm": 0.7416657209396362, "time": 1790352026.363349, "seconds_this_epoch": 48.13437796756625}
{"event": "TRAIN", "epoch": 44, "cursor": 81536, "train_count": 120355, "steps": 41100, "loss": [0.28566721081733704, 0.02975073829293251, 0.2559164762496948], "lr": 0.001, "grad_norm": 0.6934577822685242, "time": 1790352035.334567, "seconds_this_epoch": 57.10559590347111}
{"event": "TRAIN", "epoch": 44, "cursor": 94336, "train_count": 120355, "steps": 41200, "loss": [0.2524169981479645, 0.03366568312048912, 0.21875132620334625], "lr": 0.001, "grad_norm": 0.5247060656547546, "time": 1790352044.5327165, "seconds_this_epoch": 66.30374576896429}
{"event": "TRAIN", "epoch": 44, "cursor": 107136, "train_count": 120355, "steps": 41300, "loss": [0.23264287412166595, 0.030876968055963516, 0.20176590979099274], "lr": 0.001, "grad_norm": 0.6756522059440613, "time": 1790352053.6399624, "seconds_this_epoch": 75.41099126823246}
{"event": "TRAIN", "epoch": 44, "cursor": 119936, "train_count": 120355, "steps": 41400, "loss": [0.29485073685646057, 0.031212862581014633, 0.26363787055015564], "lr": 0.001, "grad_norm": 0.9814959168434143, "time": 1790352062.6454427, "seconds_this_epoch": 84.41647148877382}
{"epoch": 44, "train": [0.2769956592385133, 0.032314321188567446, 0.24468133793288346], "val": [0.5834573238793869, 0.034918981747751356, 0.5485383399474988], "lr": 0.001, "best_val": 0.53043719986189, "best_epoch": 33, "seconds": 86.01191798970103, "steps": 41404, "peak_memory_bytes": 3190080000, "time": 1790352064.241149}
{"event": "TRAIN", "epoch": 45, "cursor": 12288, "train_count": 120355, "steps": 41500, "loss": [0.3045831024646759, 0.03063366562128067, 0.27394944429397583], "lr": 0.001, "grad_norm": 0.916506290435791, "time": 1790352072.9796736, "seconds_this_epoch": 8.653530709445477}
{"event": "TRAIN", "epoch": 45, "cursor": 25088, "train_count": 120355, "steps": 41600, "loss": [0.2885270118713379, 0.034261345863342285, 0.2542656660079956], "lr": 0.001, "grad_norm": 1.061749815940857, "time": 1790352082.1530802, "seconds_this_epoch": 17.826937813311815}
{"event": "TRAIN", "epoch": 45, "cursor": 37888, "train_count": 120355, "steps": 41700, "loss": [0.2636420726776123, 0.029916726052761078, 0.23372533917427063], "lr": 0.001, "grad_norm": 0.9794947504997253, "time": 1790352090.9509897, "seconds_this_epoch": 26.624846814200282}
{"event": "TRAIN", "epoch": 45, "cursor": 50688, "train_count": 120355, "steps": 41800, "loss": [0.40747588872909546, 0.033295612782239914, 0.37418028712272644], "lr": 0.001, "grad_norm": 1.6308172941207886, "time": 1790352099.7569978, "seconds_this_epoch": 35.43085532262921}
{"event": "TRAIN", "epoch": 45, "cursor": 63488, "train_count": 120355, "steps": 41900, "loss": [0.27192389965057373, 0.03353165462613106, 0.23839223384857178], "lr": 0.001, "grad_norm": 0.8264880776405334, "time": 1790352108.5243711, "seconds_this_epoch": 44.198228450492024}
{"event": "TRAIN", "epoch": 45, "cursor": 76288, "train_count": 120355, "steps": 42000, "loss": [0.29178664088249207, 0.034941088408231735, 0.2568455636501312], "lr": 0.001, "grad_norm": 0.6919113993644714, "time": 1790352117.2683315, "seconds_this_epoch": 52.94218829832971}
{"event": "TRAIN", "epoch": 45, "cursor": 89088, "train_count": 120355, "steps": 42100, "loss": [0.317598819732666, 0.035409294068813324, 0.2821895182132721], "lr": 0.001, "grad_norm": 1.9324061870574951, "time": 1790352126.1190135, "seconds_this_epoch": 61.792870895937085}
{"event": "TRAIN", "epoch": 45, "cursor": 101888, "train_count": 120355, "steps": 42200, "loss": [0.24707280099391937, 0.026813844218850136, 0.2202589511871338], "lr": 0.001, "grad_norm": 0.7273839712142944, "time": 1790352135.1190007, "seconds_this_epoch": 70.79285725951195}
{"event": "TRAIN", "epoch": 45, "cursor": 114688, "train_count": 120355, "steps": 42300, "loss": [0.31464913487434387, 0.031453073024749756, 0.2831960618495941], "lr": 0.001, "grad_norm": 0.6417110562324524, "time": 1790352144.1497886, "seconds_this_epoch": 79.82364592701197}
{"epoch": 45, "train": [0.2726824142326371, 0.03215343228917659, 0.24052898179488844], "val": [0.5619224029995173, 0.03545467498022177, 0.5264677266107503], "lr": 0.001, "best_val": 0.53043719986189, "best_epoch": 33, "seconds": 85.12987510673702, "steps": 42345, "peak_memory_bytes": 3190080000, "time": 1790352149.4562938}
{"event": "TRAIN", "epoch": 46, "cursor": 7040, "train_count": 120355, "steps": 42400, "loss": [0.28006988763809204, 0.03142387792468071, 0.24864602088928223], "lr": 0.001, "grad_norm": 0.6837220788002014, "time": 1790352154.3844483, "seconds_this_epoch": 4.843150049448013}
{"event": "TRAIN", "epoch": 46, "cursor": 19840, "train_count": 120355, "steps": 42500, "loss": [0.2974868416786194, 0.030131952837109566, 0.2673548758029938], "lr": 0.001, "grad_norm": 0.8119503259658813, "time": 1790352163.4919827, "seconds_this_epoch": 13.950684925541282}
{"event": "TRAIN", "epoch": 46, "cursor": 32640, "train_count": 120355, "steps": 42600, "loss": [0.30136314034461975, 0.032861050218343735, 0.2685020864009857], "lr": 0.001, "grad_norm": 1.0566842555999756, "time": 1790352172.5846243, "seconds_this_epoch": 23.043326316401362}
{"event": "TRAIN", "epoch": 46, "cursor": 45440, "train_count": 120355, "steps": 42700, "loss": [0.2558707296848297, 0.03266983479261398, 0.22320090234279633], "lr": 0.001, "grad_norm": 1.111419677734375, "time": 1790352181.6657426, "seconds_this_epoch": 32.12444473430514}
{"event": "TRAIN", "epoch": 46, "cursor": 58240, "train_count": 120355, "steps": 42800, "loss": [0.2510750889778137, 0.0323374941945076, 0.21873760223388672], "lr": 0.001, "grad_norm": 0.5679652094841003, "time": 1790352190.7191837, "seconds_this_epoch": 41.177885599434376}
{"event": "TRAIN", "epoch": 46, "cursor": 71040, "train_count": 120355, "steps": 42900, "loss": [0.24223412573337555, 0.03092881105840206, 0.21130532026290894], "lr": 0.001, "grad_norm": 0.8579593896865845, "time": 1790352199.8835459, "seconds_this_epoch": 50.34224823117256}
{"event": "TRAIN", "epoch": 46, "cursor": 83840, "train_count": 120355, "steps": 43000, "loss": [0.22507604956626892, 0.03173748403787613, 0.1933385729789734], "lr": 0.001, "grad_norm": 0.5631099343299866, "time": 1790352208.902356, "seconds_this_epoch": 59.36105801910162}
{"event": "TRAIN", "epoch": 46, "cursor": 96640, "train_count": 120355, "steps": 43100, "loss": [0.2804505228996277, 0.031348228454589844, 0.24910227954387665], "lr": 0.001, "grad_norm": 0.6716426014900208, "time": 1790352217.9461703, "seconds_this_epoch": 68.40487264469266}
{"event": "TRAIN", "epoch": 46, "cursor": 109440, "train_count": 120355, "steps": 43200, "loss": [0.2670861780643463, 0.03298627585172653, 0.23409989476203918], "lr": 0.001, "grad_norm": 0.7686479091644287, "time": 1790352227.0432944, "seconds_this_epoch": 77.50199663452804}
{"epoch": 46, "train": [0.26604004460225783, 0.0317562330491133, 0.23428381181571475], "val": [0.5827479516536291, 0.03490639124271793, 0.5478415662857932], "lr": 0.001, "best_val": 0.53043719986189, "best_epoch": 33, "seconds": 86.5305279828608, "steps": 43286, "peak_memory_bytes": 3190080000, "time": 1790352236.072122}
{"event": "TRAIN", "epoch": 47, "cursor": 1792, "train_count": 120355, "steps": 43300, "loss": [0.24627059698104858, 0.02774064429104328, 0.21852995455265045], "lr": 0.001, "grad_norm": 0.6116906404495239, "time": 1790352237.2872531, "seconds_this_epoch": 1.1332750339061022}
{"event": "TRAIN", "epoch": 47, "cursor": 14592, "train_count": 120355, "steps": 43400, "loss": [0.2981933057308197, 0.03204623609781265, 0.26614707708358765], "lr": 0.001, "grad_norm": 0.8121767044067383, "time": 1790352246.4668007, "seconds_this_epoch": 10.312823118641973}
{"event": "TRAIN", "epoch": 47, "cursor": 27392, "train_count": 120355, "steps": 43500, "loss": [0.2357843965291977, 0.031360406428575516, 0.20442399382591248], "lr": 0.001, "grad_norm": 0.47970330715179443, "time": 1790352255.6261425, "seconds_this_epoch": 19.472164222970605}
{"event": "TRAIN", "epoch": 47, "cursor": 40192, "train_count": 120355, "steps": 43600, "loss": [0.2416152060031891, 0.032258059829473495, 0.2093571424484253], "lr": 0.001, "grad_norm": 0.6200569868087769, "time": 1790352264.7251081, "seconds_this_epoch": 28.57113049738109}
{"event": "TRAIN", "epoch": 47, "cursor": 52992, "train_count": 120355, "steps": 43700, "loss": [0.22650741040706635, 0.029923077672719955, 0.1965843290090561], "lr": 0.001, "grad_norm": 0.6969240307807922, "time": 1790352273.7732882, "seconds_this_epoch": 37.61931093595922}
{"event": "TRAIN", "epoch": 47, "cursor": 65792, "train_count": 120355, "steps": 43800, "loss": [0.20356012880802155, 0.030305836349725723, 0.17325429618358612], "lr": 0.001, "grad_norm": 0.5069150328636169, "time": 1790352282.817527, "seconds_this_epoch": 46.66354945115745}
{"event": "TRAIN", "epoch": 47, "cursor": 78592, "train_count": 120355, "steps": 43900, "loss": [0.2897447943687439, 0.03049508109688759, 0.2592497169971466], "lr": 0.001, "grad_norm": 0.7241372466087341, "time": 1790352291.9275815, "seconds_this_epoch": 55.773603707551956}
{"event": "TRAIN", "epoch": 47, "cursor": 91392, "train_count": 120355, "steps": 44000, "loss": [0.2531694173812866, 0.02704656310379505, 0.22612285614013672], "lr": 0.001, "grad_norm": 0.9101515412330627, "time": 1790352301.0031476, "seconds_this_epoch": 64.8491693995893}
{"event": "TRAIN", "epoch": 47, "cursor": 104192, "train_count": 120355, "steps": 44100, "loss": [0.3135494291782379, 0.03579260781407356, 0.27775681018829346], "lr": 0.001, "grad_norm": 0.8976218700408936, "time": 1790352310.0719922, "seconds_this_epoch": 73.91801464743912}
{"event": "TRAIN", "epoch": 47, "cursor": 116992, "train_count": 120355, "steps": 44200, "loss": [0.2357509583234787, 0.033871401101350784, 0.2018795609474182], "lr": 0.001, "grad_norm": 0.5709725022315979, "time": 1790352319.0707097, "seconds_this_epoch": 82.91673226840794}
{"epoch": 47, "train": [0.26108315482250916, 0.03136420050994751, 0.22971895453857696], "val": [0.5788287276320211, 0.03499053610751203, 0.5438381935570934], "lr": 0.001, "best_val": 0.53043719986189, "best_epoch": 33, "seconds": 86.5339059047401, "steps": 44227, "peak_memory_bytes": 3190080000, "time": 1790352322.6881325}
{"event": "TRAIN", "epoch": 48, "cursor": 9344, "train_count": 120355, "steps": 44300, "loss": [0.22360682487487793, 0.029863012954592705, 0.19374381005764008], "lr": 0.001, "grad_norm": 0.6450077295303345, "time": 1790352328.983762, "seconds_this_epoch": 6.214066056534648}
{"event": "TRAIN", "epoch": 48, "cursor": 22144, "train_count": 120355, "steps": 44400, "loss": [0.27435964345932007, 0.029815297573804855, 0.2445443570613861], "lr": 0.001, "grad_norm": 0.8381836414337158, "time": 1790352337.7301333, "seconds_this_epoch": 14.960437001660466}
{"event": "TRAIN", "epoch": 48, "cursor": 34944, "train_count": 120355, "steps": 44500, "loss": [0.3164066672325134, 0.03127751126885414, 0.2851291596889496], "lr": 0.001, "grad_norm": 1.9384369850158691, "time": 1790352346.8419144, "seconds_this_epoch": 24.07221899367869}
{"event": "TRAIN", "epoch": 48, "cursor": 47744, "train_count": 120355, "steps": 44600, "loss": [0.2955355644226074, 0.03561340644955635, 0.2599221467971802], "lr": 0.001, "grad_norm": 0.7296271324157715, "time": 1790352355.8637257, "seconds_this_epoch": 33.094029664993286}
{"event": "TRAIN", "epoch": 48, "cursor": 60544, "train_count": 120355, "steps": 44700, "loss": [0.33398258686065674, 0.0338495634496212, 0.30013301968574524], "lr": 0.001, "grad_norm": 1.4915056228637695, "time": 1790352364.9809334, "seconds_this_epoch": 42.21123765967786}
{"event": "TRAIN", "epoch": 48, "cursor": 73344, "train_count": 120355, "steps": 44800, "loss": [0.2510499358177185, 0.03338128700852394, 0.21766865253448486], "lr": 0.001, "grad_norm": 0.758074164390564, "time": 1790352373.857381, "seconds_this_epoch": 51.087685372680426}
{"event": "TRAIN", "epoch": 48, "cursor": 86144, "train_count": 120355, "steps": 44900, "loss": [0.2839280068874359, 0.032405607402324677, 0.25152239203453064], "lr": 0.001, "grad_norm": 0.6719065308570862, "time": 1790352382.720622, "seconds_this_epoch": 59.95092662982643}
{"event": "TRAIN", "epoch": 48, "cursor": 98944, "train_count": 120355, "steps": 45000, "loss": [0.243368461728096, 0.03171135485172272, 0.2116571068763733], "lr": 0.001, "grad_norm": 0.6754359602928162, "time": 1790352391.3067935, "seconds_this_epoch": 68.5370973367244}
{"event": "TRAIN", "epoch": 48, "cursor": 111744, "train_count": 120355, "steps": 45100, "loss": [0.2449541687965393, 0.03255041316151619, 0.21240375936031342], "lr": 0.001, "grad_norm": 0.9771754145622253, "time": 1790352399.7216175, "seconds_this_epoch": 76.95192156359553}
{"epoch": 48, "train": [0.2575236270023192, 0.031400591323340145, 0.2261230355878548], "val": [0.5675275375698271, 0.03480370940471744, 0.5327238259542284], "lr": 0.001, "best_val": 0.53043719986189, "best_epoch": 33, "seconds": 83.86399012431502, "steps": 45168, "peak_memory_bytes": 3191972864, "time": 1790352406.63394}
{"event": "TRAIN", "epoch": 49, "cursor": 4096, "train_count": 120355, "steps": 45200, "loss": [0.23230892419815063, 0.028967445716261864, 0.20334148406982422], "lr": 0.001, "grad_norm": 0.584098219871521, "time": 1790352409.452359, "seconds_this_epoch": 2.73543044552207}
{"event": "TRAIN", "epoch": 49, "cursor": 16896, "train_count": 120355, "steps": 45300, "loss": [0.2530938386917114, 0.02857353165745735, 0.22452031075954437], "lr": 0.001, "grad_norm": 0.8787081241607666, "time": 1790352418.2086494, "seconds_this_epoch": 11.491721000522375}
{"event": "TRAIN", "epoch": 49, "cursor": 29696, "train_count": 120355, "steps": 45400, "loss": [0.2552458941936493, 0.03087933547794819, 0.22436654567718506], "lr": 0.001, "grad_norm": 0.7425850629806519, "time": 1790352426.7783265, "seconds_this_epoch": 20.061398150399327}
{"event": "TRAIN", "epoch": 49, "cursor": 42496, "train_count": 120355, "steps": 45500, "loss": [0.3350800573825836, 0.028947794809937477, 0.3061322569847107], "lr": 0.001, "grad_norm": 1.077120304107666, "time": 1790352435.1392999, "seconds_this_epoch": 28.42237163335085}
{"event": "TRAIN", "epoch": 49, "cursor": 55296, "train_count": 120355, "steps": 45600, "loss": [0.2877921760082245, 0.03984753042459488, 0.247944638133049], "lr": 0.001, "grad_norm": 0.7413065433502197, "time": 1790352444.1722589, "seconds_this_epoch": 37.455330174416304}
{"event": "TRAIN", "epoch": 49, "cursor": 68096, "train_count": 120355, "steps": 45700, "loss": [0.21623167395591736, 0.03294132277369499, 0.18329034745693207], "lr": 0.001, "grad_norm": 0.6225815415382385, "time": 1790352453.1762893, "seconds_this_epoch": 46.45936094969511}
{"event": "TRAIN", "epoch": 49, "cursor": 80896, "train_count": 120355, "steps": 45800, "loss": [0.2781975269317627, 0.03218063712120056, 0.24601690471172333], "lr": 0.001, "grad_norm": 0.8316470980644226, "time": 1790352462.2694602, "seconds_this_epoch": 55.55253202468157}
{"event": "TRAIN", "epoch": 49, "cursor": 93696, "train_count": 120355, "steps": 45900, "loss": [0.23060333728790283, 0.027689501643180847, 0.20291383564472198], "lr": 0.001, "grad_norm": 0.6175735592842102, "time": 1790352471.1861973, "seconds_this_epoch": 64.46926845610142}
{"event": "TRAIN", "epoch": 49, "cursor": 106496, "train_count": 120355, "steps": 46000, "loss": [0.1973019242286682, 0.03245502710342407, 0.16484689712524414], "lr": 0.001, "grad_norm": 0.7208123803138733, "time": 1790352480.2807045, "seconds_this_epoch": 73.56377590075135}
{"event": "TRAIN", "epoch": 49, "cursor": 119296, "train_count": 120355, "steps": 46100, "loss": [0.2681724429130554, 0.031843844801187515, 0.2363286018371582], "lr": 0.001, "grad_norm": 1.5607056617736816, "time": 1790352489.336373, "seconds_this_epoch": 82.61944418027997}
{"epoch": 49, "train": [0.25398597393893246, 0.031185237757555495, 0.22280073630726088], "val": [0.5750890616489106, 0.03560295117996141, 0.5394861084096203], "lr": 0.001, "best_val": 0.53043719986189, "best_epoch": 33, "seconds": 84.67429003678262, "steps": 46109, "peak_memory_bytes": 3191972864, "time": 1790352491.3914638}
{"event": "TRAIN", "epoch": 50, "cursor": 11648, "train_count": 120355, "steps": 46200, "loss": [0.2475786954164505, 0.028873084113001823, 0.21870560944080353], "lr": 0.001, "grad_norm": 0.8780650496482849, "time": 1790352499.7125144, "seconds_this_epoch": 8.237642029300332}
{"event": "TRAIN", "epoch": 50, "cursor": 24448, "train_count": 120355, "steps": 46300, "loss": [0.2660931944847107, 0.030414002016186714, 0.23567917943000793], "lr": 0.001, "grad_norm": 0.7198768854141235, "time": 1790352508.836739, "seconds_this_epoch": 17.361866293475032}
{"event": "TRAIN", "epoch": 50, "cursor": 37248, "train_count": 120355, "steps": 46400, "loss": [0.24748724699020386, 0.029770411550998688, 0.21771684288978577], "lr": 0.001, "grad_norm": 0.764266312122345, "time": 1790352517.5973513, "seconds_this_epoch": 26.12247863598168}
{"event": "TRAIN", "epoch": 50, "cursor": 50048, "train_count": 120355, "steps": 46500, "loss": [0.27741900086402893, 0.03174244984984398, 0.24567656219005585], "lr": 0.001, "grad_norm": 0.6865252256393433, "time": 1790352526.1380565, "seconds_this_epoch": 34.66318388096988}
{"event": "TRAIN", "epoch": 50, "cursor": 62848, "train_count": 120355, "steps": 46600, "loss": [0.18643628060817719, 0.027573298662900925, 0.15886297821998596], "lr": 0.001, "grad_norm": 0.5314957499504089, "time": 1790352534.8611584, "seconds_this_epoch": 43.386286260560155}
{"event": "TRAIN", "epoch": 50, "cursor": 75648, "train_count": 120355, "steps": 46700, "loss": [0.2904717028141022, 0.033429332077503204, 0.25704237818717957], "lr": 0.001, "grad_norm": 1.2203352451324463, "time": 1790352543.648254, "seconds_this_epoch": 52.173381520435214}
{"event": "TRAIN", "epoch": 50, "cursor": 88448, "train_count": 120355, "steps": 46800, "loss": [0.24851757287979126, 0.036461878567934036, 0.21205569803714752], "lr": 0.001, "grad_norm": 0.7789031267166138, "time": 1790352552.1690495, "seconds_this_epoch": 60.69417715445161}
{"event": "TRAIN", "epoch": 50, "cursor": 101248, "train_count": 120355, "steps": 46900, "loss": [0.2931182384490967, 0.03112463839352131, 0.2619935870170593], "lr": 0.001, "grad_norm": 0.828901469707489, "time": 1790352560.6695778, "seconds_this_epoch": 69.1947048380971}
{"event": "TRAIN", "epoch": 50, "cursor": 114048, "train_count": 120355, "steps": 47000, "loss": [0.26981234550476074, 0.026796048507094383, 0.2430163025856018], "lr": 0.001, "grad_norm": 0.9107941389083862, "time": 1790352569.1739304, "seconds_this_epoch": 77.69905790127814}
{"epoch": 50, "train": [0.2493755952571833, 0.031021341949931596, 0.21835425346897863], "val": [0.5654224807760369, 0.034900626797823006, 0.5305218535770458], "lr": 0.001, "best_val": 0.53043719986189, "best_epoch": 33, "seconds": 83.55151713266969, "steps": 47050, "peak_memory_bytes": 3191972864, "time": 1790352575.026629}
{"event": "TRAIN", "epoch": 51, "cursor": 6400, "train_count": 120355, "steps": 47100, "loss": [0.24164563417434692, 0.031879574060440063, 0.20976606011390686], "lr": 0.001, "grad_norm": 0.6857613921165466, "time": 1790352579.582583, "seconds_this_epoch": 4.472236454486847}
{"event": "TRAIN", "epoch": 51, "cursor": 19200, "train_count": 120355, "steps": 47200, "loss": [0.2310936450958252, 0.034287068992853165, 0.19680657982826233], "lr": 0.001, "grad_norm": 0.6593579053878784, "time": 1790352588.7450273, "seconds_this_epoch": 13.634680887684226}
{"event": "TRAIN", "epoch": 51, "cursor": 32000, "train_count": 120355, "steps": 47300, "loss": [0.20644061267375946, 0.027816418558359146, 0.1786241978406906], "lr": 0.001, "grad_norm": 0.8593049049377441, "time": 1790352597.7655816, "seconds_this_epoch": 22.655234383419156}
{"event": "TRAIN", "epoch": 51, "cursor": 44800, "train_count": 120355, "steps": 47400, "loss": [0.23075179755687714, 0.03158031776547432, 0.19917148351669312], "lr": 0.001, "grad_norm": 0.6956020593643188, "time": 1790352606.8257596, "seconds_this_epoch": 31.7154128998518}
{"event": "TRAIN", "epoch": 51, "cursor": 57600, "train_count": 120355, "steps": 47500, "loss": [0.20710453391075134, 0.027115508913993835, 0.1799890249967575], "lr": 0.001, "grad_norm": 0.4994828402996063, "time": 1790352615.8499398, "seconds_this_epoch": 40.739593267440796}
{"event": "TRAIN", "epoch": 51, "cursor": 70400, "train_count": 120355, "steps": 47600, "loss": [0.2384641170501709, 0.03159051761031151, 0.2068735957145691], "lr": 0.001, "grad_norm": 0.7913261651992798, "time": 1790352624.9040449, "seconds_this_epoch": 49.79369803890586}
{"event": "TRAIN", "epoch": 51, "cursor": 83200, "train_count": 120355, "steps": 47700, "loss": [0.20746299624443054, 0.03063286654651165, 0.17683012783527374], "lr": 0.001, "grad_norm": 0.509519636631012, "time": 1790352633.8131406, "seconds_this_epoch": 58.7027939632535}
{"event": "TRAIN", "epoch": 51, "cursor": 96000, "train_count": 120355, "steps": 47800, "loss": [0.23758138716220856, 0.031143473461270332, 0.20643791556358337], "lr": 0.001, "grad_norm": 0.7307903170585632, "time": 1790352642.9077325, "seconds_this_epoch": 67.79738593287766}
{"event": "TRAIN", "epoch": 51, "cursor": 108800, "train_count": 120355, "steps": 47900, "loss": [0.2920805811882019, 0.027237342670559883, 0.264843225479126], "lr": 0.001, "grad_norm": 1.050398349761963, "time": 1790352651.9124355, "seconds_this_epoch": 76.80208866670728}
{"epoch": 51, "train": [0.2455454838312557, 0.03075883297698409, 0.21478665096142924], "val": [0.5655932979529538, 0.0340669922778038, 0.5315263079840945], "lr": 0.001, "best_val": 0.53043719986189, "best_epoch": 33, "seconds": 86.25118556246161, "steps": 47991, "peak_memory_bytes": 3191972864, "time": 1790352661.3617804}
{"event": "TRAIN", "epoch": 52, "cursor": 1152, "train_count": 120355, "steps": 48000, "loss": [0.2558903992176056, 0.029832836240530014, 0.22605755925178528], "lr": 0.001, "grad_norm": 0.8339622020721436, "time": 1790352662.1482167, "seconds_this_epoch": 0.7027026973664761}
{"event": "TRAIN", "epoch": 52, "cursor": 13952, "train_count": 120355, "steps": 48100, "loss": [0.25232455134391785, 0.028043676167726517, 0.22428086400032043], "lr": 0.001, "grad_norm": 0.9429776072502136, "time": 1790352671.2688427, "seconds_this_epoch": 9.823328012600541}
{"event": "TRAIN", "epoch": 52, "cursor": 26752, "train_count": 120355, "steps": 48200, "loss": [0.23457708954811096, 0.0296886395663023, 0.2048884481191635], "lr": 0.001, "grad_norm": 1.1514769792556763, "time": 1790352680.028282, "seconds_this_epoch": 18.582767320796847}
{"event": "TRAIN", "epoch": 52, "cursor": 39552, "train_count": 120355, "steps": 48300, "loss": [0.20974481105804443, 0.030903035774827003, 0.17884176969528198], "lr": 0.001, "grad_norm": 0.7051216959953308, "time": 1790352689.1008246, "seconds_this_epoch": 27.65531001612544}
{"event": "TRAIN", "epoch": 52, "cursor": 52352, "train_count": 120355, "steps": 48400, "loss": [0.23459768295288086, 0.031818412244319916, 0.20277927815914154], "lr": 0.001, "grad_norm": 0.805952250957489, "time": 1790352698.1515489, "seconds_this_epoch": 36.70603518746793}
{"event": "TRAIN", "epoch": 52, "cursor": 65152, "train_count": 120355, "steps": 48500, "loss": [0.2234019786119461, 0.02737537957727909, 0.19602659344673157], "lr": 0.001, "grad_norm": 0.7616157531738281, "time": 1790352707.1290376, "seconds_this_epoch": 45.68352333270013}
{"event": "TRAIN", "epoch": 52, "cursor": 77952, "train_count": 120355, "steps": 48600, "loss": [0.42562568187713623, 0.03508312255144119, 0.39054256677627563], "lr": 0.001, "grad_norm": 3.343731164932251, "time": 1790352716.176823, "seconds_this_epoch": 54.73130830936134}
{"event": "TRAIN", "epoch": 52, "cursor": 90752, "train_count": 120355, "steps": 48700, "loss": [0.28082484006881714, 0.03026731312274933, 0.250557541847229], "lr": 0.001, "grad_norm": 0.5590378642082214, "time": 1790352725.1185286, "seconds_this_epoch": 63.673013957217336}
{"event": "TRAIN", "epoch": 52, "cursor": 103552, "train_count": 120355, "steps": 48800, "loss": [0.24002623558044434, 0.029628969728946686, 0.21039727330207825], "lr": 0.001, "grad_norm": 0.5943354964256287, "time": 1790352734.1286197, "seconds_this_epoch": 72.68310537934303}
{"event": "TRAIN", "epoch": 52, "cursor": 116352, "train_count": 120355, "steps": 48900, "loss": [0.21328648924827576, 0.028345758095383644, 0.18494072556495667], "lr": 0.001, "grad_norm": 0.5229462385177612, "time": 1790352743.1634462, "seconds_this_epoch": 81.71793217584491}
{"epoch": 52, "train": [0.24302412445811833, 0.03064545029722076, 0.21237867410830924], "val": [0.5627839309242789, 0.03406372972138086, 0.5287202039664997], "lr": 0.001, "best_val": 0.53043719986189, "best_epoch": 33, "seconds": 85.82276634685695, "steps": 48932, "peak_memory_bytes": 3198824448, "time": 1790352747.2685184}
{"event": "TRAIN", "epoch": 53, "cursor": 8704, "train_count": 120355, "steps": 49000, "loss": [0.2825627326965332, 0.028293650597333908, 0.2542690932750702], "lr": 0.001, "grad_norm": 1.0290502309799194, "time": 1790352753.3904212, "seconds_this_epoch": 6.037825083360076}
{"event": "TRAIN", "epoch": 53, "cursor": 21504, "train_count": 120355, "steps": 49100, "loss": [0.2658769190311432, 0.03162762150168419, 0.2342492938041687], "lr": 0.001, "grad_norm": 0.5405192971229553, "time": 1790352762.5085673, "seconds_this_epoch": 15.15597115457058}
{"event": "TRAIN", "epoch": 53, "cursor": 34304, "train_count": 120355, "steps": 49200, "loss": [0.22922253608703613, 0.03272420912981033, 0.1964983195066452], "lr": 0.001, "grad_norm": 0.576166570186615, "time": 1790352771.5625331, "seconds_this_epoch": 24.209936879575253}
{"event": "TRAIN", "epoch": 53, "cursor": 47104, "train_count": 120355, "steps": 49300, "loss": [0.21407413482666016, 0.030164990574121475, 0.18390914797782898], "lr": 0.001, "grad_norm": 0.6056660413742065, "time": 1790352780.2349827, "seconds_this_epoch": 32.882386054843664}
{"event": "TRAIN", "epoch": 53, "cursor": 59904, "train_count": 120355, "steps": 49400, "loss": [0.28701433539390564, 0.02689097449183464, 0.2601233720779419], "lr": 0.001, "grad_norm": 0.8206008672714233, "time": 1790352789.0281098, "seconds_this_epoch": 41.675513876602054}
{"event": "TRAIN", "epoch": 53, "cursor": 72704, "train_count": 120355, "steps": 49500, "loss": [0.22219935059547424, 0.02914273738861084, 0.1930566132068634], "lr": 0.001, "grad_norm": 0.6978229880332947, "time": 1790352798.0700068, "seconds_this_epoch": 50.71741067431867}
{"event": "TRAIN", "epoch": 53, "cursor": 85504, "train_count": 120355, "steps": 49600, "loss": [0.20357227325439453, 0.029937870800495148, 0.1736343950033188], "lr": 0.001, "grad_norm": 0.6700177788734436, "time": 1790352807.1703327, "seconds_this_epoch": 59.81773647107184}
{"event": "TRAIN", "epoch": 53, "cursor": 98304, "train_count": 120355, "steps": 49700, "loss": [0.24402692914009094, 0.029422590509057045, 0.21460433304309845], "lr": 0.001, "grad_norm": 0.8184736967086792, "time": 1790352816.3413053, "seconds_this_epoch": 68.98870929516852}
{"event": "TRAIN", "epoch": 53, "cursor": 111104, "train_count": 120355, "steps": 49800, "loss": [0.23621661961078644, 0.035186801105737686, 0.20102982223033905], "lr": 0.001, "grad_norm": 0.5608762502670288, "time": 1790352825.414699, "seconds_this_epoch": 78.06210279650986}
{"epoch": 53, "train": [0.2392449065794661, 0.030434599903128832, 0.20881030648868762], "val": [0.5951096069445483, 0.03436981580623281, 0.5607397972449835], "lr": 0.001, "best_val": 0.53043719986189, "best_epoch": 33, "seconds": 85.88144398666918, "steps": 49873, "peak_memory_bytes": 3198824448, "time": 1790352833.2342844}
{"event": "TRAIN", "epoch": 54, "cursor": 3456, "train_count": 120355, "steps": 49900, "loss": [0.2796410918235779, 0.0293851587921381, 0.2502559423446655], "lr": 0.001, "grad_norm": 0.8262520432472229, "time": 1790352835.5874584, "seconds_this_epoch": 2.268763691186905}
{"event": "TRAIN", "epoch": 54, "cursor": 16256, "train_count": 120355, "steps": 50000, "loss": [0.18927162885665894, 0.027663923799991608, 0.16160771250724792], "lr": 0.001, "grad_norm": 0.4767671823501587, "time": 1790352844.7713618, "seconds_this_epoch": 11.452667051926255}
{"event": "TRAIN", "epoch": 54, "cursor": 29056, "train_count": 120355, "steps": 50100, "loss": [0.31004977226257324, 0.0337645448744297, 0.27628523111343384], "lr": 0.001, "grad_norm": 1.6878166198730469, "time": 1790352853.9070446, "seconds_this_epoch": 20.588349495083094}
{"event": "TRAIN", "epoch": 54, "cursor": 41856, "train_count": 120355, "steps": 50200, "loss": [0.1964050680398941, 0.027669770643115044, 0.1687352955341339], "lr": 0.001, "grad_norm": 0.6568713188171387, "time": 1790352863.1120226, "seconds_this_epoch": 29.793327398598194}
{"event": "TRAIN", "epoch": 54, "cursor": 54656, "train_count": 120355, "steps": 50300, "loss": [0.2213534712791443, 0.02835836634039879, 0.1929951012134552], "lr": 0.001, "grad_norm": 0.5596842169761658, "time": 1790352871.5911598, "seconds_this_epoch": 38.2724648360163}
{"event": "TRAIN", "epoch": 54, "cursor": 67456, "train_count": 120355, "steps": 50400, "loss": [0.3028503954410553, 0.03560643643140793, 0.2672439515590668], "lr": 0.001, "grad_norm": 0.8803859949111938, "time": 1790352880.6139576, "seconds_this_epoch": 47.295262947678566}
{"event": "TRAIN", "epoch": 54, "cursor": 80256, "train_count": 120355, "steps": 50500, "loss": [0.2982184588909149, 0.033965978771448135, 0.2642524838447571], "lr": 0.001, "grad_norm": 1.059659481048584, "time": 1790352889.2023032, "seconds_this_epoch": 55.88360760733485}
{"event": "TRAIN", "epoch": 54, "cursor": 93056, "train_count": 120355, "steps": 50600, "loss": [0.2681122422218323, 0.034274544566869736, 0.23383770883083344], "lr": 0.001, "grad_norm": 0.7402494549751282, "time": 1790352896.8179827, "seconds_this_epoch": 63.49928740784526}
{"event": "TRAIN", "epoch": 54, "cursor": 105856, "train_count": 120355, "steps": 50700, "loss": [0.28153032064437866, 0.031839463859796524, 0.24969084560871124], "lr": 0.001, "grad_norm": 0.8922964930534363, "time": 1790352903.839147, "seconds_this_epoch": 70.52045122906566}
{"event": "TRAIN", "epoch": 54, "cursor": 118656, "train_count": 120355, "steps": 50800, "loss": [0.2137022167444229, 0.031075632199645042, 0.18262659013271332], "lr": 0.001, "grad_norm": 0.6339685916900635, "time": 1790352912.7043695, "seconds_this_epoch": 79.38567434251308}
{"epoch": 54, "train": [0.2345685636772879, 0.030310361556036215, 0.2042582022033687], "val": [0.5733864554879625, 0.03438400550941276, 0.5390024490781505], "lr": 0.001, "best_val": 0.53043719986189, "best_epoch": 33, "seconds": 81.94249838404357, "steps": 50814, "peak_memory_bytes": 3198824448, "time": 1790352915.2614331}
{"event": "TRAIN", "epoch": 55, "cursor": 11008, "train_count": 120355, "steps": 50900, "loss": [0.2389579713344574, 0.03104732185602188, 0.20791064202785492], "lr": 0.001, "grad_norm": 1.2665153741836548, "time": 1790352921.8633068, "seconds_this_epoch": 6.517399217933416}
{"event": "TRAIN", "epoch": 55, "cursor": 23808, "train_count": 120355, "steps": 51000, "loss": [0.22477392852306366, 0.02886311709880829, 0.19591081142425537], "lr": 0.001, "grad_norm": 0.624349057674408, "time": 1790352930.3063521, "seconds_this_epoch": 14.960445003584027}
{"event": "TRAIN", "epoch": 55, "cursor": 36608, "train_count": 120355, "steps": 51100, "loss": [0.22322940826416016, 0.027496419847011566, 0.195732980966568], "lr": 0.001, "grad_norm": 0.844946563243866, "time": 1790352939.420035, "seconds_this_epoch": 24.074128188192844}
{"event": "TRAIN", "epoch": 55, "cursor": 49408, "train_count": 120355, "steps": 51200, "loss": [0.23032625019550323, 0.03122820518910885, 0.19909805059432983], "lr": 0.001, "grad_norm": 0.6484500169754028, "time": 1790352948.1065114, "seconds_this_epoch": 32.76060424558818}
{"event": "TRAIN", "epoch": 55, "cursor": 62208, "train_count": 120355, "steps": 51300, "loss": [0.23792967200279236, 0.032625339925289154, 0.2053043246269226], "lr": 0.001, "grad_norm": 0.8971056938171387, "time": 1790352956.5028434, "seconds_this_epoch": 41.15693612769246}
{"event": "TRAIN", "epoch": 55, "cursor": 75008, "train_count": 120355, "steps": 51400, "loss": [0.2518921494483948, 0.030544795095920563, 0.22134734690189362], "lr": 0.001, "grad_norm": 0.8142220973968506, "time": 1790352965.0772424, "seconds_this_epoch": 49.7313347235322}
{"event": "TRAIN", "epoch": 55, "cursor": 87808, "train_count": 120355, "steps": 51500, "loss": [0.24422988295555115, 0.029318921267986298, 0.21491095423698425], "lr": 0.001, "grad_norm": 0.8017692565917969, "time": 1790352973.7070653, "seconds_this_epoch": 58.36115839332342}
{"event": "TRAIN", "epoch": 55, "cursor": 100608, "train_count": 120355, "steps": 51600, "loss": [0.23981986939907074, 0.031142128631472588, 0.208677738904953], "lr": 0.001, "grad_norm": 0.6196397542953491, "time": 1790352982.4377441, "seconds_this_epoch": 67.09183735400438}
{"event": "TRAIN", "epoch": 55, "cursor": 113408, "train_count": 120355, "steps": 51700, "loss": [0.21762420237064362, 0.028398338705301285, 0.18922586739063263], "lr": 0.001, "grad_norm": 1.203235387802124, "time": 1790352991.460463, "seconds_this_epoch": 76.11455574817955}
{"epoch": 55, "train": [0.23555137760335806, 0.030274599601577044, 0.20527677785698514], "val": [0.5684349156766818, 0.034184097405718074, 0.5342508113352153], "lr": 0.001, "best_val": 0.53043719986189, "best_epoch": 33, "seconds": 82.32134664431214, "steps": 51755, "peak_memory_bytes": 3198824448, "time": 1790352997.6674917}
{"event": "TRAIN", "epoch": 56, "cursor": 5760, "train_count": 120355, "steps": 51800, "loss": [0.23008759319782257, 0.029185596853494644, 0.20090200006961823], "lr": 0.001, "grad_norm": 0.578493595123291, "time": 1790353001.754769, "seconds_this_epoch": 4.003570219501853}
{"event": "TRAIN", "epoch": 56, "cursor": 18560, "train_count": 120355, "steps": 51900, "loss": [0.18828462064266205, 0.029460785910487175, 0.15882383286952972], "lr": 0.001, "grad_norm": 0.5738029479980469, "time": 1790353010.775611, "seconds_this_epoch": 13.024411546066403}
{"event": "TRAIN", "epoch": 56, "cursor": 31360, "train_count": 120355, "steps": 52000, "loss": [0.22332851588726044, 0.034082937985658646, 0.1892455816268921], "lr": 0.001, "grad_norm": 0.6316536068916321, "time": 1790353019.8622603, "seconds_this_epoch": 22.111060874536633}
{"event": "TRAIN", "epoch": 56, "cursor": 44160, "train_count": 120355, "steps": 52100, "loss": [0.228422611951828, 0.03144555911421776, 0.19697704911231995], "lr": 0.001, "grad_norm": 0.6493301391601562, "time": 1790353028.9001827, "seconds_this_epoch": 31.148983407765627}
{"event": "TRAIN", "epoch": 56, "cursor": 56960, "train_count": 120355, "steps": 52200, "loss": [0.2309379279613495, 0.027795491740107536, 0.2031424343585968], "lr": 0.001, "grad_norm": 0.9445536136627197, "time": 1790353037.9148648, "seconds_this_epoch": 40.16366584971547}
{"event": "TRAIN", "epoch": 56, "cursor": 69760, "train_count": 120355, "steps": 52300, "loss": [0.20269875228405, 0.029108086600899696, 0.17359066009521484], "lr": 0.001, "grad_norm": 0.6029463410377502, "time": 1790353046.405755, "seconds_this_epoch": 48.65455601550639}
{"event": "TRAIN", "epoch": 56, "cursor": 82560, "train_count": 120355, "steps": 52400, "loss": [0.21910013258457184, 0.025668824091553688, 0.1934313029050827], "lr": 0.001, "grad_norm": 0.6348764300346375, "time": 1790353055.0180082, "seconds_this_epoch": 57.26680968143046}
{"event": "TRAIN", "epoch": 56, "cursor": 95360, "train_count": 120355, "steps": 52500, "loss": [0.27668872475624084, 0.02903744764626026, 0.24765126407146454], "lr": 0.001, "grad_norm": 1.2402483224868774, "time": 1790353064.218153, "seconds_this_epoch": 66.46695358678699}
{"event": "TRAIN", "epoch": 56, "cursor": 108160, "train_count": 120355, "steps": 52600, "loss": [0.2628173828125, 0.033976614475250244, 0.22884075343608856], "lr": 0.001, "grad_norm": 0.7571157813072205, "time": 1790353073.207634, "seconds_this_epoch": 75.45643447339535}
{"epoch": 56, "train": [0.23372479636825852, 0.03013128357686037, 0.2035935127568242], "val": [0.5767171252390741, 0.033945308013694074, 0.5427718152908589], "lr": 0.001, "best_val": 0.53043719986189, "best_epoch": 33, "seconds": 85.10102436132729, "steps": 52696, "peak_memory_bytes": 3198824448, "time": 1790353082.852471}
{"event": "TRAIN", "epoch": 57, "cursor": 512, "train_count": 120355, "steps": 52700, "loss": [0.21462692320346832, 0.032004039734601974, 0.18262287974357605], "lr": 0.001, "grad_norm": 0.7212026715278625, "time": 1790353083.2601397, "seconds_this_epoch": 0.323126882314682}
{"event": "TRAIN", "epoch": 57, "cursor": 13312, "train_count": 120355, "steps": 52800, "loss": [0.23869487643241882, 0.03423650190234184, 0.20445837080478668], "lr": 0.001, "grad_norm": 1.1983760595321655, "time": 1790353091.9365423, "seconds_this_epoch": 8.999530212953687}
{"event": "TRAIN", "epoch": 57, "cursor": 26112, "train_count": 120355, "steps": 52900, "loss": [0.21833938360214233, 0.028581861406564713, 0.18975752592086792], "lr": 0.001, "grad_norm": 0.6245371103286743, "time": 1790353100.3778021, "seconds_this_epoch": 17.440789526328444}
{"event": "TRAIN", "epoch": 57, "cursor": 38912, "train_count": 120355, "steps": 53000, "loss": [0.28758504986763, 0.034262944012880325, 0.2533220946788788], "lr": 0.001, "grad_norm": 1.9725322723388672, "time": 1790353109.3956938, "seconds_this_epoch": 26.458681363612413}
{"event": "TRAIN", "epoch": 57, "cursor": 51712, "train_count": 120355, "steps": 53100, "loss": [0.2537328600883484, 0.031082194298505783, 0.2226506769657135], "lr": 0.001, "grad_norm": 1.3635140657424927, "time": 1790353117.6395855, "seconds_this_epoch": 34.70257290452719}
{"event": "TRAIN", "epoch": 57, "cursor": 64512, "train_count": 120355, "steps": 53200, "loss": [0.2510761618614197, 0.03803003951907158, 0.2130461186170578], "lr": 0.001, "grad_norm": 0.8008973002433777, "time": 1790353126.553114, "seconds_this_epoch": 43.61610094085336}
{"event": "TRAIN", "epoch": 57, "cursor": 77312, "train_count": 120355, "steps": 53300, "loss": [0.20439234375953674, 0.030386021360754967, 0.17400632798671722], "lr": 0.001, "grad_norm": 0.5635773539543152, "time": 1790353135.5102797, "seconds_this_epoch": 52.57326758466661}
{"event": "TRAIN", "epoch": 57, "cursor": 90112, "train_count": 120355, "steps": 53400, "loss": [0.24991083145141602, 0.029035471379756927, 0.22087536752223969], "lr": 0.001, "grad_norm": 0.9096342325210571, "time": 1790353144.3930957, "seconds_this_epoch": 61.45608366467059}
{"event": "TRAIN", "epoch": 57, "cursor": 102912, "train_count": 120355, "steps": 53500, "loss": [0.24885086715221405, 0.03386976942420006, 0.2149810940027237], "lr": 0.001, "grad_norm": 0.9277271032333374, "time": 1790353153.4213142, "seconds_this_epoch": 70.48430199176073}
{"event": "TRAIN", "epoch": 57, "cursor": 115712, "train_count": 120355, "steps": 53600, "loss": [0.22341503202915192, 0.02995670773088932, 0.19345831871032715], "lr": 0.001, "grad_norm": 0.5105879902839661, "time": 1790353162.411664, "seconds_this_epoch": 79.47465244494379}
{"epoch": 57, "train": [0.23366647131828022, 0.03029850270175232, 0.20336796848434519], "val": [0.5324518169217077, 0.034913381041790106, 0.4975384324387879], "lr": 0.001, "best_val": 0.53043719986189, "best_epoch": 33, "seconds": 83.83086447604, "steps": 53637, "peak_memory_bytes": 3198824448, "time": 1790353166.768112}
{"event": "TRAIN", "epoch": 58, "cursor": 8064, "train_count": 120355, "steps": 53700, "loss": [0.23367315530776978, 0.029822174459695816, 0.20385098457336426], "lr": 0.001, "grad_norm": 0.7691074013710022, "time": 1790353171.9216478, "seconds_this_epoch": 5.071994019672275}
{"event": "TRAIN", "epoch": 58, "cursor": 20864, "train_count": 120355, "steps": 53800, "loss": [0.20089852809906006, 0.02606297843158245, 0.17483554780483246], "lr": 0.001, "grad_norm": 0.6948333382606506, "time": 1790353180.8728654, "seconds_this_epoch": 14.023211505264044}
{"event": "TRAIN", "epoch": 58, "cursor": 33664, "train_count": 120355, "steps": 53900, "loss": [0.2475109100341797, 0.033556561917066574, 0.21395434439182281], "lr": 0.001, "grad_norm": 0.9014553427696228, "time": 1790353189.95766, "seconds_this_epoch": 23.10800588130951}
{"event": "TRAIN", "epoch": 58, "cursor": 46464, "train_count": 120355, "steps": 54000, "loss": [0.21618951857089996, 0.02831064723432064, 0.18787887692451477], "lr": 0.001, "grad_norm": 0.6118887662887573, "time": 1790353199.0629575, "seconds_this_epoch": 32.21330374851823}
{"event": "TRAIN", "epoch": 58, "cursor": 59264, "train_count": 120355, "steps": 54100, "loss": [0.2576839327812195, 0.03169965744018555, 0.22598426043987274], "lr": 0.001, "grad_norm": 0.8941066265106201, "time": 1790353208.018265, "seconds_this_epoch": 41.16861109994352}
{"event": "TRAIN", "epoch": 58, "cursor": 72064, "train_count": 120355, "steps": 54200, "loss": [0.20816192030906677, 0.029930246993899345, 0.17823167145252228], "lr": 0.001, "grad_norm": 0.8581985831260681, "time": 1790353217.042254, "seconds_this_epoch": 50.19260014221072}
{"event": "TRAIN", "epoch": 58, "cursor": 84864, "train_count": 120355, "steps": 54300, "loss": [0.2379644811153412, 0.03311028704047203, 0.20485419034957886], "lr": 0.001, "grad_norm": 0.8501444458961487, "time": 1790353226.102956, "seconds_this_epoch": 59.253301655873656}
{"event": "TRAIN", "epoch": 58, "cursor": 97664, "train_count": 120355, "steps": 54400, "loss": [0.19945281744003296, 0.02870132587850094, 0.17075149714946747], "lr": 0.001, "grad_norm": 0.6716079711914062, "time": 1790353235.1486707, "seconds_this_epoch": 68.29901678487659}
{"event": "TRAIN", "epoch": 58, "cursor": 110464, "train_count": 120355, "steps": 54500, "loss": [0.24553626775741577, 0.03349868208169937, 0.212037593126297], "lr": 0.001, "grad_norm": 0.6982956528663635, "time": 1790353244.3526082, "seconds_this_epoch": 77.50295447744429}
{"epoch": 58, "train": [0.2331607458469731, 0.03029385715635442, 0.2028668886504578], "val": [0.6177924292336457, 0.03422240412345804, 0.5835700265098182], "lr": 0.001, "best_val": 0.53043719986189, "best_epoch": 33, "seconds": 85.87579020112753, "steps": 54578, "peak_memory_bytes": 3198824448, "time": 1790353252.725691}
{"event": "TRAIN", "epoch": 59, "cursor": 2816, "train_count": 120355, "steps": 54600, "loss": [0.3203625977039337, 0.028463255614042282, 0.29189935326576233], "lr": 0.001, "grad_norm": 1.4081727266311646, "time": 1790353254.6852434, "seconds_this_epoch": 1.874943796545267}
{"event": "TRAIN", "epoch": 59, "cursor": 15616, "train_count": 120355, "steps": 54700, "loss": [0.21147553622722626, 0.02766789123415947, 0.1838076412677765], "lr": 0.001, "grad_norm": 0.7111122608184814, "time": 1790353263.7554169, "seconds_this_epoch": 10.945117505267262}
{"event": "TRAIN", "epoch": 59, "cursor": 28416, "train_count": 120355, "steps": 54800, "loss": [0.2664858400821686, 0.031101424247026443, 0.23538441956043243], "lr": 0.001, "grad_norm": 1.3617846965789795, "time": 1790353272.8823566, "seconds_this_epoch": 20.072056625038385}
{"event": "TRAIN", "epoch": 59, "cursor": 41216, "train_count": 120355, "steps": 54900, "loss": [0.23087304830551147, 0.03544379398226738, 0.1954292505979538], "lr": 0.001, "grad_norm": 1.0681604146957397, "time": 1790353281.9146798, "seconds_this_epoch": 29.104380045086145}
{"event": "TRAIN", "epoch": 59, "cursor": 54016, "train_count": 120355, "steps": 55000, "loss": [0.23798765242099762, 0.026062289252877235, 0.21192535758018494], "lr": 0.001, "grad_norm": 1.3336323499679565, "time": 1790353290.7813313, "seconds_this_epoch": 37.9710309933871}
{"event": "TRAIN", "epoch": 59, "cursor": 66816, "train_count": 120355, "steps": 55100, "loss": [0.27179473638534546, 0.030741121619939804, 0.24105361104011536], "lr": 0.001, "grad_norm": 0.9161583185195923, "time": 1790353299.342042, "seconds_this_epoch": 46.53174209780991}
{"event": "TRAIN", "epoch": 59, "cursor": 79616, "train_count": 120355, "steps": 55200, "loss": [0.2560090124607086, 0.031086424365639687, 0.22492258250713348], "lr": 0.001, "grad_norm": 1.1259727478027344, "time": 1790353308.2804801, "seconds_this_epoch": 55.470180470496416}
{"event": "TRAIN", "epoch": 59, "cursor": 92416, "train_count": 120355, "steps": 55300, "loss": [0.22307798266410828, 0.027271393686532974, 0.1958065927028656], "lr": 0.001, "grad_norm": 0.6437991857528687, "time": 1790353317.3205721, "seconds_this_epoch": 64.51027235202491}
{"event": "TRAIN", "epoch": 59, "cursor": 105216, "train_count": 120355, "steps": 55400, "loss": [0.26511403918266296, 0.03155532479286194, 0.23355871438980103], "lr": 0.001, "grad_norm": 1.5531995296478271, "time": 1790353326.397953, "seconds_this_epoch": 73.58765280991793}
{"event": "TRAIN", "epoch": 59, "cursor": 118016, "train_count": 120355, "steps": 55500, "loss": [0.25323718786239624, 0.03243682533502579, 0.22080035507678986], "lr": 0.001, "grad_norm": 1.2747442722320557, "time": 1790353335.0680091, "seconds_this_epoch": 82.25770952180028}
{"epoch": 59, "train": [0.2455287753378051, 0.031115861153663018, 0.21441291378596888], "val": [0.6013764090214238, 0.03594116949942381, 0.5654352359560625], "lr": 0.001, "best_val": 0.53043719986189, "best_epoch": 33, "seconds": 85.27297278493643, "steps": 55519, "peak_memory_bytes": 3198824448, "time": 1790353338.0835116}
{"event": "TRAIN", "epoch": 60, "cursor": 10368, "train_count": 120355, "steps": 55600, "loss": [0.25743043422698975, 0.028125734999775887, 0.229304701089859], "lr": 0.001, "grad_norm": 0.5413456559181213, "time": 1790353345.155336, "seconds_this_epoch": 6.988097233697772}
{"event": "TRAIN", "epoch": 60, "cursor": 23168, "train_count": 120355, "steps": 55700, "loss": [0.21086153388023376, 0.0293770432472229, 0.18148449063301086], "lr": 0.001, "grad_norm": 0.719901978969574, "time": 1790353353.915471, "seconds_this_epoch": 15.748232068493962}
{"event": "TRAIN", "epoch": 60, "cursor": 35968, "train_count": 120355, "steps": 55800, "loss": [0.23135100305080414, 0.026358988136053085, 0.20499201118946075], "lr": 0.001, "grad_norm": 0.828701913356781, "time": 1790353362.3918931, "seconds_this_epoch": 24.224654147401452}
{"event": "TRAIN", "epoch": 60, "cursor": 48768, "train_count": 120355, "steps": 55900, "loss": [0.20403864979743958, 0.035838887095451355, 0.16819976270198822], "lr": 0.001, "grad_norm": 0.7183859348297119, "time": 1790353371.1735227, "seconds_this_epoch": 33.00628348439932}
{"event": "TRAIN", "epoch": 60, "cursor": 61568, "train_count": 120355, "steps": 56000, "loss": [0.2719448506832123, 0.03207119554281235, 0.23987364768981934], "lr": 0.001, "grad_norm": 1.4911874532699585, "time": 1790353380.0720882, "seconds_this_epoch": 41.904849503189325}
{"event": "TRAIN", "epoch": 60, "cursor": 74368, "train_count": 120355, "steps": 56100, "loss": [0.2575549781322479, 0.03380332514643669, 0.22375166416168213], "lr": 0.001, "grad_norm": 1.1449413299560547, "time": 1790353388.6509824, "seconds_this_epoch": 50.48374314792454}
{"event": "TRAIN", "epoch": 60, "cursor": 87168, "train_count": 120355, "steps": 56200, "loss": [0.21337203681468964, 0.032765861600637436, 0.1806061714887619], "lr": 0.001, "grad_norm": 0.9684189558029175, "time": 1790353397.4726613, "seconds_this_epoch": 59.30542219616473}
{"event": "TRAIN", "epoch": 60, "cursor": 99968, "train_count": 120355, "steps": 56300, "loss": [0.3076701760292053, 0.033687036484479904, 0.2739831507205963], "lr": 0.001, "grad_norm": 1.1753109693527222, "time": 1790353406.4859533, "seconds_this_epoch": 68.31871476024389}
{"event": "TRAIN", "epoch": 60, "cursor": 112768, "train_count": 120355, "steps": 56400, "loss": [0.2227536141872406, 0.028973544016480446, 0.1937800645828247], "lr": 0.001, "grad_norm": 0.8008965253829956, "time": 1790353415.518734, "seconds_this_epoch": 77.35149526782334}
{"epoch": 60, "train": [0.25027517714313624, 0.031578421588657625, 0.21869675562706226], "val": [0.5681377454250471, 0.03507400241898021, 0.5330637460906028], "lr": 0.001, "best_val": 0.53043719986189, "best_epoch": 33, "seconds": 83.95595795102417, "steps": 56460, "peak_memory_bytes": 3198824448, "time": 1790353422.1234283}
{"event": "TRAIN", "epoch": 61, "cursor": 5120, "train_count": 120355, "steps": 56500, "loss": [0.2582893371582031, 0.032037153840065, 0.22625218331813812], "lr": 0.001, "grad_norm": 0.8520156741142273, "time": 1790353425.794548, "seconds_this_epoch": 3.5872390773147345}
{"event": "TRAIN", "epoch": 61, "cursor": 17920, "train_count": 120355, "steps": 56600, "loss": [0.20658046007156372, 0.03447020798921585, 0.17211024463176727], "lr": 0.001, "grad_norm": 0.8090555667877197, "time": 1790353434.0727239, "seconds_this_epoch": 11.865415195003152}
{"event": "TRAIN", "epoch": 61, "cursor": 30720, "train_count": 120355, "steps": 56700, "loss": [0.22171755135059357, 0.029965823516249657, 0.19175173342227936], "lr": 0.001, "grad_norm": 0.5995407104492188, "time": 1790353442.6281579, "seconds_this_epoch": 20.420848678797483}
{"event": "TRAIN", "epoch": 61, "cursor": 43520, "train_count": 120355, "steps": 56800, "loss": [0.22200915217399597, 0.028902441263198853, 0.19310671091079712], "lr": 0.001, "grad_norm": 0.7497955560684204, "time": 1790353451.670403, "seconds_this_epoch": 29.463094050064683}
{"event": "TRAIN", "epoch": 61, "cursor": 56320, "train_count": 120355, "steps": 56900, "loss": [0.246128648519516, 0.03381190076470375, 0.21231675148010254], "lr": 0.001, "grad_norm": 1.753859281539917, "time": 1790353460.700681, "seconds_this_epoch": 38.493371948599815}
{"event": "TRAIN", "epoch": 61, "cursor": 69120, "train_count": 120355, "steps": 57000, "loss": [0.24307504296302795, 0.030917732045054436, 0.21215730905532837], "lr": 0.001, "grad_norm": 0.6458216309547424, "time": 1790353469.6689627, "seconds_this_epoch": 47.46165404841304}
{"event": "TRAIN", "epoch": 61, "cursor": 81920, "train_count": 120355, "steps": 57100, "loss": [0.26385313272476196, 0.027824778109788895, 0.23602835834026337], "lr": 0.001, "grad_norm": 0.932274341583252, "time": 1790353478.619862, "seconds_this_epoch": 56.41255343519151}
{"event": "TRAIN", "epoch": 61, "cursor": 94720, "train_count": 120355, "steps": 57200, "loss": [0.20316104590892792, 0.028411662206053734, 0.17474938929080963], "lr": 0.001, "grad_norm": 0.5370915532112122, "time": 1790353487.6744163, "seconds_this_epoch": 65.46710721962154}
{"event": "TRAIN", "epoch": 61, "cursor": 107520, "train_count": 120355, "steps": 57300, "loss": [0.2620176374912262, 0.030791902914643288, 0.23122572898864746], "lr": 0.001, "grad_norm": 0.7363845705986023, "time": 1790353496.8391924, "seconds_this_epoch": 74.63188338279724}
{"event": "TRAIN", "epoch": 61, "cursor": 120320, "train_count": 120355, "steps": 57400, "loss": [0.24250127375125885, 0.03062502108514309, 0.2118762582540512], "lr": 0.001, "grad_norm": 1.029755711555481, "time": 1790353505.9638133, "seconds_this_epoch": 83.75650437362492}
{"epoch": 61, "train": [0.23106548499320156, 0.030175181366337643, 0.20089030358219942], "val": [0.5713908253691705, 0.03341841692343965, 0.5379724096759793], "lr": 0.001, "best_val": 0.53043719986189, "best_epoch": 33, "seconds": 85.070287887007, "steps": 57401, "peak_memory_bytes": 3198824448, "time": 1790353507.2778254}
{"event": "TRAIN", "epoch": 62, "cursor": 12672, "train_count": 120355, "steps": 57500, "loss": [0.24479365348815918, 0.03087395802140236, 0.21391969919204712], "lr": 0.001, "grad_norm": 0.8188557624816895, "time": 1790353516.226443, "seconds_this_epoch": 8.864720528945327}
{"event": "TRAIN", "epoch": 62, "cursor": 25472, "train_count": 120355, "steps": 57600, "loss": [0.21347713470458984, 0.032241202890872955, 0.1812359243631363], "lr": 0.001, "grad_norm": 0.782440185546875, "time": 1790353525.3968754, "seconds_this_epoch": 18.0351526401937}
{"event": "TRAIN", "epoch": 62, "cursor": 38272, "train_count": 120355, "steps": 57700, "loss": [0.22497732937335968, 0.027851026505231857, 0.19712629914283752], "lr": 0.001, "grad_norm": 0.7186534404754639, "time": 1790353534.5026605, "seconds_this_epoch": 27.140938160941005}
{"event": "TRAIN", "epoch": 62, "cursor": 51072, "train_count": 120355, "steps": 57800, "loss": [0.23640359938144684, 0.028869574889540672, 0.2075340300798416], "lr": 0.001, "grad_norm": 0.7460102438926697, "time": 1790353543.5632524, "seconds_this_epoch": 36.201529989019036}
{"event": "TRAIN", "epoch": 62, "cursor": 63872, "train_count": 120355, "steps": 57900, "loss": [0.41622158885002136, 0.02821320854127407, 0.38800838589668274], "lr": 0.001, "grad_norm": 8.48945426940918, "time": 1790353552.7258117, "seconds_this_epoch": 45.36408944427967}
{"event": "TRAIN", "epoch": 62, "cursor": 76672, "train_count": 120355, "steps": 58000, "loss": [0.2689278721809387, 0.033516958355903625, 0.2354109287261963], "lr": 0.001, "grad_norm": 0.7999574542045593, "time": 1790353561.6228647, "seconds_this_epoch": 54.26114192046225}
{"event": "TRAIN", "epoch": 62, "cursor": 89472, "train_count": 120355, "steps": 58100, "loss": [0.2514559030532837, 0.033335600048303604, 0.21812030673027039], "lr": 0.001, "grad_norm": 0.9656170606613159, "time": 1790353570.605834, "seconds_this_epoch": 63.24411154538393}
{"event": "TRAIN", "epoch": 62, "cursor": 102272, "train_count": 120355, "steps": 58200, "loss": [0.20253302156925201, 0.0336594432592392, 0.16887357831001282], "lr": 0.001, "grad_norm": 0.5408346652984619, "time": 1790353579.2131455, "seconds_this_epoch": 71.85142358206213}
{"event": "TRAIN", "epoch": 62, "cursor": 115072, "train_count": 120355, "steps": 58300, "loss": [0.18368583917617798, 0.027155352756381035, 0.1565304845571518], "lr": 0.001, "grad_norm": 0.546063244342804, "time": 1790353587.8330889, "seconds_this_epoch": 80.47136632911861}
{"epoch": 62, "train": [0.22228853811349458, 0.029797930903226702, 0.19249060705485527], "val": [0.5687007181237209, 0.033706575935200024, 0.534994141270292], "lr": 0.001, "best_val": 0.53043719986189, "best_epoch": 33, "seconds": 85.29937714710832, "steps": 58342, "peak_memory_bytes": 3198824448, "time": 1790353592.661342}
{"event": "TRAIN", "epoch": 63, "cursor": 7424, "train_count": 120355, "steps": 58400, "loss": [0.2006012499332428, 0.02931974083185196, 0.17128151655197144], "lr": 0.001, "grad_norm": 0.8417359590530396, "time": 1790353597.912691, "seconds_this_epoch": 5.166083490476012}
{"event": "TRAIN", "epoch": 63, "cursor": 20224, "train_count": 120355, "steps": 58500, "loss": [0.20472773909568787, 0.029510946944355965, 0.17521679401397705], "lr": 0.001, "grad_norm": 0.6073102355003357, "time": 1790353607.007537, "seconds_this_epoch": 14.260928999632597}
{"event": "TRAIN", "epoch": 63, "cursor": 33024, "train_count": 120355, "steps": 58600, "loss": [0.19963252544403076, 0.02863554283976555, 0.17099697887897491], "lr": 0.001, "grad_norm": 0.5966870188713074, "time": 1790353615.7703424, "seconds_this_epoch": 23.023734474554658}
{"event": "TRAIN", "epoch": 63, "cursor": 45824, "train_count": 120355, "steps": 58700, "loss": [0.2051057368516922, 0.02853749692440033, 0.17656823992729187], "lr": 0.001, "grad_norm": 0.5289802551269531, "time": 1790353624.8100765, "seconds_this_epoch": 32.0634682867676}
{"event": "TRAIN", "epoch": 63, "cursor": 58624, "train_count": 120355, "steps": 58800, "loss": [0.22162102162837982, 0.02714146301150322, 0.1944795548915863], "lr": 0.001, "grad_norm": 0.6854882836341858, "time": 1790353633.432354, "seconds_this_epoch": 40.68574617616832}
{"event": "TRAIN", "epoch": 63, "cursor": 71424, "train_count": 120355, "steps": 58900, "loss": [0.23761770129203796, 0.02998236194252968, 0.20763534307479858], "lr": 0.001, "grad_norm": 0.7159594297409058, "time": 1790353641.6495006, "seconds_this_epoch": 48.90289225243032}
{"event": "TRAIN", "epoch": 63, "cursor": 84224, "train_count": 120355, "steps": 59000, "loss": [0.19163402915000916, 0.028291825205087662, 0.1633422076702118], "lr": 0.001, "grad_norm": 0.5977353453636169, "time": 1790353649.0786781, "seconds_this_epoch": 56.33207021653652}
{"event": "TRAIN", "epoch": 63, "cursor": 97024, "train_count": 120355, "steps": 59100, "loss": [0.19324061274528503, 0.028101429343223572, 0.16513918340206146], "lr": 0.001, "grad_norm": 0.5703492760658264, "time": 1790353658.119176, "seconds_this_epoch": 65.37256797589362}
{"event": "TRAIN", "epoch": 63, "cursor": 109824, "train_count": 120355, "steps": 59200, "loss": [0.1977337747812271, 0.028028132393956184, 0.16970564424991608], "lr": 0.001, "grad_norm": 0.5789185166358948, "time": 1790353667.1932335, "seconds_this_epoch": 74.44662536494434}
{"epoch": 63, "train": [0.21410026667194437, 0.02919256591955909, 0.18490770090654432], "val": [0.5639738438908939, 0.03276286877952505, 0.5312109807990391], "lr": 0.001, "best_val": 0.53043719986189, "best_epoch": 33, "seconds": 82.98363330028951, "steps": 59283, "peak_memory_bytes": 3198824448, "time": 1790353675.7304895}
{"event": "TRAIN", "epoch": 64, "cursor": 2176, "train_count": 120355, "steps": 59300, "loss": [0.23368330299854279, 0.02953566052019596, 0.20414763689041138], "lr": 0.001, "grad_norm": 0.561625063419342, "time": 1790353677.1503577, "seconds_this_epoch": 1.3352159410715103}
{"event": "TRAIN", "epoch": 64, "cursor": 14976, "train_count": 120355, "steps": 59400, "loss": [0.2404051125049591, 0.0333792120218277, 0.2070259004831314], "lr": 0.001, "grad_norm": 0.8596735596656799, "time": 1790353685.9539864, "seconds_this_epoch": 10.138844415545464}
{"event": "TRAIN", "epoch": 64, "cursor": 27776, "train_count": 120355, "steps": 59500, "loss": [0.2386123239994049, 0.029103750362992287, 0.20950856804847717], "lr": 0.001, "grad_norm": 1.3425043821334839, "time": 1790353695.043712, "seconds_this_epoch": 19.228570023551583}
{"event": "TRAIN", "epoch": 64, "cursor": 40576, "train_count": 120355, "steps": 59600, "loss": [0.23212482035160065, 0.029527604579925537, 0.2025972157716751], "lr": 0.001, "grad_norm": 0.700051486492157, "time": 1790353704.1153693, "seconds_this_epoch": 28.30022704973817}
{"event": "TRAIN", "epoch": 64, "cursor": 53376, "train_count": 120355, "steps": 59700, "loss": [0.19982066750526428, 0.031187163665890694, 0.16863350570201874], "lr": 0.001, "grad_norm": 0.437264084815979, "time": 1790353713.3047464, "seconds_this_epoch": 37.48960484564304}
{"event": "TRAIN", "epoch": 64, "cursor": 66176, "train_count": 120355, "steps": 59800, "loss": [0.211283341050148, 0.0315542109310627, 0.1797291338443756], "lr": 0.001, "grad_norm": 0.7652746438980103, "time": 1790353722.390316, "seconds_this_epoch": 46.57517389394343}
{"event": "TRAIN", "epoch": 64, "cursor": 78976, "train_count": 120355, "steps": 59900, "loss": [0.21713432669639587, 0.03016953356564045, 0.18696479499340057], "lr": 0.001, "grad_norm": 0.5986948013305664, "time": 1790353731.5602531, "seconds_this_epoch": 55.745111260563135}
{"event": "TRAIN", "epoch": 64, "cursor": 91776, "train_count": 120355, "steps": 60000, "loss": [0.23136363923549652, 0.031905148178339005, 0.19945849478244781], "lr": 0.001, "grad_norm": 0.6851418614387512, "time": 1790353740.5530665, "seconds_this_epoch": 64.73792470991611}
{"event": "TRAIN", "epoch": 64, "cursor": 104576, "train_count": 120355, "steps": 60100, "loss": [0.21386700868606567, 0.031871188431978226, 0.18199582397937775], "lr": 0.001, "grad_norm": 0.6520973443984985, "time": 1790353749.5797384, "seconds_this_epoch": 73.76459661498666}
{"event": "TRAIN", "epoch": 64, "cursor": 117376, "train_count": 120355, "steps": 60200, "loss": [0.2524108588695526, 0.02945917472243309, 0.22295168042182922], "lr": 0.001, "grad_norm": 1.0384105443954468, "time": 1790353758.6220527, "seconds_this_epoch": 82.80691017955542}
{"epoch": 64, "train": [0.21236800729242897, 0.029295591544170337, 0.18307241561787113], "val": [0.5641105227794185, 0.03308961138624008, 0.5310209088078738], "lr": 0.001, "best_val": 0.53043719986189, "best_epoch": 33, "seconds": 86.2099779509008, "steps": 60224, "peak_memory_bytes": 3198824448, "time": 1790353762.0253596}
{"event": "TRAIN", "epoch": 65, "cursor": 9728, "train_count": 120355, "steps": 60300, "loss": [0.20647437870502472, 0.026225505396723747, 0.18024887144565582], "lr": 0.001, "grad_norm": 0.5467728972434998, "time": 1790353768.850296, "seconds_this_epoch": 6.739619456231594}
{"event": "TRAIN", "epoch": 65, "cursor": 22528, "train_count": 120355, "steps": 60400, "loss": [0.21549181640148163, 0.03189106285572052, 0.1836007535457611], "lr": 0.001, "grad_norm": 0.5990962386131287, "time": 1790353778.087473, "seconds_this_epoch": 15.976796556264162}
{"event": "TRAIN", "epoch": 65, "cursor": 35328, "train_count": 120355, "steps": 60500, "loss": [0.26000460982322693, 0.03219447284936905, 0.22781012952327728], "lr": 0.001, "grad_norm": 0.9494906067848206, "time": 1790353787.169531, "seconds_this_epoch": 25.05885425209999}
{"event": "TRAIN", "epoch": 65, "cursor": 48128, "train_count": 120355, "steps": 60600, "loss": [0.22677341103553772, 0.028320835903286934, 0.19845257699489594], "lr": 0.001, "grad_norm": 0.6233906745910645, "time": 1790353796.24214, "seconds_this_epoch": 34.13146319612861}
{"event": "TRAIN", "epoch": 65, "cursor": 60928, "train_count": 120355, "steps": 60700, "loss": [0.16372299194335938, 0.026431502774357796, 0.13729149103164673], "lr": 0.001, "grad_norm": 0.44538751244544983, "time": 1790353805.198095, "seconds_this_epoch": 43.087418384850025}
{"event": "TRAIN", "epoch": 65, "cursor": 73728, "train_count": 120355, "steps": 60800, "loss": [0.21832019090652466, 0.0312633290886879, 0.18705685436725616], "lr": 0.001, "grad_norm": 0.6441240310668945, "time": 1790353814.2945464, "seconds_this_epoch": 52.183869464322925}
{"event": "TRAIN", "epoch": 65, "cursor": 86528, "train_count": 120355, "steps": 60900, "loss": [0.258169561624527, 0.030177375301718712, 0.2279921919107437], "lr": 0.001, "grad_norm": 1.0954545736312866, "time": 1790353823.38252, "seconds_this_epoch": 61.27184318006039}
{"event": "TRAIN", "epoch": 65, "cursor": 99328, "train_count": 120355, "steps": 61000, "loss": [0.2095867246389389, 0.02820160798728466, 0.1813851147890091], "lr": 0.001, "grad_norm": 0.7198294997215271, "time": 1790353832.4351034, "seconds_this_epoch": 70.32442658022046}
{"event": "TRAIN", "epoch": 65, "cursor": 112128, "train_count": 120355, "steps": 61100, "loss": [0.2235044687986374, 0.03737570717930794, 0.18612876534461975], "lr": 0.001, "grad_norm": 0.6644223928451538, "time": 1790353841.4084458, "seconds_this_epoch": 79.29776919260621}
{"epoch": 65, "train": [0.2131225285885029, 0.029211836451566525, 0.18391069190551987], "val": [0.5565488722878518, 0.03327277234097708, 0.5232760955786013], "lr": 0.001, "best_val": 0.53043719986189, "best_epoch": 33, "seconds": 86.33649390377104, "steps": 61165, "peak_memory_bytes": 3198824448, "time": 1790353848.4474123}
{"event": "TRAIN", "epoch": 66, "cursor": 4480, "train_count": 120355, "steps": 61200, "loss": [0.19065171480178833, 0.026251228526234627, 0.16440048813819885], "lr": 0.001, "grad_norm": 0.5042194724082947, "time": 1790353851.554671, "seconds_this_epoch": 3.0231526363641024}
{"event": "TRAIN", "epoch": 66, "cursor": 17280, "train_count": 120355, "steps": 61300, "loss": [0.19365093111991882, 0.030663881450891495, 0.16298705339431763], "lr": 0.001, "grad_norm": 0.6439895629882812, "time": 1790353860.7013142, "seconds_this_epoch": 12.169795639812946}
{"event": "TRAIN", "epoch": 66, "cursor": 30080, "train_count": 120355, "steps": 61400, "loss": [0.18583731353282928, 0.027837861329317093, 0.1579994559288025], "lr": 0.001, "grad_norm": 0.520724892616272, "time": 1790353869.0849879, "seconds_this_epoch": 20.55346881225705}
{"event": "TRAIN", "epoch": 66, "cursor": 42880, "train_count": 120355, "steps": 61500, "loss": [0.22221970558166504, 0.0320572592318058, 0.19016245007514954], "lr": 0.001, "grad_norm": 0.624799907207489, "time": 1790353877.392076, "seconds_this_epoch": 28.86055693589151}
{"event": "TRAIN", "epoch": 66, "cursor": 55680, "train_count": 120355, "steps": 61600, "loss": [0.22549310326576233, 0.031038109213113785, 0.19445499777793884], "lr": 0.001, "grad_norm": 0.9107667803764343, "time": 1790353885.8676212, "seconds_this_epoch": 37.336102502420545}
{"event": "TRAIN", "epoch": 66, "cursor": 68480, "train_count": 120355, "steps": 61700, "loss": [0.23821274936199188, 0.03251061215996742, 0.20570214092731476], "lr": 0.001, "grad_norm": 0.8664731383323669, "time": 1790353894.381192, "seconds_this_epoch": 45.84967330098152}
{"event": "TRAIN", "epoch": 66, "cursor": 81280, "train_count": 120355, "steps": 61800, "loss": [0.20236225426197052, 0.030517052859067917, 0.1718451976776123], "lr": 0.001, "grad_norm": 0.6131945848464966, "time": 1790353902.8970618, "seconds_this_epoch": 54.36554308049381}
{"event": "TRAIN", "epoch": 66, "cursor": 94080, "train_count": 120355, "steps": 61900, "loss": [0.21420885622501373, 0.02920745499432087, 0.185001403093338], "lr": 0.001, "grad_norm": 0.5856647491455078, "time": 1790353911.3947048, "seconds_this_epoch": 62.863185964524746}
{"event": "TRAIN", "epoch": 66, "cursor": 106880, "train_count": 120355, "steps": 62000, "loss": [0.25214406847953796, 0.02855519764125347, 0.22358888387680054], "lr": 0.001, "grad_norm": 1.0826761722564697, "time": 1790353919.8589303, "seconds_this_epoch": 71.32741216756403}
{"event": "TRAIN", "epoch": 66, "cursor": 119680, "train_count": 120355, "steps": 62100, "loss": [0.1890592873096466, 0.02761790342628956, 0.1614413857460022], "lr": 0.001, "grad_norm": 0.6011135578155518, "time": 1790353928.3753147, "seconds_this_epoch": 79.84379567950964}
{"epoch": 66, "train": [0.20544896432594814, 0.028710633332066783, 0.17673833124420985], "val": [0.5685929881217698, 0.03347062082159423, 0.535122368708721], "lr": 0.001, "best_val": 0.53043719986189, "best_epoch": 33, "seconds": 81.57751460932195, "steps": 62106, "peak_memory_bytes": 3198824448, "time": 1790353930.1092746}
{"event": "TRAIN", "epoch": 67, "cursor": 12032, "train_count": 120355, "steps": 62200, "loss": [0.19781437516212463, 0.027513287961483, 0.17030107975006104], "lr": 0.001, "grad_norm": 0.5547237396240234, "time": 1790353938.136723, "seconds_this_epoch": 7.943107375875115}
{"event": "TRAIN", "epoch": 67, "cursor": 24832, "train_count": 120355, "steps": 62300, "loss": [0.19770033657550812, 0.0307061318308115, 0.16699419915676117], "lr": 0.001, "grad_norm": 0.6339259743690491, "time": 1790353946.7010667, "seconds_this_epoch": 16.507451372221112}
{"event": "TRAIN", "epoch": 67, "cursor": 37632, "train_count": 120355, "steps": 62400, "loss": [0.2508397400379181, 0.03086366504430771, 0.21997606754302979], "lr": 0.001, "grad_norm": 1.228369951248169, "time": 1790353955.1991951, "seconds_this_epoch": 25.005579622462392}
{"event": "TRAIN", "epoch": 67, "cursor": 50432, "train_count": 120355, "steps": 62500, "loss": [0.20352166891098022, 0.02782578580081463, 0.17569588124752045], "lr": 0.001, "grad_norm": 0.695955753326416, "time": 1790353963.6900938, "seconds_this_epoch": 33.496478544548154}
{"event": "TRAIN", "epoch": 67, "cursor": 63232, "train_count": 120355, "steps": 62600, "loss": [0.20708787441253662, 0.028062613680958748, 0.17902526259422302], "lr": 0.001, "grad_norm": 0.5283017754554749, "time": 1790353972.1926546, "seconds_this_epoch": 41.99903921596706}
{"event": "TRAIN", "epoch": 67, "cursor": 76032, "train_count": 120355, "steps": 62700, "loss": [0.18657046556472778, 0.02868836000561714, 0.15788210928440094], "lr": 0.001, "grad_norm": 0.563700795173645, "time": 1790353981.2471576, "seconds_this_epoch": 51.053542114794254}
{"event": "TRAIN", "epoch": 67, "cursor": 88832, "train_count": 120355, "steps": 62800, "loss": [0.1824726015329361, 0.028643012046813965, 0.15382958948612213], "lr": 0.001, "grad_norm": 0.6203886866569519, "time": 1790353990.3172843, "seconds_this_epoch": 60.12366941571236}
{"event": "TRAIN", "epoch": 67, "cursor": 101632, "train_count": 120355, "steps": 62900, "loss": [0.17333686351776123, 0.02737242914736271, 0.14596442878246307], "lr": 0.001, "grad_norm": 0.49682655930519104, "time": 1790353999.4889908, "seconds_this_epoch": 69.29537578858435}
{"event": "TRAIN", "epoch": 67, "cursor": 114432, "train_count": 120355, "steps": 63000, "loss": [0.19482383131980896, 0.027545318007469177, 0.16727851331233978], "lr": 0.001, "grad_norm": 0.539394199848175, "time": 1790354008.5355537, "seconds_this_epoch": 78.34193868003786}
{"epoch": 67, "train": [0.2063730647026252, 0.02889389977785192, 0.1774791648801088], "val": [0.5602950686792253, 0.032450240697113296, 0.5278448246925347], "lr": 0.001, "best_val": 0.53043719986189, "best_epoch": 33, "seconds": 83.75471408851445, "steps": 63047, "peak_memory_bytes": 3198824448, "time": 1790354013.9485667}
{"event": "TRAIN", "epoch": 68, "cursor": 6784, "train_count": 120355, "steps": 63100, "loss": [0.1920546442270279, 0.027925489470362663, 0.16412915289402008], "lr": 0.001, "grad_norm": 0.6115067601203918, "time": 1790354018.7012234, "seconds_this_epoch": 4.668917840346694}
{"event": "TRAIN", "epoch": 68, "cursor": 19584, "train_count": 120355, "steps": 63200, "loss": [0.167439803481102, 0.02642577700316906, 0.14101402461528778], "lr": 0.001, "grad_norm": 0.43335282802581787, "time": 1790354027.643834, "seconds_this_epoch": 13.61152845621109}
{"event": "TRAIN", "epoch": 68, "cursor": 32384, "train_count": 120355, "steps": 63300, "loss": [0.185968279838562, 0.026598885655403137, 0.15936939418315887], "lr": 0.001, "grad_norm": 0.3740021884441376, "time": 1790354036.1992188, "seconds_this_epoch": 22.166913086548448}
{"event": "TRAIN", "epoch": 68, "cursor": 45184, "train_count": 120355, "steps": 63400, "loss": [0.2205919325351715, 0.029078012332320213, 0.19151392579078674], "lr": 0.001, "grad_norm": 0.759090006351471, "time": 1790354044.6902874, "seconds_this_epoch": 30.657982479780912}
{"event": "TRAIN", "epoch": 68, "cursor": 57984, "train_count": 120355, "steps": 63500, "loss": [0.2010950893163681, 0.023733068257570267, 0.17736202478408813], "lr": 0.001, "grad_norm": 0.48843562602996826, "time": 1790354053.2531762, "seconds_this_epoch": 39.2208710629493}
{"event": "TRAIN", "epoch": 68, "cursor": 70784, "train_count": 120355, "steps": 63600, "loss": [0.2027028203010559, 0.027793385088443756, 0.17490944266319275], "lr": 0.001, "grad_norm": 0.7022228837013245, "time": 1790354061.7860057, "seconds_this_epoch": 47.75370050780475}
{"event": "TRAIN", "epoch": 68, "cursor": 83584, "train_count": 120355, "steps": 63700, "loss": [0.2085992842912674, 0.03157542645931244, 0.17702385783195496], "lr": 0.001, "grad_norm": 0.49242764711380005, "time": 1790354070.3468106, "seconds_this_epoch": 56.31450539082289}
{"event": "TRAIN", "epoch": 68, "cursor": 96384, "train_count": 120355, "steps": 63800, "loss": [0.18502311408519745, 0.024355607107281685, 0.1606675088405609], "lr": 0.001, "grad_norm": 0.6032918095588684, "time": 1790354078.9472299, "seconds_this_epoch": 64.91492426395416}
{"event": "TRAIN", "epoch": 68, "cursor": 109184, "train_count": 120355, "steps": 63900, "loss": [0.220362588763237, 0.03742422163486481, 0.1829383671283722], "lr": 0.001, "grad_norm": 0.6459516882896423, "time": 1790354087.4556665, "seconds_this_epoch": 73.42336071655154}
{"epoch": 68, "train": [0.1978020042240444, 0.02821596288474515, 0.16958604141853767], "val": [0.5711983009758304, 0.03270774044713823, 0.5384905598957382], "lr": 0.001, "best_val": 0.53043719986189, "best_epoch": 33, "seconds": 82.19436255097389, "steps": 63988, "peak_memory_bytes": 3198824448, "time": 1790354096.2269251}
{"event": "TRAIN", "epoch": 69, "cursor": 1536, "train_count": 120355, "steps": 64000, "loss": [0.1858167052268982, 0.026919178664684296, 0.1588975340127945], "lr": 0.001, "grad_norm": 0.6293637752532959, "time": 1790354097.2247813, "seconds_this_epoch": 0.9133759625256062}
{"event": "TRAIN", "epoch": 69, "cursor": 14336, "train_count": 120355, "steps": 64100, "loss": [0.195536270737648, 0.03143005073070526, 0.16410622000694275], "lr": 0.001, "grad_norm": 0.6853752732276917, "time": 1790354105.7989604, "seconds_this_epoch": 9.487554928287864}
{"event": "TRAIN", "epoch": 69, "cursor": 27136, "train_count": 120355, "steps": 64200, "loss": [0.19089503586292267, 0.028784608468413353, 0.16211043298244476], "lr": 0.001, "grad_norm": 0.5366113781929016, "time": 1790354114.3756537, "seconds_this_epoch": 18.064248213544488}
{"event": "TRAIN", "epoch": 69, "cursor": 39936, "train_count": 120355, "steps": 64300, "loss": [0.1782020926475525, 0.028741978108882904, 0.149460107088089], "lr": 0.001, "grad_norm": 0.4474881887435913, "time": 1790354122.8733084, "seconds_this_epoch": 26.561902690678835}
{"event": "TRAIN", "epoch": 69, "cursor": 52736, "train_count": 120355, "steps": 64400, "loss": [0.20446114242076874, 0.028144536539912224, 0.17631660401821136], "lr": 0.001, "grad_norm": 0.510074257850647, "time": 1790354131.4006078, "seconds_this_epoch": 35.08920240774751}
{"event": "TRAIN", "epoch": 69, "cursor": 65536, "train_count": 120355, "steps": 64500, "loss": [0.2095109522342682, 0.025412918999791145, 0.1840980350971222], "lr": 0.001, "grad_norm": 0.7740551829338074, "time": 1790354139.9388385, "seconds_this_epoch": 43.627432929351926}
{"event": "TRAIN", "epoch": 69, "cursor": 78336, "train_count": 120355, "steps": 64600, "loss": [0.18404945731163025, 0.02724522538483143, 0.15680423378944397], "lr": 0.001, "grad_norm": 0.5094703435897827, "time": 1790354148.5486896, "seconds_this_epoch": 52.237284468486905}
{"event": "TRAIN", "epoch": 69, "cursor": 91136, "train_count": 120355, "steps": 64700, "loss": [0.19777141511440277, 0.026941701769828796, 0.17082971334457397], "lr": 0.001, "grad_norm": 0.9313298463821411, "time": 1790354157.04029, "seconds_this_epoch": 60.72888468019664}
{"event": "TRAIN", "epoch": 69, "cursor": 103936, "train_count": 120355, "steps": 64800, "loss": [0.1916700005531311, 0.028009383007884026, 0.16366061568260193], "lr": 0.001, "grad_norm": 0.4974919855594635, "time": 1790354165.530286, "seconds_this_epoch": 69.21888100542128}
{"event": "TRAIN", "epoch": 69, "cursor": 116736, "train_count": 120355, "steps": 64900, "loss": [0.17029380798339844, 0.02602704055607319, 0.1442667692899704], "lr": 0.001, "grad_norm": 0.5178664326667786, "time": 1790354174.0356863, "seconds_this_epoch": 77.72428032942116}
{"epoch": 69, "train": [0.19302251504455664, 0.028083278568618853, 0.16493923667745414], "val": [0.5546223284276061, 0.03212558015213732, 0.5224967495324616], "lr": 0.001, "best_val": 0.53043719986189, "best_epoch": 33, "seconds": 81.4747647177428, "steps": 64929, "peak_memory_bytes": 3198824448, "time": 1790354177.7864268}
{"event": "TRAIN", "epoch": 70, "cursor": 9088, "train_count": 120355, "steps": 65000, "loss": [0.1792045533657074, 0.027712656185030937, 0.1514918953180313], "lr": 0.001, "grad_norm": 0.3621314465999603, "time": 1790354184.1020224, "seconds_this_epoch": 6.231228036805987}
{"event": "TRAIN", "epoch": 70, "cursor": 21888, "train_count": 120355, "steps": 65100, "loss": [0.2219780683517456, 0.028462324291467667, 0.19351574778556824], "lr": 0.001, "grad_norm": 1.0383468866348267, "time": 1790354193.1322834, "seconds_this_epoch": 15.261488331481814}
{"event": "TRAIN", "epoch": 70, "cursor": 34688, "train_count": 120355, "steps": 65200, "loss": [0.17458675801753998, 0.028289129957556725, 0.1462976336479187], "lr": 0.001, "grad_norm": 0.558639645576477, "time": 1790354202.1981604, "seconds_this_epoch": 24.32736570201814}
{"event": "TRAIN", "epoch": 70, "cursor": 47488, "train_count": 120355, "steps": 65300, "loss": [0.17513275146484375, 0.02342662215232849, 0.15170612931251526], "lr": 0.001, "grad_norm": 0.6686785221099854, "time": 1790354211.227863, "seconds_this_epoch": 33.357068449258804}
{"event": "TRAIN", "epoch": 70, "cursor": 60288, "train_count": 120355, "steps": 65400, "loss": [0.22497817873954773, 0.026843400672078133, 0.19813477993011475], "lr": 0.001, "grad_norm": 0.715694785118103, "time": 1790354220.237396, "seconds_this_epoch": 42.36660152114928}
{"event": "TRAIN", "epoch": 70, "cursor": 73088, "train_count": 120355, "steps": 65500, "loss": [0.18161818385124207, 0.030418096110224724, 0.1512000858783722], "lr": 0.001, "grad_norm": 0.5901138782501221, "time": 1790354229.3264322, "seconds_this_epoch": 51.45563781261444}
{"event": "TRAIN", "epoch": 70, "cursor": 85888, "train_count": 120355, "steps": 65600, "loss": [0.19063766300678253, 0.02815897949039936, 0.16247868537902832], "lr": 0.001, "grad_norm": 0.5056762099266052, "time": 1790354238.3699083, "seconds_this_epoch": 60.49911344051361}
{"event": "TRAIN", "epoch": 70, "cursor": 98688, "train_count": 120355, "steps": 65700, "loss": [0.13959737122058868, 0.026250487193465233, 0.1133468896150589], "lr": 0.001, "grad_norm": 0.467996746301651, "time": 1790354247.4155474, "seconds_this_epoch": 69.54475295729935}
{"event": "TRAIN", "epoch": 70, "cursor": 111488, "train_count": 120355, "steps": 65800, "loss": [0.18002960085868835, 0.02852983959019184, 0.15149976313114166], "lr": 0.001, "grad_norm": 0.5386530756950378, "time": 1790354256.4661765, "seconds_this_epoch": 78.59538193233311}
{"epoch": 70, "train": [0.18951182014836881, 0.02785710468705663, 0.1616547152770828], "val": [0.560181945660426, 0.03201618628376371, 0.5281657615251396], "lr": 0.001, "best_val": 0.53043719986189, "best_epoch": 33, "seconds": 86.15560129843652, "steps": 65870, "peak_memory_bytes": 3198824448, "time": 1790354264.0266297}
{"event": "TRAIN", "epoch": 71, "cursor": 3840, "train_count": 120355, "steps": 65900, "loss": [0.19631312787532806, 0.030277354642748833, 0.16603577136993408], "lr": 0.001, "grad_norm": 0.5059312582015991, "time": 1790354266.6161318, "seconds_this_epoch": 2.5060734655708075}
{"event": "TRAIN", "epoch": 71, "cursor": 16640, "train_count": 120355, "steps": 66000, "loss": [0.18592961132526398, 0.026416584849357605, 0.15951302647590637], "lr": 0.001, "grad_norm": 0.6029224991798401, "time": 1790354275.6976185, "seconds_this_epoch": 11.587560357525945}
{"event": "TRAIN", "epoch": 71, "cursor": 29440, "train_count": 120355, "steps": 66100, "loss": [0.19187147915363312, 0.02591056004166603, 0.16596092283725739], "lr": 0.001, "grad_norm": 0.7329815030097961, "time": 1790354284.7903385, "seconds_this_epoch": 20.680280849337578}
{"event": "TRAIN", "epoch": 71, "cursor": 42240, "train_count": 120355, "steps": 66200, "loss": [0.18633878231048584, 0.029071273282170296, 0.1572675108909607], "lr": 0.001, "grad_norm": 0.5803406238555908, "time": 1790354293.746293, "seconds_this_epoch": 29.636235512793064}
{"event": "TRAIN", "epoch": 71, "cursor": 55040, "train_count": 120355, "steps": 66300, "loss": [0.19541311264038086, 0.028392095118761063, 0.1670210212469101], "lr": 0.001, "grad_norm": 0.6550440192222595, "time": 1790354302.739168, "seconds_this_epoch": 38.62910961359739}
{"event": "TRAIN", "epoch": 71, "cursor": 67840, "train_count": 120355, "steps": 66400, "loss": [0.19874826073646545, 0.02973722480237484, 0.16901104152202606], "lr": 0.001, "grad_norm": 0.9512010812759399, "time": 1790354311.7086608, "seconds_this_epoch": 47.59860279597342}
{"event": "TRAIN", "epoch": 71, "cursor": 80640, "train_count": 120355, "steps": 66500, "loss": [0.17633256316184998, 0.029483161866664886, 0.1468493938446045], "lr": 0.001, "grad_norm": 0.5351669788360596, "time": 1790354320.7564933, "seconds_this_epoch": 56.646435134112835}
{"event": "TRAIN", "epoch": 71, "cursor": 93440, "train_count": 120355, "steps": 66600, "loss": [0.19688290357589722, 0.028315456584095955, 0.1685674488544464], "lr": 0.001, "grad_norm": 0.9601969122886658, "time": 1790354329.814374, "seconds_this_epoch": 65.7043152935803}
{"event": "TRAIN", "epoch": 71, "cursor": 106240, "train_count": 120355, "steps": 66700, "loss": [0.18838797509670258, 0.02967407926917076, 0.15871389210224152], "lr": 0.001, "grad_norm": 0.5423283576965332, "time": 1790354339.0212767, "seconds_this_epoch": 74.91121894493699}
{"event": "TRAIN", "epoch": 71, "cursor": 119040, "train_count": 120355, "steps": 66800, "loss": [0.17889174818992615, 0.02706022560596466, 0.1518315225839615], "lr": 0.001, "grad_norm": 0.4597720503807068, "time": 1790354348.2291284, "seconds_this_epoch": 84.1190702598542}
{"epoch": 71, "train": [0.18657997689166506, 0.02765730909981828, 0.1589226676692129], "val": [0.5510336319344007, 0.03207143234557604, 0.5189622017283871], "lr": 0.001, "best_val": 0.53043719986189, "best_epoch": 33, "seconds": 86.32920685596764, "steps": 66811, "peak_memory_bytes": 3198824448, "time": 1790354350.4395068}
{"event": "TRAIN", "epoch": 72, "cursor": 11392, "train_count": 120355, "steps": 66900, "loss": [0.1631779670715332, 0.030255600810050964, 0.13292236626148224], "lr": 0.001, "grad_norm": 0.5957635045051575, "time": 1790354358.518731, "seconds_this_epoch": 7.99515588581562}
{"event": "TRAIN", "epoch": 72, "cursor": 24192, "train_count": 120355, "steps": 67000, "loss": [0.19336958229541779, 0.029211174696683884, 0.1641584038734436], "lr": 0.001, "grad_norm": 0.6527004241943359, "time": 1790354367.7752252, "seconds_this_epoch": 17.251649167388678}
{"event": "TRAIN", "epoch": 72, "cursor": 36992, "train_count": 120355, "steps": 67100, "loss": [0.19994379580020905, 0.030487114563584328, 0.16945667564868927], "lr": 0.001, "grad_norm": 1.956095814704895, "time": 1790354376.7593188, "seconds_this_epoch": 26.235743338242173}
{"event": "TRAIN", "epoch": 72, "cursor": 49792, "train_count": 120355, "steps": 67200, "loss": [0.17637041211128235, 0.023825975134968758, 0.15254443883895874], "lr": 0.001, "grad_norm": 0.4903908371925354, "time": 1790354385.866021, "seconds_this_epoch": 35.34244575537741}
{"event": "TRAIN", "epoch": 72, "cursor": 62592, "train_count": 120355, "steps": 67300, "loss": [0.17652489244937897, 0.024671537801623344, 0.15185335278511047], "lr": 0.001, "grad_norm": 0.6024414896965027, "time": 1790354394.9807878, "seconds_this_epoch": 44.45721189491451}
{"event": "TRAIN", "epoch": 72, "cursor": 75392, "train_count": 120355, "steps": 67400, "loss": [0.1628066450357437, 0.024150704964995384, 0.13865594565868378], "lr": 0.001, "grad_norm": 0.3721958100795746, "time": 1790354404.0975022, "seconds_this_epoch": 53.573926370590925}
{"event": "TRAIN", "epoch": 72, "cursor": 88192, "train_count": 120355, "steps": 67500, "loss": [0.19143858551979065, 0.028346488252282143, 0.16309209167957306], "lr": 0.001, "grad_norm": 0.5272606015205383, "time": 1790354413.1928253, "seconds_this_epoch": 62.66925008967519}
{"event": "TRAIN", "epoch": 72, "cursor": 100992, "train_count": 120355, "steps": 67600, "loss": [0.20716843008995056, 0.028896067291498184, 0.17827236652374268], "lr": 0.001, "grad_norm": 0.5527775883674622, "time": 1790354422.2579315, "seconds_this_epoch": 71.73435573093593}
{"event": "TRAIN", "epoch": 72, "cursor": 113792, "train_count": 120355, "steps": 67700, "loss": [0.19230049848556519, 0.029005611315369606, 0.16329488158226013], "lr": 0.001, "grad_norm": 1.280381441116333, "time": 1790354431.337687, "seconds_this_epoch": 80.81411182507873}
{"epoch": 72, "train": [0.18688566771711856, 0.0276894224953329, 0.15919624543879377], "val": [0.5615235512890646, 0.03227314114071386, 0.529250407910725], "lr": 0.001, "best_val": 0.53043719986189, "best_epoch": 33, "seconds": 86.77332629822195, "steps": 67752, "peak_memory_bytes": 3198824448, "time": 1790354437.2971413}
{"event": "TRAIN", "epoch": 73, "cursor": 6144, "train_count": 120355, "steps": 67800, "loss": [0.15900909900665283, 0.02927335537970066, 0.12973573803901672], "lr": 0.001, "grad_norm": 0.5967138409614563, "time": 1790354441.621, "seconds_this_epoch": 4.240047328174114}
{"event": "TRAIN", "epoch": 73, "cursor": 18944, "train_count": 120355, "steps": 67900, "loss": [0.17778879404067993, 0.029483603313565254, 0.14830519258975983], "lr": 0.001, "grad_norm": 0.43495893478393555, "time": 1790354450.5666857, "seconds_this_epoch": 13.185733439400792}
{"event": "TRAIN", "epoch": 73, "cursor": 31744, "train_count": 120355, "steps": 68000, "loss": [0.1922415941953659, 0.02840730920433998, 0.16383428871631622], "lr": 0.001, "grad_norm": 0.5176847577095032, "time": 1790354459.1434414, "seconds_this_epoch": 21.762488923966885}
{"event": "TRAIN", "epoch": 73, "cursor": 44544, "train_count": 120355, "steps": 68100, "loss": [0.18028870224952698, 0.025129947811365128, 0.15515875816345215], "lr": 0.001, "grad_norm": 0.4587145447731018, "time": 1790354467.7094245, "seconds_this_epoch": 30.328471871092916}
{"event": "TRAIN", "epoch": 73, "cursor": 57344, "train_count": 120355, "steps": 68200, "loss": [0.16939321160316467, 0.02539294771850109, 0.14400026202201843], "lr": 0.001, "grad_norm": 0.7003263831138611, "time": 1790354476.230602, "seconds_this_epoch": 38.84964953549206}
{"event": "TRAIN", "epoch": 73, "cursor": 70144, "train_count": 120355, "steps": 68300, "loss": [0.1697651594877243, 0.02465434931218624, 0.1451108157634735], "lr": 0.001, "grad_norm": 0.6174228191375732, "time": 1790354484.6925185, "seconds_this_epoch": 47.311565885320306}
{"event": "TRAIN", "epoch": 73, "cursor": 82944, "train_count": 120355, "steps": 68400, "loss": [0.19221921265125275, 0.027445096522569656, 0.1647741198539734], "lr": 0.001, "grad_norm": 0.4791502058506012, "time": 1790354493.213078, "seconds_this_epoch": 55.832125855609775}
{"event": "TRAIN", "epoch": 73, "cursor": 95744, "train_count": 120355, "steps": 68500, "loss": [0.1795687973499298, 0.027741000056266785, 0.15182779729366302], "lr": 0.001, "grad_norm": 0.4433615207672119, "time": 1790354501.8834329, "seconds_this_epoch": 64.50248041562736}
{"event": "TRAIN", "epoch": 73, "cursor": 108544, "train_count": 120355, "steps": 68600, "loss": [0.17361895740032196, 0.02647591009736061, 0.14714305102825165], "lr": 0.001, "grad_norm": 0.519177258014679, "time": 1790354510.9105952, "seconds_this_epoch": 73.52964270859957}
{"epoch": 73, "train": [0.18426875075752747, 0.027463206442713783, 0.1568055442047775], "val": [0.5653710085012725, 0.03231841059206062, 0.5330526003607939], "lr": 0.001, "best_val": 0.53043719986189, "best_epoch": 33, "seconds": 83.18079554848373, "steps": 68693, "peak_memory_bytes": 3198824448, "time": 1790354520.562}
{"event": "TRAIN", "epoch": 74, "cursor": 896, "train_count": 120355, "steps": 68700, "loss": [0.1448143720626831, 0.023017114028334618, 0.12179726362228394], "lr": 0.001, "grad_norm": 0.42289140820503235, "time": 1790354521.1935804, "seconds_this_epoch": 0.5475179050117731}
{"event": "TRAIN", "epoch": 74, "cursor": 13696, "train_count": 120355, "steps": 68800, "loss": [0.18804386258125305, 0.029877517372369766, 0.15816634893417358], "lr": 0.001, "grad_norm": 0.7048121690750122, "time": 1790354530.2270908, "seconds_this_epoch": 9.581028997898102}
{"event": "TRAIN", "epoch": 74, "cursor": 26496, "train_count": 120355, "steps": 68900, "loss": [0.17361445724964142, 0.025851497426629066, 0.1477629542350769], "lr": 0.001, "grad_norm": 0.40243449807167053, "time": 1790354539.361127, "seconds_this_epoch": 18.71506452932954}
{"event": "TRAIN", "epoch": 74, "cursor": 39296, "train_count": 120355, "steps": 69000, "loss": [0.19903278350830078, 0.027483658865094185, 0.17154912650585175], "lr": 0.001, "grad_norm": 0.7468747496604919, "time": 1790354548.4432733, "seconds_this_epoch": 27.797211019322276}
{"event": "TRAIN", "epoch": 74, "cursor": 52096, "train_count": 120355, "steps": 69100, "loss": [0.17260605096817017, 0.027728453278541565, 0.1448775976896286], "lr": 0.001, "grad_norm": 0.6058445572853088, "time": 1790354557.2016778, "seconds_this_epoch": 36.5556157361716}
{"event": "TRAIN", "epoch": 74, "cursor": 64896, "train_count": 120355, "steps": 69200, "loss": [0.20653341710567474, 0.02803451009094715, 0.17849890887737274], "lr": 0.001, "grad_norm": 0.5205354690551758, "time": 1790354565.7592008, "seconds_this_epoch": 45.113138396292925}
{"event": "TRAIN", "epoch": 74, "cursor": 77696, "train_count": 120355, "steps": 69300, "loss": [0.17693264782428741, 0.026241889223456383, 0.15069076418876648], "lr": 0.001, "grad_norm": 0.8948041796684265, "time": 1790354574.772863, "seconds_this_epoch": 54.126800645142794}
{"event": "TRAIN", "epoch": 74, "cursor": 90496, "train_count": 120355, "steps": 69400, "loss": [0.18810763955116272, 0.03219107538461685, 0.15591657161712646], "lr": 0.001, "grad_norm": 0.7975476980209351, "time": 1790354583.7998405, "seconds_this_epoch": 63.15377856232226}
{"event": "TRAIN", "epoch": 74, "cursor": 103296, "train_count": 120355, "steps": 69500, "loss": [0.18716271221637726, 0.028080211952328682, 0.15908250212669373], "lr": 0.001, "grad_norm": 0.7575371861457825, "time": 1790354592.9067948, "seconds_this_epoch": 72.26073272712529}
{"event": "TRAIN", "epoch": 74, "cursor": 116096, "train_count": 120355, "steps": 69600, "loss": [0.17495717108249664, 0.024640679359436035, 0.1503164917230606], "lr": 0.001, "grad_norm": 0.49149569869041443, "time": 1790354602.0171762, "seconds_this_epoch": 81.37111370451748}
{"epoch": 74, "train": [0.18223985006829935, 0.02734690382446784, 0.154892946267959], "val": [0.559685829475259, 0.03202242457042937, 0.5276633994578602], "lr": 0.001, "best_val": 0.53043719986189, "best_epoch": 33, "seconds": 85.66059552878141, "steps": 69634, "peak_memory_bytes": 3198824448, "time": 1790354606.306904}
{"event": "TRAIN", "epoch": 75, "cursor": 8448, "train_count": 120355, "steps": 69700, "loss": [0.2048202008008957, 0.03012027032673359, 0.17469993233680725], "lr": 0.001, "grad_norm": 0.6776502132415771, "time": 1790354612.2076802, "seconds_this_epoch": 5.817306220531464}
{"event": "TRAIN", "epoch": 75, "cursor": 21248, "train_count": 120355, "steps": 69800, "loss": [0.16001029312610626, 0.026950344443321228, 0.13305994868278503], "lr": 0.001, "grad_norm": 0.45076632499694824, "time": 1790354621.3251631, "seconds_this_epoch": 14.934788256883621}
{"event": "TRAIN", "epoch": 75, "cursor": 34048, "train_count": 120355, "steps": 69900, "loss": [0.16234377026557922, 0.029353000223636627, 0.132990762591362], "lr": 0.001, "grad_norm": 0.3413555920124054, "time": 1790354629.842707, "seconds_this_epoch": 23.45233224891126}
{"event": "TRAIN", "epoch": 75, "cursor": 46848, "train_count": 120355, "steps": 70000, "loss": [0.1499430388212204, 0.027844062075018883, 0.12209898233413696], "lr": 0.001, "grad_norm": 0.41716256737709045, "time": 1790354638.2781599, "seconds_this_epoch": 31.887785959988832}
{"event": "TRAIN", "epoch": 75, "cursor": 59648, "train_count": 120355, "steps": 70100, "loss": [0.15792444348335266, 0.02645818516612053, 0.13146625459194183], "lr": 0.001, "grad_norm": 0.5136609673500061, "time": 1790354646.8081467, "seconds_this_epoch": 40.41777238808572}
{"event": "TRAIN", "epoch": 75, "cursor": 72448, "train_count": 120355, "steps": 70200, "loss": [0.17347823083400726, 0.030850818380713463, 0.14262741804122925], "lr": 0.001, "grad_norm": 0.7414119243621826, "time": 1790354655.3094282, "seconds_this_epoch": 48.91905368119478}
{"event": "TRAIN", "epoch": 75, "cursor": 85248, "train_count": 120355, "steps": 70300, "loss": [0.17367908358573914, 0.02564764767885208, 0.14803144335746765], "lr": 0.001, "grad_norm": 0.5555059909820557, "time": 1790354663.9032936, "seconds_this_epoch": 57.512919045984745}
{"event": "TRAIN", "epoch": 75, "cursor": 98048, "train_count": 120355, "steps": 70400, "loss": [0.16383251547813416, 0.024807700887322426, 0.13902480900287628], "lr": 0.001, "grad_norm": 0.5597297549247742, "time": 1790354672.8432608, "seconds_this_epoch": 66.45288590528071}
{"event": "TRAIN", "epoch": 75, "cursor": 110848, "train_count": 120355, "steps": 70500, "loss": [0.18185721337795258, 0.02619977854192257, 0.15565744042396545], "lr": 0.001, "grad_norm": 0.5863031148910522, "time": 1790354681.8943286, "seconds_this_epoch": 75.50395386852324}
{"epoch": 75, "train": [0.17917770457418314, 0.027165961895741754, 0.1520117428907602], "val": [0.5569897480721321, 0.03207926884975542, 0.5249104788657829], "lr": 0.001, "best_val": 0.53043719986189, "best_epoch": 33, "seconds": 83.50646158866584, "steps": 70575, "peak_memory_bytes": 3198824448, "time": 1790354689.8970757}
{"event": "TRAIN", "epoch": 76, "cursor": 3200, "train_count": 120355, "steps": 70600, "loss": [0.17279794812202454, 0.024673588573932648, 0.14812436699867249], "lr": 0.001, "grad_norm": 0.549704372882843, "time": 1790354691.9145782, "seconds_this_epoch": 1.9333798456937075}
{"event": "TRAIN", "epoch": 76, "cursor": 16000, "train_count": 120355, "steps": 70700, "loss": [0.18368932604789734, 0.028509147465229034, 0.1551801860332489], "lr": 0.001, "grad_norm": 0.6166881918907166, "time": 1790354700.2209804, "seconds_this_epoch": 10.239782348275185}
{"event": "TRAIN", "epoch": 76, "cursor": 28800, "train_count": 120355, "steps": 70800, "loss": [0.20217180252075195, 0.02964469976723194, 0.17252710461616516], "lr": 0.001, "grad_norm": 0.558970034122467, "time": 1790354709.220698, "seconds_this_epoch": 19.239499976858497}
{"event": "TRAIN", "epoch": 76, "cursor": 41600, "train_count": 120355, "steps": 70900, "loss": [0.1616802215576172, 0.028303049504756927, 0.13337716460227966], "lr": 0.001, "grad_norm": 0.45774927735328674, "time": 1790354718.2503371, "seconds_this_epoch": 28.269139328971505}
{"event": "TRAIN", "epoch": 76, "cursor": 54400, "train_count": 120355, "steps": 71000, "loss": [0.15973736345767975, 0.02581024542450905, 0.133927121758461], "lr": 0.001, "grad_norm": 0.9254698157310486, "time": 1790354727.3341663, "seconds_this_epoch": 37.35296865738928}
{"event": "TRAIN", "epoch": 76, "cursor": 67200, "train_count": 120355, "steps": 71100, "loss": [0.15969626605510712, 0.02830035611987114, 0.13139590620994568], "lr": 0.001, "grad_norm": 0.4084494411945343, "time": 1790354736.3728077, "seconds_this_epoch": 46.391610169783235}
{"event": "TRAIN", "epoch": 76, "cursor": 80000, "train_count": 120355, "steps": 71200, "loss": [0.1814071387052536, 0.028564151376485825, 0.15284298360347748], "lr": 0.001, "grad_norm": 0.6895522475242615, "time": 1790354745.3774693, "seconds_this_epoch": 55.39627104997635}
{"event": "TRAIN", "epoch": 76, "cursor": 92800, "train_count": 120355, "steps": 71300, "loss": [0.1810041218996048, 0.025865638628602028, 0.15513847768306732], "lr": 0.001, "grad_norm": 0.6864346861839294, "time": 1790354754.4279294, "seconds_this_epoch": 64.4467308986932}
{"event": "TRAIN", "epoch": 76, "cursor": 105600, "train_count": 120355, "steps": 71400, "loss": [0.16406391561031342, 0.02595050074160099, 0.13811340928077698], "lr": 0.001, "grad_norm": 0.47496673464775085, "time": 1790354763.4596946, "seconds_this_epoch": 73.47849665395916}
{"event": "TRAIN", "epoch": 76, "cursor": 118400, "train_count": 120355, "steps": 71500, "loss": [0.21543119847774506, 0.028347337618470192, 0.18708385527133942], "lr": 0.001, "grad_norm": 0.8470367193222046, "time": 1790354772.485295, "seconds_this_epoch": 82.50409668125212}
{"epoch": 76, "train": [0.17757853892960737, 0.02708187175242279, 0.1504966670999271], "val": [0.5707948662155659, 0.031566218500040336, 0.5392286422685559], "lr": 0.001, "best_val": 0.53043719986189, "best_epoch": 33, "seconds": 85.18803598172963, "steps": 71516, "peak_memory_bytes": 3198824448, "time": 1790354775.169467}
{"event": "TRAIN", "epoch": 77, "cursor": 10752, "train_count": 120355, "steps": 71600, "loss": [0.15628103911876678, 0.028619160875678062, 0.12766188383102417], "lr": 0.001, "grad_norm": 0.5503498315811157, "time": 1790354782.6161666, "seconds_this_epoch": 7.361554875969887}
{"event": "TRAIN", "epoch": 77, "cursor": 23552, "train_count": 120355, "steps": 71700, "loss": [0.1709774285554886, 0.024087702855467796, 0.14688973128795624], "lr": 0.001, "grad_norm": 0.46107926964759827, "time": 1790354791.2279348, "seconds_this_epoch": 15.973322911188006}
{"event": "TRAIN", "epoch": 77, "cursor": 36352, "train_count": 120355, "steps": 71800, "loss": [0.1970582753419876, 0.026107003912329674, 0.17095127701759338], "lr": 0.001, "grad_norm": 1.1567723751068115, "time": 1790354799.6835127, "seconds_this_epoch": 24.42890028655529}
{"event": "TRAIN", "epoch": 77, "cursor": 49152, "train_count": 120355, "steps": 71900, "loss": [0.18351739645004272, 0.02893601916730404, 0.15458138287067413], "lr": 0.001, "grad_norm": 0.846673309803009, "time": 1790354808.3656282, "seconds_this_epoch": 33.111016020178795}
{"event": "TRAIN", "epoch": 77, "cursor": 61952, "train_count": 120355, "steps": 72000, "loss": [0.15007363259792328, 0.025048818439245224, 0.12502481043338776], "lr": 0.001, "grad_norm": 0.5140600800514221, "time": 1790354817.0250967, "seconds_this_epoch": 41.77048419974744}
{"event": "TRAIN", "epoch": 77, "cursor": 74752, "train_count": 120355, "steps": 72100, "loss": [0.17905157804489136, 0.02906498685479164, 0.14998659491539001], "lr": 0.001, "grad_norm": 0.6011976599693298, "time": 1790354825.4886348, "seconds_this_epoch": 50.23402243480086}
{"event": "TRAIN", "epoch": 77, "cursor": 87552, "train_count": 120355, "steps": 72200, "loss": [0.19465398788452148, 0.028447143733501434, 0.16620685160160065], "lr": 0.001, "grad_norm": 0.6696284413337708, "time": 1790354833.9452825, "seconds_this_epoch": 58.69067054614425}
{"event": "TRAIN", "epoch": 77, "cursor": 100352, "train_count": 120355, "steps": 72300, "loss": [0.17485782504081726, 0.02929956093430519, 0.14555826783180237], "lr": 0.001, "grad_norm": 0.47852233052253723, "time": 1790354842.4686482, "seconds_this_epoch": 67.21403582580388}
{"event": "TRAIN", "epoch": 77, "cursor": 113152, "train_count": 120355, "steps": 72400, "loss": [0.1497337818145752, 0.025217588990926743, 0.12451619654893875], "lr": 0.001, "grad_norm": 0.5214956998825073, "time": 1790354850.9628818, "seconds_this_epoch": 75.70826922915876}
{"epoch": 77, "train": [0.17793907377641235, 0.02701692904045568, 0.15092214501041265], "val": [0.5660115099224259, 0.03219737689758253, 0.5338141340143909], "lr": 0.001, "best_val": 0.53043719986189, "best_epoch": 33, "seconds": 81.85955387726426, "steps": 72457, "peak_memory_bytes": 3198824448, "time": 1790354857.114405}
{"event": "TRAIN", "epoch": 78, "cursor": 5504, "train_count": 120355, "steps": 72500, "loss": [0.16992099583148956, 0.027798278257250786, 0.14212271571159363], "lr": 0.001, "grad_norm": 0.528531551361084, "time": 1790354860.92205, "seconds_this_epoch": 3.7236032225191593}
{"event": "TRAIN", "epoch": 78, "cursor": 18304, "train_count": 120355, "steps": 72600, "loss": [0.15989315509796143, 0.025900207459926605, 0.13399295508861542], "lr": 0.001, "grad_norm": 0.4402421712875366, "time": 1790354870.0474658, "seconds_this_epoch": 12.84901873394847}
{"event": "TRAIN", "epoch": 78, "cursor": 31104, "train_count": 120355, "steps": 72700, "loss": [0.17268626391887665, 0.025054438039660454, 0.14763182401657104], "lr": 0.001, "grad_norm": 0.49954912066459656, "time": 1790354879.1090531, "seconds_this_epoch": 21.910605998709798}
{"event": "TRAIN", "epoch": 78, "cursor": 43904, "train_count": 120355, "steps": 72800, "loss": [0.179289773106575, 0.029731880873441696, 0.14955788850784302], "lr": 0.001, "grad_norm": 0.5336312055587769, "time": 1790354888.1212125, "seconds_this_epoch": 30.92276557534933}
{"event": "TRAIN", "epoch": 78, "cursor": 56704, "train_count": 120355, "steps": 72900, "loss": [0.20092236995697021, 0.03304179757833481, 0.167880579829216], "lr": 0.001, "grad_norm": 1.2636219263076782, "time": 1790354896.9458458, "seconds_this_epoch": 39.74741214513779}
{"event": "TRAIN", "epoch": 78, "cursor": 69504, "train_count": 120355, "steps": 73000, "loss": [0.18576613068580627, 0.026925401762127876, 0.15884073078632355], "lr": 0.001, "grad_norm": 0.6755448579788208, "time": 1790354905.9746292, "seconds_this_epoch": 48.776182340458035}
{"event": "TRAIN", "epoch": 78, "cursor": 82304, "train_count": 120355, "steps": 73100, "loss": [0.18932728469371796, 0.02671443112194538, 0.16261285543441772], "lr": 0.001, "grad_norm": 0.5070247650146484, "time": 1790354915.0779474, "seconds_this_epoch": 57.879500579088926}
{"event": "TRAIN", "epoch": 78, "cursor": 95104, "train_count": 120355, "steps": 73200, "loss": [0.18517154455184937, 0.02993987873196602, 0.15523166954517365], "lr": 0.001, "grad_norm": 0.5885826945304871, "time": 1790354924.1610718, "seconds_this_epoch": 66.96262485720217}
{"event": "TRAIN", "epoch": 78, "cursor": 107904, "train_count": 120355, "steps": 73300, "loss": [0.18557097017765045, 0.025888442993164062, 0.1596825271844864], "lr": 0.001, "grad_norm": 0.48299440741539, "time": 1790354933.21812, "seconds_this_epoch": 76.01967296749353}
{"epoch": 78, "train": [0.17667774762378702, 0.026979129018163676, 0.1496986187849932], "val": [0.5606338886169128, 0.03238191406348134, 0.5282519743751346], "lr": 0.001, "best_val": 0.53043719986189, "best_epoch": 33, "seconds": 85.54774649068713, "steps": 73398, "peak_memory_bytes": 3198824448, "time": 1790354942.7464375}
{"event": "TRAIN", "epoch": 79, "cursor": 256, "train_count": 120355, "steps": 73400, "loss": [0.16372357308864594, 0.02426050789654255, 0.13946306705474854], "lr": 0.001, "grad_norm": 0.6500536799430847, "time": 1790354942.9928453, "seconds_this_epoch": 0.16196724027395248}
{"event": "TRAIN", "epoch": 79, "cursor": 13056, "train_count": 120355, "steps": 73500, "loss": [0.20303583145141602, 0.02549145184457302, 0.17754438519477844], "lr": 0.001, "grad_norm": 0.6636934280395508, "time": 1790354951.4063296, "seconds_this_epoch": 8.57544312439859}
{"event": "TRAIN", "epoch": 79, "cursor": 25856, "train_count": 120355, "steps": 73600, "loss": [0.16253474354743958, 0.02564225345849991, 0.13689249753952026], "lr": 0.001, "grad_norm": 0.5407315492630005, "time": 1790354959.9354954, "seconds_this_epoch": 17.104609033092856}
{"event": "TRAIN", "epoch": 79, "cursor": 38656, "train_count": 120355, "steps": 73700, "loss": [0.17790862917900085, 0.02868346869945526, 0.1492251604795456], "lr": 0.001, "grad_norm": 0.4910590648651123, "time": 1790354968.488209, "seconds_this_epoch": 25.657322680577636}
{"event": "TRAIN", "epoch": 79, "cursor": 51456, "train_count": 120355, "steps": 73800, "loss": [0.1672613024711609, 0.02668651193380356, 0.14057479798793793], "lr": 0.001, "grad_norm": 0.4098495543003082, "time": 1790354976.9446037, "seconds_this_epoch": 34.11371720395982}
{"event": "TRAIN", "epoch": 79, "cursor": 64256, "train_count": 120355, "steps": 73900, "loss": [0.17298437654972076, 0.027226803824305534, 0.14575757086277008], "lr": 0.001, "grad_norm": 0.6098083853721619, "time": 1790354985.686413, "seconds_this_epoch": 42.855526672676206}
{"event": "TRAIN", "epoch": 79, "cursor": 77056, "train_count": 120355, "steps": 74000, "loss": [0.18512870371341705, 0.029546182602643967, 0.1555825173854828], "lr": 0.001, "grad_norm": 0.5031154751777649, "time": 1790354994.3466804, "seconds_this_epoch": 51.51579390279949}
{"event": "TRAIN", "epoch": 79, "cursor": 89856, "train_count": 120355, "steps": 74100, "loss": [0.13982048630714417, 0.022078732028603554, 0.11774175614118576], "lr": 0.001, "grad_norm": 0.501719057559967, "time": 1790355003.2196038, "seconds_this_epoch": 60.388717632740736}
{"event": "TRAIN", "epoch": 79, "cursor": 102656, "train_count": 120355, "steps": 74200, "loss": [0.18862712383270264, 0.026407629251480103, 0.16221949458122253], "lr": 0.001, "grad_norm": 0.8847911357879639, "time": 1790355012.2373433, "seconds_this_epoch": 69.40645692497492}
{"event": "TRAIN", "epoch": 79, "cursor": 115456, "train_count": 120355, "steps": 74300, "loss": [0.1834874451160431, 0.029720226302742958, 0.15376721322536469], "lr": 0.001, "grad_norm": 0.5288569331169128, "time": 1790355021.3325546, "seconds_this_epoch": 78.50166833214462}
{"epoch": 79, "train": [0.17779196271593375, 0.027048558032995277, 0.15074340458497373], "val": [0.5769458659352067, 0.03273460152189852, 0.5442112688172409], "lr": 0.001, "best_val": 0.53043719986189, "best_epoch": 33, "seconds": 83.23539365641773, "steps": 74339, "peak_memory_bytes": 3198824448, "time": 1790355026.066521}
{"event": "TRAIN", "epoch": 80, "cursor": 7808, "train_count": 120355, "steps": 74400, "loss": [0.17859700322151184, 0.028906499966979027, 0.14969050884246826], "lr": 0.001, "grad_norm": 0.598040759563446, "time": 1790355031.600306, "seconds_this_epoch": 5.4501910246908665}
{"event": "TRAIN", "epoch": 80, "cursor": 20608, "train_count": 120355, "steps": 74500, "loss": [0.16655370593070984, 0.02803094871342182, 0.13852275907993317], "lr": 0.001, "grad_norm": 0.6745690107345581, "time": 1790355040.650873, "seconds_this_epoch": 14.500757705420256}
{"event": "TRAIN", "epoch": 80, "cursor": 33408, "train_count": 120355, "steps": 74600, "loss": [0.17406144738197327, 0.027483003214001656, 0.14657844603061676], "lr": 0.001, "grad_norm": 0.4777492880821228, "time": 1790355049.4463615, "seconds_this_epoch": 23.296246675774455}
{"event": "TRAIN", "epoch": 80, "cursor": 46208, "train_count": 120355, "steps": 74700, "loss": [0.15918049216270447, 0.026285363361239433, 0.13289512693881989], "lr": 0.001, "grad_norm": 0.5664435029029846, "time": 1790355057.9497552, "seconds_this_epoch": 31.79964011721313}
{"event": "TRAIN", "epoch": 80, "cursor": 59008, "train_count": 120355, "steps": 74800, "loss": [0.1940535604953766, 0.02556818537414074, 0.1684853732585907], "lr": 0.001, "grad_norm": 0.5669593214988708, "time": 1790355066.5693393, "seconds_this_epoch": 40.419224705547094}
{"event": "TRAIN", "epoch": 80, "cursor": 71808, "train_count": 120355, "steps": 74900, "loss": [0.18425999581813812, 0.02672351524233818, 0.15753647685050964], "lr": 0.001, "grad_norm": 0.5131444931030273, "time": 1790355075.3087566, "seconds_this_epoch": 49.158641904592514}
{"event": "TRAIN", "epoch": 80, "cursor": 84608, "train_count": 120355, "steps": 75000, "loss": [0.176923930644989, 0.027350611984729767, 0.14957331120967865], "lr": 0.001, "grad_norm": 0.5408929586410522, "time": 1790355084.4635713, "seconds_this_epoch": 58.31345673650503}
{"event": "TRAIN", "epoch": 80, "cursor": 97408, "train_count": 120355, "steps": 75100, "loss": [0.20346318185329437, 0.03068825975060463, 0.17277492582798004], "lr": 0.001, "grad_norm": 0.6753836870193481, "time": 1790355093.5582597, "seconds_this_epoch": 67.40814509056509}
{"event": "TRAIN", "epoch": 80, "cursor": 110208, "train_count": 120355, "steps": 75200, "loss": [0.1669916808605194, 0.02779538184404373, 0.13919629156589508], "lr": 0.001, "grad_norm": 0.48640933632850647, "time": 1790355102.775565, "seconds_this_epoch": 76.62545060366392}
{"epoch": 80, "train": [0.17769387880749798, 0.027020532127582292, 0.1506733465632247], "val": [0.5613603093044294, 0.03176821099224827, 0.5295921028854959], "lr": 0.001, "best_val": 0.53043719986189, "best_epoch": 33, "seconds": 85.15133082866669, "steps": 75280, "peak_memory_bytes": 3198824448, "time": 1790355111.3016794}
{"event": "TRAIN", "epoch": 81, "cursor": 2560, "train_count": 120355, "steps": 75300, "loss": [0.15711355209350586, 0.02513640560209751, 0.1319771409034729], "lr": 0.001, "grad_norm": 0.639457643032074, "time": 1790355113.0181558, "seconds_this_epoch": 1.6319912523031235}
{"event": "TRAIN", "epoch": 81, "cursor": 15360, "train_count": 120355, "steps": 75400, "loss": [0.13914014399051666, 0.025679441168904305, 0.11346069723367691], "lr": 0.001, "grad_norm": 0.4391429126262665, "time": 1790355122.1292083, "seconds_this_epoch": 10.743043877184391}
{"event": "TRAIN", "epoch": 81, "cursor": 28160, "train_count": 120355, "steps": 75500, "loss": [0.1898333877325058, 0.026796940714120865, 0.16303645074367523], "lr": 0.001, "grad_norm": 0.6871106624603271, "time": 1790355131.2205687, "seconds_this_epoch": 19.83440448716283}
{"event": "TRAIN", "epoch": 81, "cursor": 40960, "train_count": 120355, "steps": 75600, "loss": [0.1519140899181366, 0.02720295451581478, 0.12471114099025726], "lr": 0.001, "grad_norm": 0.5594622492790222, "time": 1790355140.3016438, "seconds_this_epoch": 28.915479538962245}
{"event": "TRAIN", "epoch": 81, "cursor": 53760, "train_count": 120355, "steps": 75700, "loss": [0.17034614086151123, 0.025282040238380432, 0.1450641006231308], "lr": 0.001, "grad_norm": 0.539404571056366, "time": 1790355149.320284, "seconds_this_epoch": 37.93411973118782}
{"event": "TRAIN", "epoch": 81, "cursor": 66560, "train_count": 120355, "steps": 75800, "loss": [0.17073240876197815, 0.02777746506035328, 0.14295494556427002], "lr": 0.001, "grad_norm": 0.5917985439300537, "time": 1790355158.388353, "seconds_this_epoch": 47.00218837149441}
{"event": "TRAIN", "epoch": 81, "cursor": 79360, "train_count": 120355, "steps": 75900, "loss": [0.14914587140083313, 0.024913080036640167, 0.12423278391361237], "lr": 0.001, "grad_norm": 0.4026201665401459, "time": 1790355167.4523036, "seconds_this_epoch": 56.06613917089999}
{"event": "TRAIN", "epoch": 81, "cursor": 92160, "train_count": 120355, "steps": 76000, "loss": [0.18845893442630768, 0.02675729990005493, 0.16170163452625275], "lr": 0.001, "grad_norm": 0.5983836650848389, "time": 1790355176.1158822, "seconds_this_epoch": 64.72971791215241}
{"event": "TRAIN", "epoch": 81, "cursor": 104960, "train_count": 120355, "steps": 76100, "loss": [0.17837116122245789, 0.025470666587352753, 0.15290050208568573], "lr": 0.001, "grad_norm": 0.560120165348053, "time": 1790355184.705944, "seconds_this_epoch": 73.31977904774249}
{"event": "TRAIN", "epoch": 81, "cursor": 117760, "train_count": 120355, "steps": 76200, "loss": [0.16329418122768402, 0.026841789484024048, 0.13645239174365997], "lr": 0.001, "grad_norm": 0.4011744260787964, "time": 1790355193.1373014, "seconds_this_epoch": 81.75113665126264}
{"epoch": 81, "train": [0.17405086489622815, 0.026846238282867772, 0.14720462683522803], "val": [0.5675000079976845, 0.03177464198217469, 0.5357253654538747], "lr": 0.001, "best_val": 0.53043719986189, "best_epoch": 33, "seconds": 84.76112600974739, "steps": 76221, "peak_memory_bytes": 3198824448, "time": 1790355196.1475294}
{"event": "TRAIN", "epoch": 82, "cursor": 10112, "train_count": 120355, "steps": 76300, "loss": [0.17460082471370697, 0.02491815574467182, 0.1496826708316803], "lr": 0.001, "grad_norm": 0.8609225749969482, "time": 1790355201.9193997, "seconds_this_epoch": 5.688105067238212}
{"event": "TRAIN", "epoch": 82, "cursor": 22912, "train_count": 120355, "steps": 76400, "loss": [0.16879288852214813, 0.02704615704715252, 0.14174672961235046], "lr": 0.001, "grad_norm": 0.5655251741409302, "time": 1790355209.8548436, "seconds_this_epoch": 13.623549930751324}
{"event": "TRAIN", "epoch": 82, "cursor": 35712, "train_count": 120355, "steps": 76500, "loss": [0.16691605746746063, 0.025932366028428078, 0.1409836858510971], "lr": 0.001, "grad_norm": 0.6785522103309631, "time": 1790355218.7599487, "seconds_this_epoch": 22.528655575588346}
{"event": "TRAIN", "epoch": 82, "cursor": 48512, "train_count": 120355, "steps": 76600, "loss": [0.16510267555713654, 0.026200439780950546, 0.1389022320508957], "lr": 0.001, "grad_norm": 0.5302721261978149, "time": 1790355227.690265, "seconds_this_epoch": 31.458971017971635}
{"event": "TRAIN", "epoch": 82, "cursor": 61312, "train_count": 120355, "steps": 76700, "loss": [0.17125310003757477, 0.026895076036453247, 0.14435802400112152], "lr": 0.001, "grad_norm": 0.4330158531665802, "time": 1790355236.698804, "seconds_this_epoch": 40.467509949579835}
{"event": "TRAIN", "epoch": 82, "cursor": 74112, "train_count": 120355, "steps": 76800, "loss": [0.15682658553123474, 0.02691838890314102, 0.12990818917751312], "lr": 0.001, "grad_norm": 0.4721468687057495, "time": 1790355245.5800018, "seconds_this_epoch": 49.34870798140764}
{"event": "TRAIN", "epoch": 82, "cursor": 86912, "train_count": 120355, "steps": 76900, "loss": [0.20011326670646667, 0.026948202401399612, 0.17316506803035736], "lr": 0.001, "grad_norm": 0.8317893743515015, "time": 1790355254.6600037, "seconds_this_epoch": 58.428710013628006}
{"event": "TRAIN", "epoch": 82, "cursor": 99712, "train_count": 120355, "steps": 77000, "loss": [0.1474614143371582, 0.026974452659487724, 0.12048695981502533], "lr": 0.001, "grad_norm": 0.567060649394989, "time": 1790355263.6948893, "seconds_this_epoch": 67.46359588764608}
{"event": "TRAIN", "epoch": 82, "cursor": 112512, "train_count": 120355, "steps": 77100, "loss": [0.15494802594184875, 0.026113729923963547, 0.1288342922925949], "lr": 0.001, "grad_norm": 0.54157954454422, "time": 1790355272.5950181, "seconds_this_epoch": 76.36372404173017}
{"epoch": 82, "train": [0.1717218179185926, 0.026683850335760848, 0.14503796757490792], "val": [0.557960673645161, 0.031518258165535794, 0.5264424134113815], "lr": 0.001, "best_val": 0.53043719986189, "best_epoch": 33, "seconds": 83.23884738981724, "steps": 77162, "peak_memory_bytes": 3198824448, "time": 1790355279.470381}
{"event": "TRAIN", "epoch": 83, "cursor": 4864, "train_count": 120355, "steps": 77200, "loss": [0.1885593682527542, 0.028180433437228203, 0.16037893295288086], "lr": 0.001, "grad_norm": 0.6220359802246094, "time": 1790355282.8846686, "seconds_this_epoch": 3.329752027988434}
{"event": "TRAIN", "epoch": 83, "cursor": 17664, "train_count": 120355, "steps": 77300, "loss": [0.1706804484128952, 0.027241164818406105, 0.14343927800655365], "lr": 0.001, "grad_norm": 0.6522817015647888, "time": 1790355292.0490243, "seconds_this_epoch": 12.494107387959957}
{"event": "TRAIN", "epoch": 83, "cursor": 30464, "train_count": 120355, "steps": 77400, "loss": [0.16590812802314758, 0.02717970497906208, 0.13872842490673065], "lr": 0.001, "grad_norm": 0.5252612829208374, "time": 1790355301.0262635, "seconds_this_epoch": 21.471346931532025}
{"event": "TRAIN", "epoch": 83, "cursor": 43264, "train_count": 120355, "steps": 77500, "loss": [0.15797489881515503, 0.024850748479366302, 0.13312414288520813], "lr": 0.001, "grad_norm": 0.49679237604141235, "time": 1790355310.0507824, "seconds_this_epoch": 30.495865305885673}
{"event": "TRAIN", "epoch": 83, "cursor": 56064, "train_count": 120355, "steps": 77600, "loss": [0.16570383310317993, 0.02325250953435898, 0.14245133101940155], "lr": 0.001, "grad_norm": 0.48241665959358215, "time": 1790355319.0827124, "seconds_this_epoch": 39.527795823290944}
{"event": "TRAIN", "epoch": 83, "cursor": 68864, "train_count": 120355, "steps": 77700, "loss": [0.16055934131145477, 0.02762577123939991, 0.1329335719347], "lr": 0.001, "grad_norm": 0.5733072757720947, "time": 1790355328.1529915, "seconds_this_epoch": 48.59807431139052}
{"event": "TRAIN", "epoch": 83, "cursor": 81664, "train_count": 120355, "steps": 77800, "loss": [0.14850588142871857, 0.025726985186338425, 0.12277889996767044], "lr": 0.001, "grad_norm": 0.4351792633533478, "time": 1790355337.2076797, "seconds_this_epoch": 57.65276303887367}
{"event": "TRAIN", "epoch": 83, "cursor": 94464, "train_count": 120355, "steps": 77900, "loss": [0.15942680835723877, 0.025815555825829506, 0.13361124694347382], "lr": 0.001, "grad_norm": 0.3395562767982483, "time": 1790355346.172784, "seconds_this_epoch": 66.61786780878901}
{"event": "TRAIN", "epoch": 83, "cursor": 107264, "train_count": 120355, "steps": 78000, "loss": [0.17035438120365143, 0.02503787912428379, 0.1453164964914322], "lr": 0.001, "grad_norm": 0.7557609677314758, "time": 1790355355.1641572, "seconds_this_epoch": 75.60924032330513}
{"event": "TRAIN", "epoch": 83, "cursor": 120064, "train_count": 120355, "steps": 78100, "loss": [0.17474377155303955, 0.026124587282538414, 0.14861918985843658], "lr": 0.001, "grad_norm": 0.4304903745651245, "time": 1790355364.0985272, "seconds_this_epoch": 84.54361062310636}
{"epoch": 83, "train": [0.1691213809043834, 0.02646227074363513, 0.14265911019027697], "val": [0.5696794956057791, 0.031490988282789345, 0.5381885058787851], "lr": 0.001, "best_val": 0.53043719986189, "best_epoch": 33, "seconds": 86.04477117955685, "steps": 78103, "peak_memory_bytes": 3198824448, "time": 1790355365.59994}
{"event": "TRAIN", "epoch": 84, "cursor": 12416, "train_count": 120355, "steps": 78200, "loss": [0.192260280251503, 0.029319699853658676, 0.16294057667255402], "lr": 0.001, "grad_norm": 0.5414756536483765, "time": 1790355374.4482136, "seconds_this_epoch": 8.763396499678493}
{"event": "TRAIN", "epoch": 84, "cursor": 25216, "train_count": 120355, "steps": 78300, "loss": [0.1680590808391571, 0.026852788403630257, 0.141206294298172], "lr": 0.001, "grad_norm": 0.4326508939266205, "time": 1790355383.4996784, "seconds_this_epoch": 17.814861157909036}
{"event": "TRAIN", "epoch": 84, "cursor": 38016, "train_count": 120355, "steps": 78400, "loss": [0.15308715403079987, 0.02510448731482029, 0.12798266112804413], "lr": 0.001, "grad_norm": 0.5666715502738953, "time": 1790355392.5597122, "seconds_this_epoch": 26.874895298853517}
{"event": "TRAIN", "epoch": 84, "cursor": 50816, "train_count": 120355, "steps": 78500, "loss": [0.14901313185691833, 0.029353978112339973, 0.11965914815664291], "lr": 0.001, "grad_norm": 0.449709951877594, "time": 1790355401.6032355, "seconds_this_epoch": 35.91841829940677}
{"event": "TRAIN", "epoch": 84, "cursor": 63616, "train_count": 120355, "steps": 78600, "loss": [0.14404258131980896, 0.028104044497013092, 0.11593852937221527], "lr": 0.001, "grad_norm": 0.436282753944397, "time": 1790355410.6874437, "seconds_this_epoch": 45.00262640230358}
{"event": "TRAIN", "epoch": 84, "cursor": 76416, "train_count": 120355, "steps": 78700, "loss": [0.15882563591003418, 0.024379141628742218, 0.13444648683071136], "lr": 0.001, "grad_norm": 0.47412848472595215, "time": 1790355419.833789, "seconds_this_epoch": 54.14897210150957}
{"event": "TRAIN", "epoch": 84, "cursor": 89216, "train_count": 120355, "steps": 78800, "loss": [0.1722232699394226, 0.02806035615503788, 0.14416290819644928], "lr": 0.001, "grad_norm": 0.561560869216919, "time": 1790355428.9124215, "seconds_this_epoch": 63.22760417684913}
{"event": "TRAIN", "epoch": 84, "cursor": 102016, "train_count": 120355, "steps": 78900, "loss": [0.1926497220993042, 0.025966553017497063, 0.166683167219162], "lr": 0.001, "grad_norm": 0.7795841097831726, "time": 1790355438.0076075, "seconds_this_epoch": 72.32279006764293}
{"event": "TRAIN", "epoch": 84, "cursor": 114816, "train_count": 120355, "steps": 79000, "loss": [0.14335261285305023, 0.023589735850691795, 0.11976287513971329], "lr": 0.001, "grad_norm": 0.41304513812065125, "time": 1790355446.9965212, "seconds_this_epoch": 81.31170424260199}
{"epoch": 84, "train": [0.167816844662539, 0.026411261512175127, 0.14140558312119111], "val": [0.5636615580225861, 0.031732157617138775, 0.5319294010918902], "lr": 0.0005, "best_val": 0.53043719986189, "best_epoch": 33, "seconds": 86.56594299897552, "steps": 79044, "peak_memory_bytes": 3198824448, "time": 1790355452.2510076}
{"event": "TRAIN", "epoch": 85, "cursor": 7168, "train_count": 120355, "steps": 79100, "loss": [0.1713332235813141, 0.02835182100534439, 0.1429813951253891], "lr": 0.0005, "grad_norm": 0.5484236478805542, "time": 1790355457.3458416, "seconds_this_epoch": 5.0104415733367205}
{"event": "TRAIN", "epoch": 85, "cursor": 19968, "train_count": 120355, "steps": 79200, "loss": [0.14846500754356384, 0.024572044610977173, 0.12389296293258667], "lr": 0.0005, "grad_norm": 0.4839468002319336, "time": 1790355466.5576098, "seconds_this_epoch": 14.222209734842181}
{"event": "TRAIN", "epoch": 85, "cursor": 32768, "train_count": 120355, "steps": 79300, "loss": [0.15238748490810394, 0.023039301857352257, 0.12934818863868713], "lr": 0.0005, "grad_norm": 0.33216482400894165, "time": 1790355475.609154, "seconds_this_epoch": 23.27375372312963}
{"event": "TRAIN", "epoch": 85, "cursor": 45568, "train_count": 120355, "steps": 79400, "loss": [0.16941656172275543, 0.027223849669098854, 0.14219270646572113], "lr": 0.0005, "grad_norm": 0.5119427442550659, "time": 1790355484.6186965, "seconds_this_epoch": 32.2832960113883}
{"event": "TRAIN", "epoch": 85, "cursor": 58368, "train_count": 120355, "steps": 79500, "loss": [0.15915900468826294, 0.027387667447328568, 0.13177134096622467], "lr": 0.0005, "grad_norm": 0.39448919892311096, "time": 1790355493.7210653, "seconds_this_epoch": 41.38566488400102}
{"event": "TRAIN", "epoch": 85, "cursor": 71168, "train_count": 120355, "steps": 79600, "loss": [0.16479793190956116, 0.028887568041682243, 0.13591036200523376], "lr": 0.0005, "grad_norm": 0.3752969205379486, "time": 1790355502.3816717, "seconds_this_epoch": 50.04627116397023}
{"event": "TRAIN", "epoch": 85, "cursor": 83968, "train_count": 120355, "steps": 79700, "loss": [0.16776235401630402, 0.027135342359542847, 0.14062701165676117], "lr": 0.0005, "grad_norm": 0.491190642118454, "time": 1790355511.0039485, "seconds_this_epoch": 58.66854844428599}
{"event": "TRAIN", "epoch": 85, "cursor": 96768, "train_count": 120355, "steps": 79800, "loss": [0.13947954773902893, 0.024937743321061134, 0.11454180628061295], "lr": 0.0005, "grad_norm": 0.4304021894931793, "time": 1790355519.477372, "seconds_this_epoch": 67.14197143167257}
{"event": "TRAIN", "epoch": 85, "cursor": 109568, "train_count": 120355, "steps": 79900, "loss": [0.1681302934885025, 0.025699133053421974, 0.14243115484714508], "lr": 0.0005, "grad_norm": 0.4358776807785034, "time": 1790355527.9562144, "seconds_this_epoch": 75.62081458047032}
{"epoch": 85, "train": [0.15488835021189207, 0.025369922726402986, 0.12951842764901123], "val": [0.5545516680929428, 0.03055438401097849, 0.5239972801148588], "lr": 0.0005, "best_val": 0.53043719986189, "best_epoch": 33, "seconds": 84.12836941704154, "steps": 79985, "peak_memory_bytes": 3198824448, "time": 1790355536.4640203}
{"event": "TRAIN", "epoch": 86, "cursor": 1920, "train_count": 120355, "steps": 80000, "loss": [0.13688769936561584, 0.025104321539402008, 0.11178337037563324], "lr": 0.0005, "grad_norm": 0.3625693917274475, "time": 1790355537.6667178, "seconds_this_epoch": 1.1191074326634407}
{"event": "TRAIN", "epoch": 86, "cursor": 14720, "train_count": 120355, "steps": 80100, "loss": [0.14711205661296844, 0.02118656598031521, 0.12592549622058868], "lr": 0.0005, "grad_norm": 0.36120957136154175, "time": 1790355546.558935, "seconds_this_epoch": 10.011325143277645}
{"event": "TRAIN", "epoch": 86, "cursor": 27520, "train_count": 120355, "steps": 80200, "loss": [0.12231713533401489, 0.023583661764860153, 0.09873347729444504], "lr": 0.0005, "grad_norm": 0.339432030916214, "time": 1790355555.7231815, "seconds_this_epoch": 19.17557131871581}
{"event": "TRAIN", "epoch": 86, "cursor": 40320, "train_count": 120355, "steps": 80300, "loss": [0.15010188519954681, 0.026286983862519264, 0.1238149031996727], "lr": 0.0005, "grad_norm": 0.3601360619068146, "time": 1790355564.7656827, "seconds_this_epoch": 28.218072444200516}
{"event": "TRAIN", "epoch": 86, "cursor": 53120, "train_count": 120355, "steps": 80400, "loss": [0.1607305407524109, 0.023291701450943947, 0.1374388337135315], "lr": 0.0005, "grad_norm": 0.347008615732193, "time": 1790355573.7185538, "seconds_this_epoch": 37.17094353213906}
{"event": "TRAIN", "epoch": 86, "cursor": 65920, "train_count": 120355, "steps": 80500, "loss": [0.15571469068527222, 0.02574639953672886, 0.1299682855606079], "lr": 0.0005, "grad_norm": 0.3719170093536377, "time": 1790355582.523389, "seconds_this_epoch": 45.975778728723526}
{"event": "TRAIN", "epoch": 86, "cursor": 78720, "train_count": 120355, "steps": 80600, "loss": [0.18015156686306, 0.024446403607726097, 0.15570516884326935], "lr": 0.0005, "grad_norm": 0.47076892852783203, "time": 1790355591.0480974, "seconds_this_epoch": 54.50048761256039}
{"event": "TRAIN", "epoch": 86, "cursor": 91520, "train_count": 120355, "steps": 80700, "loss": [0.13840612769126892, 0.026274772360920906, 0.11213135719299316], "lr": 0.0005, "grad_norm": 0.35735705494880676, "time": 1790355599.634123, "seconds_this_epoch": 63.08651280030608}
{"event": "TRAIN", "epoch": 86, "cursor": 104320, "train_count": 120355, "steps": 80800, "loss": [0.14079374074935913, 0.025070156902074814, 0.11572358757257462], "lr": 0.0005, "grad_norm": 0.424544095993042, "time": 1790355608.2218606, "seconds_this_epoch": 71.67425086162984}
{"event": "TRAIN", "epoch": 86, "cursor": 117120, "train_count": 120355, "steps": 80900, "loss": [0.13171477615833282, 0.026794428005814552, 0.10492034256458282], "lr": 0.0005, "grad_norm": 0.3777046203613281, "time": 1790355616.7032766, "seconds_this_epoch": 80.15566647611558}
{"epoch": 86, "train": [0.14650451037238063, 0.024950391910036993, 0.12155411841911846], "val": [0.5613546838954363, 0.030653112311938048, 0.5307015671260764], "lr": 0.0005, "best_val": 0.53043719986189, "best_epoch": 33, "seconds": 83.57909224554896, "steps": 80926, "peak_memory_bytes": 3198824448, "time": 1790355620.126955}
{"event": "TRAIN", "epoch": 87, "cursor": 9472, "train_count": 120355, "steps": 81000, "loss": [0.13806451857089996, 0.022730201482772827, 0.11533431708812714], "lr": 0.0005, "grad_norm": 0.36132293939590454, "time": 1790355626.8778255, "seconds_this_epoch": 6.667051576077938}
{"event": "TRAIN", "epoch": 87, "cursor": 22272, "train_count": 120355, "steps": 81100, "loss": [0.15003511309623718, 0.027627073228359222, 0.12240804731845856], "lr": 0.0005, "grad_norm": 0.3745943009853363, "time": 1790355636.022857, "seconds_this_epoch": 15.812083061784506}
{"event": "TRAIN", "epoch": 87, "cursor": 35072, "train_count": 120355, "steps": 81200, "loss": [0.14429645240306854, 0.025808436796069145, 0.11848801374435425], "lr": 0.0005, "grad_norm": 0.27917006611824036, "time": 1790355645.130212, "seconds_this_epoch": 24.919438030570745}
{"event": "TRAIN", "epoch": 87, "cursor": 47872, "train_count": 120355, "steps": 81300, "loss": [0.13749685883522034, 0.026234939694404602, 0.11126191914081573], "lr": 0.0005, "grad_norm": 0.43243783712387085, "time": 1790355654.2792315, "seconds_this_epoch": 34.068457743152976}
{"event": "TRAIN", "epoch": 87, "cursor": 60672, "train_count": 120355, "steps": 81400, "loss": [0.15103816986083984, 0.023698430508375168, 0.12733973562717438], "lr": 0.0005, "grad_norm": 0.31172889471054077, "time": 1790355663.500589, "seconds_this_epoch": 43.28981476649642}
{"event": "TRAIN", "epoch": 87, "cursor": 73472, "train_count": 120355, "steps": 81500, "loss": [0.15094712376594543, 0.024105768650770187, 0.12684135138988495], "lr": 0.0005, "grad_norm": 0.3576400876045227, "time": 1790355672.6463087, "seconds_this_epoch": 52.43553479760885}
{"event": "TRAIN", "epoch": 87, "cursor": 86272, "train_count": 120355, "steps": 81600, "loss": [0.135160893201828, 0.025877567008137703, 0.10928332805633545], "lr": 0.0005, "grad_norm": 0.33927303552627563, "time": 1790355681.736221, "seconds_this_epoch": 61.52544744499028}
{"event": "TRAIN", "epoch": 87, "cursor": 99072, "train_count": 120355, "steps": 81700, "loss": [0.13710592687129974, 0.023625900968909264, 0.11348003149032593], "lr": 0.0005, "grad_norm": 0.35557320713996887, "time": 1790355690.7636495, "seconds_this_epoch": 70.55287598632276}
{"event": "TRAIN", "epoch": 87, "cursor": 111872, "train_count": 120355, "steps": 81800, "loss": [0.15652163326740265, 0.02751660905778408, 0.12900502979755402], "lr": 0.0005, "grad_norm": 0.329184353351593, "time": 1790355699.499489, "seconds_this_epoch": 79.28871523402631}
{"epoch": 87, "train": [0.14357027042222098, 0.024816109136008194, 0.1187541613393428], "val": [0.560663053421, 0.030549063097385813, 0.5301139930248118], "lr": 0.0005, "best_val": 0.53043719986189, "best_epoch": 33, "seconds": 86.26412420161068, "steps": 81867, "peak_memory_bytes": 3198824448, "time": 1790355706.4751444}
{"event": "TRAIN", "epoch": 88, "cursor": 4224, "train_count": 120355, "steps": 81900, "loss": [0.1384163498878479, 0.024066679179668427, 0.11434967815876007], "lr": 0.0005, "grad_norm": 0.27934226393699646, "time": 1790355709.2522657, "seconds_this_epoch": 2.6930042263120413}
{"event": "TRAIN", "epoch": 88, "cursor": 17024, "train_count": 120355, "steps": 82000, "loss": [0.1178269013762474, 0.0234514269977808, 0.09437547624111176], "lr": 0.0005, "grad_norm": 0.3346734344959259, "time": 1790355717.97917, "seconds_this_epoch": 11.419908674433827}
{"event": "TRAIN", "epoch": 88, "cursor": 29824, "train_count": 120355, "steps": 82100, "loss": [0.12952905893325806, 0.02455214224755764, 0.10497692227363586], "lr": 0.0005, "grad_norm": 0.2899840474128723, "time": 1790355726.937414, "seconds_this_epoch": 20.378152573481202}
{"event": "TRAIN", "epoch": 88, "cursor": 42624, "train_count": 120355, "steps": 82200, "loss": [0.14037811756134033, 0.025673041120171547, 0.11470507830381393], "lr": 0.0005, "grad_norm": 0.3586394190788269, "time": 1790355736.0179882, "seconds_this_epoch": 29.458726935088634}
{"event": "TRAIN", "epoch": 88, "cursor": 55424, "train_count": 120355, "steps": 82300, "loss": [0.12616288661956787, 0.02368789166212082, 0.10247499495744705], "lr": 0.0005, "grad_norm": 0.30284780263900757, "time": 1790355745.0560765, "seconds_this_epoch": 38.49681564792991}
{"event": "TRAIN", "epoch": 88, "cursor": 68224, "train_count": 120355, "steps": 82400, "loss": [0.15898887813091278, 0.024861479178071022, 0.1341273933649063], "lr": 0.0005, "grad_norm": 0.3348580598831177, "time": 1790355754.1452103, "seconds_this_epoch": 47.585948986932635}
{"event": "TRAIN", "epoch": 88, "cursor": 81024, "train_count": 120355, "steps": 82500, "loss": [0.1488804817199707, 0.02717386558651924, 0.12170661240816116], "lr": 0.0005, "grad_norm": 0.3803744316101074, "time": 1790355763.3056328, "seconds_this_epoch": 56.74637132324278}
{"event": "TRAIN", "epoch": 88, "cursor": 93824, "train_count": 120355, "steps": 82600, "loss": [0.1437298059463501, 0.023137951269745827, 0.12059185653924942], "lr": 0.0005, "grad_norm": 0.30258768796920776, "time": 1790355772.424187, "seconds_this_epoch": 65.86492568813264}
{"event": "TRAIN", "epoch": 88, "cursor": 106624, "train_count": 120355, "steps": 82700, "loss": [0.12354247272014618, 0.023637015372514725, 0.09990545362234116], "lr": 0.0005, "grad_norm": 0.41842830181121826, "time": 1790355781.4956367, "seconds_this_epoch": 74.93637569434941}
{"event": "TRAIN", "epoch": 88, "cursor": 119424, "train_count": 120355, "steps": 82800, "loss": [0.12244013696908951, 0.023093491792678833, 0.09934664517641068], "lr": 0.0005, "grad_norm": 0.34817051887512207, "time": 1790355790.570368, "seconds_this_epoch": 84.0111070536077}
{"epoch": 88, "train": [0.1416982318521175, 0.024723218863366533, 0.11697501279749535], "val": [0.5660574891557959, 0.030526659132440827, 0.5355308247725121], "lr": 0.0005, "best_val": 0.53043719986189, "best_epoch": 33, "seconds": 85.95199806243181, "steps": 82808, "peak_memory_bytes": 3199229952, "time": 1790355792.511505}
{"event": "TRAIN", "epoch": 89, "cursor": 11776, "train_count": 120355, "steps": 82900, "loss": [0.13818567991256714, 0.02299703098833561, 0.11518864333629608], "lr": 0.0005, "grad_norm": 0.32377779483795166, "time": 1790355800.9102488, "seconds_this_epoch": 8.315551336854696}
{"event": "TRAIN", "epoch": 89, "cursor": 24576, "train_count": 120355, "steps": 83000, "loss": [0.14562010765075684, 0.02489534392952919, 0.12072475999593735], "lr": 0.0005, "grad_norm": 0.5069602131843567, "time": 1790355809.9889867, "seconds_this_epoch": 17.394289350137115}
{"event": "TRAIN", "epoch": 89, "cursor": 37376, "train_count": 120355, "steps": 83100, "loss": [0.11580269783735275, 0.02156647853553295, 0.09423621743917465], "lr": 0.0005, "grad_norm": 0.27014362812042236, "time": 1790355819.0100157, "seconds_this_epoch": 26.415318528190255}
{"event": "TRAIN", "epoch": 89, "cursor": 50176, "train_count": 120355, "steps": 83200, "loss": [0.13353221118450165, 0.02270905300974846, 0.11082315444946289], "lr": 0.0005, "grad_norm": 0.3272401988506317, "time": 1790355827.9524055, "seconds_this_epoch": 35.35770786181092}
{"event": "TRAIN", "epoch": 89, "cursor": 62976, "train_count": 120355, "steps": 83300, "loss": [0.13826660811901093, 0.025998873636126518, 0.11226773262023926], "lr": 0.0005, "grad_norm": 0.2752189636230469, "time": 1790355836.9453166, "seconds_this_epoch": 44.35061923786998}
{"event": "TRAIN", "epoch": 89, "cursor": 75776, "train_count": 120355, "steps": 83400, "loss": [0.14067590236663818, 0.024755388498306274, 0.11592050641775131], "lr": 0.0005, "grad_norm": 0.3603930175304413, "time": 1790355845.9320984, "seconds_this_epoch": 53.33740084245801}
{"event": "TRAIN", "epoch": 89, "cursor": 88576, "train_count": 120355, "steps": 83500, "loss": [0.16959048807621002, 0.02563008852303028, 0.1439604014158249], "lr": 0.0005, "grad_norm": 0.3222985565662384, "time": 1790355854.9894693, "seconds_this_epoch": 62.39477197825909}
{"event": "TRAIN", "epoch": 89, "cursor": 101376, "train_count": 120355, "steps": 83600, "loss": [0.13392585515975952, 0.02349412441253662, 0.1104317232966423], "lr": 0.0005, "grad_norm": 0.3505193293094635, "time": 1790355864.1347406, "seconds_this_epoch": 71.5400428622961}
{"event": "TRAIN", "epoch": 89, "cursor": 114176, "train_count": 120355, "steps": 83700, "loss": [0.1465851217508316, 0.02489902824163437, 0.12168609350919724], "lr": 0.0005, "grad_norm": 0.30086079239845276, "time": 1790355872.928939, "seconds_this_epoch": 80.33424131385982}
{"epoch": 89, "train": [0.14032304027946116, 0.024653131048209417, 0.11566990908753921], "val": [0.5684665833409589, 0.03059017824941219, 0.5378764018732881], "lr": 0.0005, "best_val": 0.53043719986189, "best_epoch": 33, "seconds": 85.83131019026041, "steps": 83749, "peak_memory_bytes": 3199229952, "time": 1790355878.4262466}
{"event": "TRAIN", "epoch": 90, "cursor": 6528, "train_count": 120355, "steps": 83800, "loss": [0.14307275414466858, 0.02698533609509468, 0.1160874143242836], "lr": 0.0005, "grad_norm": 0.6114835739135742, "time": 1790355882.9944682, "seconds_this_epoch": 4.4852409735322}
{"event": "TRAIN", "epoch": 90, "cursor": 19328, "train_count": 120355, "steps": 83900, "loss": [0.13208980858325958, 0.024893242865800858, 0.10719656199216843], "lr": 0.0005, "grad_norm": 0.31398695707321167, "time": 1790355891.8811014, "seconds_this_epoch": 13.371874513104558}
{"event": "TRAIN", "epoch": 90, "cursor": 32128, "train_count": 120355, "steps": 84000, "loss": [0.14320723712444305, 0.022150319069623947, 0.12105691432952881], "lr": 0.0005, "grad_norm": 0.3448387384414673, "time": 1790355900.4404068, "seconds_this_epoch": 21.931180028244853}
{"event": "TRAIN", "epoch": 90, "cursor": 44928, "train_count": 120355, "steps": 84100, "loss": [0.1537506878376007, 0.02390528842806816, 0.12984539568424225], "lr": 0.0005, "grad_norm": 0.4512689411640167, "time": 1790355908.9919465, "seconds_this_epoch": 30.482719365507364}
{"event": "TRAIN", "epoch": 90, "cursor": 57728, "train_count": 120355, "steps": 84200, "loss": [0.14151842892169952, 0.023689601570367813, 0.11782883107662201], "lr": 0.0005, "grad_norm": 0.3140787184238434, "time": 1790355917.366083, "seconds_this_epoch": 38.85685612261295}
{"event": "TRAIN", "epoch": 90, "cursor": 70528, "train_count": 120355, "steps": 84300, "loss": [0.1391887068748474, 0.024839013814926147, 0.11434969305992126], "lr": 0.0005, "grad_norm": 0.3611118793487549, "time": 1790355925.7378464, "seconds_this_epoch": 47.22863138653338}
{"event": "TRAIN", "epoch": 90, "cursor": 83328, "train_count": 120355, "steps": 84400, "loss": [0.13009308278560638, 0.02256893739104271, 0.10752414911985397], "lr": 0.0005, "grad_norm": 0.30703866481781006, "time": 1790355934.246677, "seconds_this_epoch": 55.7374496627599}
{"event": "TRAIN", "epoch": 90, "cursor": 96128, "train_count": 120355, "steps": 84500, "loss": [0.1463920921087265, 0.022976379841566086, 0.12341571599245071], "lr": 0.0005, "grad_norm": 0.3565836250782013, "time": 1790355942.7548819, "seconds_this_epoch": 64.24565471708775}
{"event": "TRAIN", "epoch": 90, "cursor": 108928, "train_count": 120355, "steps": 84600, "loss": [0.1413324922323227, 0.028679147362709045, 0.11265334486961365], "lr": 0.0005, "grad_norm": 0.3371383547782898, "time": 1790355951.27961, "seconds_this_epoch": 72.77038253471255}
{"epoch": 90, "train": [0.13928245383012497, 0.024574314662314196, 0.11470813901779942], "val": [0.5680061876506389, 0.03070958658959243, 0.5372966021219129], "lr": 0.0005, "best_val": 0.53043719986189, "best_epoch": 33, "seconds": 81.69277690723538, "steps": 84690, "peak_memory_bytes": 3199229952, "time": 1790355960.2022457}
{"event": "TRAIN", "epoch": 91, "cursor": 1280, "train_count": 120355, "steps": 84700, "loss": [0.1373196542263031, 0.024895504117012024, 0.11242415755987167], "lr": 0.0005, "grad_norm": 0.30956360697746277, "time": 1790355961.002248, "seconds_this_epoch": 0.7155022472143173}
{"event": "TRAIN", "epoch": 91, "cursor": 14080, "train_count": 120355, "steps": 84800, "loss": [0.1428138017654419, 0.025191280990839005, 0.11762251704931259], "lr": 0.0005, "grad_norm": 0.301361620426178, "time": 1790355970.1670187, "seconds_this_epoch": 9.880272900685668}
{"event": "TRAIN", "epoch": 91, "cursor": 26880, "train_count": 120355, "steps": 84900, "loss": [0.12895774841308594, 0.02481597475707531, 0.10414177924394608], "lr": 0.0005, "grad_norm": 0.3044982850551605, "time": 1790355979.374938, "seconds_this_epoch": 19.088193029165268}
{"event": "TRAIN", "epoch": 91, "cursor": 39680, "train_count": 120355, "steps": 85000, "loss": [0.13069328665733337, 0.025856751948595047, 0.10483653843402863], "lr": 0.0005, "grad_norm": 0.32679468393325806, "time": 1790355988.4890902, "seconds_this_epoch": 28.202344885095954}
{"event": "TRAIN", "epoch": 91, "cursor": 52480, "train_count": 120355, "steps": 85100, "loss": [0.15110917389392853, 0.026317063719034195, 0.12479211390018463], "lr": 0.0005, "grad_norm": 0.2934793531894684, "time": 1790355997.5524867, "seconds_this_epoch": 37.26574092358351}
{"event": "TRAIN", "epoch": 91, "cursor": 65280, "train_count": 120355, "steps": 85200, "loss": [0.11888577044010162, 0.022976737469434738, 0.09590903669595718], "lr": 0.0005, "grad_norm": 0.44193732738494873, "time": 1790356006.508994, "seconds_this_epoch": 46.22224900871515}
{"event": "TRAIN", "epoch": 91, "cursor": 78080, "train_count": 120355, "steps": 85300, "loss": [0.12891075015068054, 0.025127064436674118, 0.10378368943929672], "lr": 0.0005, "grad_norm": 0.293012797832489, "time": 1790356015.2514484, "seconds_this_epoch": 54.96470291726291}
{"event": "TRAIN", "epoch": 91, "cursor": 90880, "train_count": 120355, "steps": 85400, "loss": [0.15483805537223816, 0.023425215855240822, 0.1314128339290619], "lr": 0.0005, "grad_norm": 0.44753527641296387, "time": 1790356024.098819, "seconds_this_epoch": 63.81207366473973}
{"event": "TRAIN", "epoch": 91, "cursor": 103680, "train_count": 120355, "steps": 85500, "loss": [0.14148570597171783, 0.02266593649983406, 0.11881977319717407], "lr": 0.0005, "grad_norm": 0.32028037309646606, "time": 1790356032.9982781, "seconds_this_epoch": 72.71153340488672}
{"event": "TRAIN", "epoch": 91, "cursor": 116480, "train_count": 120355, "steps": 85600, "loss": [0.12127011269330978, 0.02222069539129734, 0.09904941916465759], "lr": 0.0005, "grad_norm": 0.3002184331417084, "time": 1790356042.0022476, "seconds_this_epoch": 81.71550183743238}
{"epoch": 91, "train": [0.13807915822875538, 0.024485051061054725, 0.11359410724045456], "val": [0.5736429112563046, 0.030492801358519363, 0.5431501118679657], "lr": 0.0005, "best_val": 0.53043719986189, "best_epoch": 33, "seconds": 85.7732312772423, "steps": 85631, "peak_memory_bytes": 3199229952, "time": 1790356046.0602198}
{"event": "TRAIN", "epoch": 92, "cursor": 8832, "train_count": 120355, "steps": 85700, "loss": [0.13255847990512848, 0.024406490847468376, 0.10815198719501495], "lr": 0.0005, "grad_norm": 0.3331455588340759, "time": 1790356052.2891574, "seconds_this_epoch": 6.1450563576072454}
{"event": "TRAIN", "epoch": 92, "cursor": 21632, "train_count": 120355, "steps": 85800, "loss": [0.13339827954769135, 0.023541683331131935, 0.10985659062862396], "lr": 0.0005, "grad_norm": 0.33631032705307007, "time": 1790356061.4307015, "seconds_this_epoch": 15.28660018928349}
{"event": "TRAIN", "epoch": 92, "cursor": 34432, "train_count": 120355, "steps": 85900, "loss": [0.15408378839492798, 0.02443583682179451, 0.12964795529842377], "lr": 0.0005, "grad_norm": 0.3388651907444, "time": 1790356070.5055032, "seconds_this_epoch": 24.36140182428062}
{"event": "TRAIN", "epoch": 92, "cursor": 47232, "train_count": 120355, "steps": 86000, "loss": [0.13970822095870972, 0.023312918841838837, 0.11639529466629028], "lr": 0.0005, "grad_norm": 0.39779913425445557, "time": 1790356079.5294316, "seconds_this_epoch": 33.38533029705286}
{"event": "TRAIN", "epoch": 92, "cursor": 60032, "train_count": 120355, "steps": 86100, "loss": [0.13811233639717102, 0.024834979325532913, 0.11327735334634781], "lr": 0.0005, "grad_norm": 0.39490944147109985, "time": 1790356088.52192, "seconds_this_epoch": 42.377818536013365}
{"event": "TRAIN", "epoch": 92, "cursor": 72832, "train_count": 120355, "steps": 86200, "loss": [0.14362333714962006, 0.024271883070468903, 0.11935145407915115], "lr": 0.0005, "grad_norm": 0.37564384937286377, "time": 1790356097.7149699, "seconds_this_epoch": 51.5708685927093}
{"event": "TRAIN", "epoch": 92, "cursor": 85632, "train_count": 120355, "steps": 86300, "loss": [0.11880762875080109, 0.025360284373164177, 0.09344734251499176], "lr": 0.0005, "grad_norm": 0.3200288414955139, "time": 1790356106.7497633, "seconds_this_epoch": 60.60566193051636}
{"event": "TRAIN", "epoch": 92, "cursor": 98432, "train_count": 120355, "steps": 86400, "loss": [0.15021762251853943, 0.02630741149187088, 0.12391021102666855], "lr": 0.0005, "grad_norm": 0.2850039303302765, "time": 1790356115.6707373, "seconds_this_epoch": 69.52663555182517}
{"event": "TRAIN", "epoch": 92, "cursor": 111232, "train_count": 120355, "steps": 86500, "loss": [0.13657908141613007, 0.026143288239836693, 0.11043579131364822], "lr": 0.0005, "grad_norm": 0.3639465272426605, "time": 1790356124.5835934, "seconds_this_epoch": 78.43949219956994}
{"epoch": 92, "train": [0.137165880190247, 0.024436648556979093, 0.11272923124931741], "val": [0.569197745405911, 0.03053188580722107, 0.5386658601335804], "lr": 0.0005, "best_val": 0.53043719986189, "best_epoch": 33, "seconds": 86.07124422304332, "steps": 86572, "peak_memory_bytes": 3199229952, "time": 1790356132.2156045}
{"event": "TRAIN", "epoch": 93, "cursor": 3584, "train_count": 120355, "steps": 86600, "loss": [0.1403249055147171, 0.024310216307640076, 0.11601468920707703], "lr": 0.0005, "grad_norm": 0.37222200632095337, "time": 1790356134.5577261, "seconds_this_epoch": 2.25798686593771}
{"event": "TRAIN", "epoch": 93, "cursor": 16384, "train_count": 120355, "steps": 86700, "loss": [0.13458752632141113, 0.02453938126564026, 0.11004813760519028], "lr": 0.0005, "grad_norm": 0.33096811175346375, "time": 1790356143.5840285, "seconds_this_epoch": 11.284288886934519}
{"event": "TRAIN", "epoch": 93, "cursor": 29184, "train_count": 120355, "steps": 86800, "loss": [0.11796663701534271, 0.024296266958117485, 0.09367036819458008], "lr": 0.0005, "grad_norm": 0.33878305554389954, "time": 1790356152.3792012, "seconds_this_epoch": 20.079461799934506}
{"event": "TRAIN", "epoch": 93, "cursor": 41984, "train_count": 120355, "steps": 86900, "loss": [0.13062603771686554, 0.021829577162861824, 0.10879645496606827], "lr": 0.0005, "grad_norm": 0.30989256501197815, "time": 1790356161.4758382, "seconds_this_epoch": 29.17609895206988}
{"event": "TRAIN", "epoch": 93, "cursor": 54784, "train_count": 120355, "steps": 87000, "loss": [0.13018245995044708, 0.02272745780646801, 0.10745500028133392], "lr": 0.0005, "grad_norm": 0.30728182196617126, "time": 1790356170.5537517, "seconds_this_epoch": 38.25401250645518}
{"event": "TRAIN", "epoch": 93, "cursor": 67584, "train_count": 120355, "steps": 87100, "loss": [0.13653628528118134, 0.027227625250816345, 0.10930866003036499], "lr": 0.0005, "grad_norm": 0.31361332535743713, "time": 1790356179.5771601, "seconds_this_epoch": 47.2774206046015}
{"event": "TRAIN", "epoch": 93, "cursor": 80384, "train_count": 120355, "steps": 87200, "loss": [0.12446671724319458, 0.02481306716799736, 0.09965364634990692], "lr": 0.0005, "grad_norm": 0.3400806188583374, "time": 1790356188.7012095, "seconds_this_epoch": 56.40146987885237}
{"event": "TRAIN", "epoch": 93, "cursor": 93184, "train_count": 120355, "steps": 87300, "loss": [0.1187533289194107, 0.0244129691272974, 0.09434036165475845], "lr": 0.0005, "grad_norm": 0.2845786511898041, "time": 1790356197.7936037, "seconds_this_epoch": 65.49386409856379}
{"event": "TRAIN", "epoch": 93, "cursor": 105984, "train_count": 120355, "steps": 87400, "loss": [0.13006819784641266, 0.024216672405600548, 0.10585152357816696], "lr": 0.0005, "grad_norm": 0.3922322392463684, "time": 1790356206.8642673, "seconds_this_epoch": 74.56452793441713}
{"event": "TRAIN", "epoch": 93, "cursor": 118784, "train_count": 120355, "steps": 87500, "loss": [0.13340863585472107, 0.02088649570941925, 0.11252214759588242], "lr": 0.0005, "grad_norm": 0.3743496537208557, "time": 1790356215.9982772, "seconds_this_epoch": 83.69853729009628}
{"epoch": 93, "train": [0.13632488980679464, 0.024381640188312095, 0.11194324983386562], "val": [0.5802895728250196, 0.030487835977807076, 0.5498017370433391], "lr": 0.0005, "best_val": 0.53043719986189, "best_epoch": 33, "seconds": 86.11194384843111, "steps": 87513, "peak_memory_bytes": 3199229952, "time": 1790356218.4119346}
{"event": "TRAIN", "epoch": 94, "cursor": 11136, "train_count": 120355, "steps": 87600, "loss": [0.15722103416919708, 0.028254883363842964, 0.12896615266799927], "lr": 0.0005, "grad_norm": 0.37169113755226135, "time": 1790356226.3058813, "seconds_this_epoch": 7.8103273920714855}
{"event": "TRAIN", "epoch": 94, "cursor": 23936, "train_count": 120355, "steps": 87700, "loss": [0.11420722305774689, 0.023128239437937737, 0.091078981757164], "lr": 0.0005, "grad_norm": 0.2830559313297272, "time": 1790356235.5130506, "seconds_this_epoch": 17.017496583983302}
{"event": "TRAIN", "epoch": 94, "cursor": 36736, "train_count": 120355, "steps": 87800, "loss": [0.1371709704399109, 0.02328518033027649, 0.1138857826590538], "lr": 0.0005, "grad_norm": 0.3127534091472626, "time": 1790356244.637096, "seconds_this_epoch": 26.141542742028832}
{"event": "TRAIN", "epoch": 94, "cursor": 49536, "train_count": 120355, "steps": 87900, "loss": [0.1416458636522293, 0.02539069391787052, 0.11625516414642334], "lr": 0.0005, "grad_norm": 0.3630952537059784, "time": 1790356253.7080407, "seconds_this_epoch": 35.212486838921905}
{"event": "TRAIN", "epoch": 94, "cursor": 62336, "train_count": 120355, "steps": 88000, "loss": [0.1444745808839798, 0.02667783759534359, 0.11779674142599106], "lr": 0.0005, "grad_norm": 0.3951570391654968, "time": 1790356261.8941877, "seconds_this_epoch": 43.39863435924053}
{"event": "TRAIN", "epoch": 94, "cursor": 75136, "train_count": 120355, "steps": 88100, "loss": [0.14032532274723053, 0.02762868069112301, 0.11269664764404297], "lr": 0.0005, "grad_norm": 0.4403972029685974, "time": 1790356270.4710195, "seconds_this_epoch": 51.97546609863639}
{"event": "TRAIN", "epoch": 94, "cursor": 87936, "train_count": 120355, "steps": 88200, "loss": [0.14854280650615692, 0.025011802092194557, 0.12353100627660751], "lr": 0.0005, "grad_norm": 0.38420620560646057, "time": 1790356279.423014, "seconds_this_epoch": 60.92745949700475}
{"event": "TRAIN", "epoch": 94, "cursor": 100736, "train_count": 120355, "steps": 88300, "loss": [0.1326887458562851, 0.025315435603260994, 0.10737331211566925], "lr": 0.0005, "grad_norm": 0.3930663764476776, "time": 1790356287.7520566, "seconds_this_epoch": 69.25650258548558}
{"event": "TRAIN", "epoch": 94, "cursor": 113536, "train_count": 120355, "steps": 88400, "loss": [0.1277691274881363, 0.02524511329829693, 0.10252401977777481], "lr": 0.0005, "grad_norm": 0.3186185657978058, "time": 1790356296.1933, "seconds_this_epoch": 77.69774641655385}
{"epoch": 94, "train": [0.1354658097589592, 0.024322181271442443, 0.11114362846987381], "val": [0.5704821504021775, 0.030588077662627996, 0.5398940731942066], "lr": 0.0005, "best_val": 0.53043719986189, "best_epoch": 33, "seconds": 83.39069318026304, "steps": 88454, "peak_memory_bytes": 3199229952, "time": 1790356301.8864863}
{"event": "TRAIN", "epoch": 95, "cursor": 5888, "train_count": 120355, "steps": 88500, "loss": [0.12874670326709747, 0.022870812565088272, 0.1058758869767189], "lr": 0.0005, "grad_norm": 0.30747365951538086, "time": 1790356305.5238855, "seconds_this_epoch": 3.5532064475119114}
{"event": "TRAIN", "epoch": 95, "cursor": 18688, "train_count": 120355, "steps": 88600, "loss": [0.13958746194839478, 0.026608770713210106, 0.11297868937253952], "lr": 0.0005, "grad_norm": 0.32569319009780884, "time": 1790356313.9521306, "seconds_this_epoch": 11.981451949104667}
{"event": "TRAIN", "epoch": 95, "cursor": 31488, "train_count": 120355, "steps": 88700, "loss": [0.13963165879249573, 0.023312874138355255, 0.11631877720355988], "lr": 0.0005, "grad_norm": 0.3284841477870941, "time": 1790356322.4911346, "seconds_this_epoch": 20.52045609243214}
{"event": "TRAIN", "epoch": 95, "cursor": 44288, "train_count": 120355, "steps": 88800, "loss": [0.12844370305538177, 0.024356884881854057, 0.10408682376146317], "lr": 0.0005, "grad_norm": 0.4649890959262848, "time": 1790356330.8751385, "seconds_this_epoch": 28.904459482058883}
{"event": "TRAIN", "epoch": 95, "cursor": 57088, "train_count": 120355, "steps": 88900, "loss": [0.156680628657341, 0.02447483502328396, 0.1322057992219925], "lr": 0.0005, "grad_norm": 0.37519294023513794, "time": 1790356339.2084725, "seconds_this_epoch": 37.23779371753335}
{"event": "TRAIN", "epoch": 95, "cursor": 69888, "train_count": 120355, "steps": 89000, "loss": [0.13448801636695862, 0.023865707218647003, 0.11062230914831161], "lr": 0.0005, "grad_norm": 0.3611466586589813, "time": 1790356347.6433349, "seconds_this_epoch": 45.67265588976443}
{"event": "TRAIN", "epoch": 95, "cursor": 82688, "train_count": 120355, "steps": 89100, "loss": [0.1350097507238388, 0.022968731820583344, 0.11204101890325546], "lr": 0.0005, "grad_norm": 0.38509756326675415, "time": 1790356356.2494583, "seconds_this_epoch": 54.278779324144125}
{"event": "TRAIN", "epoch": 95, "cursor": 95488, "train_count": 120355, "steps": 89200, "loss": [0.1363503634929657, 0.0235628429800272, 0.11278751492500305], "lr": 0.0005, "grad_norm": 0.35030248761177063, "time": 1790356364.7822747, "seconds_this_epoch": 62.81159550882876}
{"event": "TRAIN", "epoch": 95, "cursor": 108288, "train_count": 120355, "steps": 89300, "loss": [0.13707691431045532, 0.024499069899320602, 0.11257784068584442], "lr": 0.0005, "grad_norm": 0.35411375761032104, "time": 1790356373.287217, "seconds_this_epoch": 71.31653802655637}
{"epoch": 95, "train": [0.13508703499694424, 0.02428742301347823, 0.11079961216283585], "val": [0.5781496298944312, 0.030435234950111544, 0.5477143982517266], "lr": 0.0005, "best_val": 0.53043719986189, "best_epoch": 33, "seconds": 80.71951169706881, "steps": 89395, "peak_memory_bytes": 3222636544, "time": 1790356382.690464}
{"event": "TRAIN", "epoch": 96, "cursor": 640, "train_count": 120355, "steps": 89400, "loss": [0.12100348621606827, 0.026863010600209236, 0.09414047747850418], "lr": 0.0005, "grad_norm": 0.27650150656700134, "time": 1790356383.1440594, "seconds_this_epoch": 0.3696530442684889}
{"event": "TRAIN", "epoch": 96, "cursor": 13440, "train_count": 120355, "steps": 89500, "loss": [0.12105131149291992, 0.021130850538611412, 0.09992045909166336], "lr": 0.0005, "grad_norm": 0.30892643332481384, "time": 1790356391.59936, "seconds_this_epoch": 8.824954435229301}
{"event": "TRAIN", "epoch": 96, "cursor": 26240, "train_count": 120355, "steps": 89600, "loss": [0.12681947648525238, 0.025012511759996414, 0.10180696845054626], "lr": 0.0005, "grad_norm": 0.3376685380935669, "time": 1790356400.1365423, "seconds_this_epoch": 17.362136483192444}
{"event": "TRAIN", "epoch": 96, "cursor": 39040, "train_count": 120355, "steps": 89700, "loss": [0.1325903832912445, 0.024147726595401764, 0.10844264924526215], "lr": 0.0005, "grad_norm": 0.41847872734069824, "time": 1790356408.6898818, "seconds_this_epoch": 25.915475942194462}
{"event": "TRAIN", "epoch": 96, "cursor": 51840, "train_count": 120355, "steps": 89800, "loss": [0.13346341252326965, 0.02461887151002884, 0.10884454846382141], "lr": 0.0005, "grad_norm": 0.31307852268218994, "time": 1790356417.2374315, "seconds_this_epoch": 34.463026052340865}
{"event": "TRAIN", "epoch": 96, "cursor": 64640, "train_count": 120355, "steps": 89900, "loss": [0.14826926589012146, 0.026751693338155746, 0.12151757627725601], "lr": 0.0005, "grad_norm": 0.38551437854766846, "time": 1790356425.7910156, "seconds_this_epoch": 43.016609808430076}
{"event": "TRAIN", "epoch": 96, "cursor": 77440, "train_count": 120355, "steps": 90000, "loss": [0.14871105551719666, 0.026589099317789078, 0.12212195992469788], "lr": 0.0005, "grad_norm": 0.3324984014034271, "time": 1790356434.3481128, "seconds_this_epoch": 51.57370778732002}
{"event": "TRAIN", "epoch": 96, "cursor": 90240, "train_count": 120355, "steps": 90100, "loss": [0.12358703464269638, 0.023914888501167297, 0.09967214614152908], "lr": 0.0005, "grad_norm": 0.4015030562877655, "time": 1790356442.8436987, "seconds_this_epoch": 60.06929327175021}
{"event": "TRAIN", "epoch": 96, "cursor": 103040, "train_count": 120355, "steps": 90200, "loss": [0.13661907613277435, 0.023770276457071304, 0.11284879595041275], "lr": 0.0005, "grad_norm": 0.4328756630420685, "time": 1790356451.3046172, "seconds_this_epoch": 68.53021168336272}
{"event": "TRAIN", "epoch": 96, "cursor": 115840, "train_count": 120355, "steps": 90300, "loss": [0.12635724246501923, 0.020997263491153717, 0.10535997897386551], "lr": 0.0005, "grad_norm": 0.35816818475723267, "time": 1790356460.2983634, "seconds_this_epoch": 77.52395852282643}
{"epoch": 96, "train": [0.13418885443609865, 0.024229809066012905, 0.1099590452924723], "val": [0.5813957573659329, 0.030463973580097104, 0.550931780629981], "lr": 0.0005, "best_val": 0.53043719986189, "best_epoch": 33, "seconds": 82.04223157651722, "steps": 90336, "peak_memory_bytes": 3222636544, "time": 1790356464.8168912}
{"event": "TRAIN", "epoch": 97, "cursor": 8192, "train_count": 120355, "steps": 90400, "loss": [0.12301865220069885, 0.02355336770415306, 0.09946528822183609], "lr": 0.0005, "grad_norm": 0.29451048374176025, "time": 1790356470.571908, "seconds_this_epoch": 5.670567374676466}
{"event": "TRAIN", "epoch": 97, "cursor": 20992, "train_count": 120355, "steps": 90500, "loss": [0.1327943205833435, 0.02451491355895996, 0.10827939957380295], "lr": 0.0005, "grad_norm": 0.3569347560405731, "time": 1790356479.7868187, "seconds_this_epoch": 14.885478364303708}
{"event": "TRAIN", "epoch": 97, "cursor": 33792, "train_count": 120355, "steps": 90600, "loss": [0.13901087641716003, 0.026456473395228386, 0.1125544011592865], "lr": 0.0005, "grad_norm": 0.33451977372169495, "time": 1790356488.7410398, "seconds_this_epoch": 23.839699437841773}
{"event": "TRAIN", "epoch": 97, "cursor": 46592, "train_count": 120355, "steps": 90700, "loss": [0.13491486012935638, 0.025370392948389053, 0.10954447090625763], "lr": 0.0005, "grad_norm": 0.33505287766456604, "time": 1790356496.934954, "seconds_this_epoch": 32.03361308388412}
{"event": "TRAIN", "epoch": 97, "cursor": 59392, "train_count": 120355, "steps": 90800, "loss": [0.12771426141262054, 0.023242997005581856, 0.10447126626968384], "lr": 0.0005, "grad_norm": 0.31731730699539185, "time": 1790356504.5688243, "seconds_this_epoch": 39.667483216151595}
{"event": "TRAIN", "epoch": 97, "cursor": 72192, "train_count": 120355, "steps": 90900, "loss": [0.12506435811519623, 0.0237213596701622, 0.10134299844503403], "lr": 0.0005, "grad_norm": 0.304941862821579, "time": 1790356512.5737436, "seconds_this_epoch": 47.67240288853645}
{"event": "TRAIN", "epoch": 97, "cursor": 84992, "train_count": 120355, "steps": 91000, "loss": [0.14237575232982635, 0.027801360934972763, 0.11457439512014389], "lr": 0.0005, "grad_norm": 0.39465612173080444, "time": 1790356521.7663457, "seconds_this_epoch": 56.865005385130644}
{"event": "TRAIN", "epoch": 97, "cursor": 97792, "train_count": 120355, "steps": 91100, "loss": [0.14844518899917603, 0.025497008115053177, 0.12294818460941315], "lr": 0.0005, "grad_norm": 0.36416134238243103, "time": 1790356530.801718, "seconds_this_epoch": 65.90037766098976}
{"event": "TRAIN", "epoch": 97, "cursor": 110592, "train_count": 120355, "steps": 91200, "loss": [0.12808877229690552, 0.02095004729926586, 0.1071387231349945], "lr": 0.0005, "grad_norm": 0.3425862789154053, "time": 1790356539.9051425, "seconds_this_epoch": 75.00380201637745}
{"epoch": 97, "train": [0.13358953072206267, 0.024169121314370833, 0.10942040938193934], "val": [0.5796970198192248, 0.030471294226847544, 0.5492257247098078], "lr": 0.0005, "best_val": 0.53043719986189, "best_epoch": 33, "seconds": 83.29975682869554, "steps": 91277, "peak_memory_bytes": 3222636544, "time": 1790356548.2013333}
{"event": "TRAIN", "epoch": 98, "cursor": 2944, "train_count": 120355, "steps": 91300, "loss": [0.14431455731391907, 0.024266568943858147, 0.12004799395799637], "lr": 0.0005, "grad_norm": 0.3836250901222229, "time": 1790356550.2707152, "seconds_this_epoch": 1.9821250587701797}
{"event": "TRAIN", "epoch": 98, "cursor": 15744, "train_count": 120355, "steps": 91400, "loss": [0.12276521325111389, 0.02380114234983921, 0.09896407276391983], "lr": 0.0005, "grad_norm": 0.30727556347846985, "time": 1790356559.4500222, "seconds_this_epoch": 11.16143167950213}
{"event": "TRAIN", "epoch": 98, "cursor": 28544, "train_count": 120355, "steps": 91500, "loss": [0.12575510144233704, 0.022569868713617325, 0.10318522900342941], "lr": 0.0005, "grad_norm": 0.4091620147228241, "time": 1790356568.6324058, "seconds_this_epoch": 20.343815729022026}
{"event": "TRAIN", "epoch": 98, "cursor": 41344, "train_count": 120355, "steps": 91600, "loss": [0.11635813862085342, 0.024771274998784065, 0.09158686548471451], "lr": 0.0005, "grad_norm": 0.2834608256816864, "time": 1790356577.640958, "seconds_this_epoch": 29.35236761905253}
{"event": "TRAIN", "epoch": 98, "cursor": 54144, "train_count": 120355, "steps": 91700, "loss": [0.14064091444015503, 0.026009341701865196, 0.11463157832622528], "lr": 0.0005, "grad_norm": 0.38882365822792053, "time": 1790356586.7665193, "seconds_this_epoch": 38.477929662913084}
{"event": "TRAIN", "epoch": 98, "cursor": 66944, "train_count": 120355, "steps": 91800, "loss": [0.13873623311519623, 0.02639041468501091, 0.11234582215547562], "lr": 0.0005, "grad_norm": 0.43481460213661194, "time": 1790356595.766167, "seconds_this_epoch": 47.477576898410916}
{"event": "TRAIN", "epoch": 98, "cursor": 79744, "train_count": 120355, "steps": 91900, "loss": [0.1360524296760559, 0.024214213714003563, 0.1118382140994072], "lr": 0.0005, "grad_norm": 0.3978134095668793, "time": 1790356604.812442, "seconds_this_epoch": 56.52385216578841}
{"event": "TRAIN", "epoch": 98, "cursor": 92544, "train_count": 120355, "steps": 92000, "loss": [0.1268659085035324, 0.023349646478891373, 0.10351625829935074], "lr": 0.0005, "grad_norm": 0.3621385395526886, "time": 1790356613.8498333, "seconds_this_epoch": 65.56124254316092}
{"event": "TRAIN", "epoch": 98, "cursor": 105344, "train_count": 120355, "steps": 92100, "loss": [0.13180206716060638, 0.023541191592812538, 0.1082608699798584], "lr": 0.0005, "grad_norm": 0.3786267340183258, "time": 1790356622.85089, "seconds_this_epoch": 74.56230049394071}
{"event": "TRAIN", "epoch": 98, "cursor": 118144, "train_count": 120355, "steps": 92200, "loss": [0.11328233033418655, 0.02152118645608425, 0.09176114201545715], "lr": 0.0005, "grad_norm": 0.30890730023384094, "time": 1790356631.8440025, "seconds_this_epoch": 83.55541244149208}
{"epoch": 98, "train": [0.13302732906759882, 0.024121817886649233, 0.10890551136661827], "val": [0.5799717753367833, 0.030554325360221988, 0.5494174480509552], "lr": 0.0005, "best_val": 0.53043719986189, "best_epoch": 33, "seconds": 86.36771448515356, "steps": 92218, "peak_memory_bytes": 3222636544, "time": 1790356634.6565344}
{"event": "TRAIN", "epoch": 99, "cursor": 10496, "train_count": 120355, "steps": 92300, "loss": [0.12837359309196472, 0.023017970845103264, 0.10535562038421631], "lr": 0.0005, "grad_norm": 0.4783426523208618, "time": 1790356641.9802787, "seconds_this_epoch": 7.239969743415713}
{"event": "TRAIN", "epoch": 99, "cursor": 23296, "train_count": 120355, "steps": 92400, "loss": [0.11343222856521606, 0.02237405814230442, 0.0910581722855568], "lr": 0.0005, "grad_norm": 0.3102113604545593, "time": 1790356651.136262, "seconds_this_epoch": 16.3959526065737}
{"event": "TRAIN", "epoch": 99, "cursor": 36096, "train_count": 120355, "steps": 92500, "loss": [0.11738567799329758, 0.02230619452893734, 0.09507948160171509], "lr": 0.0005, "grad_norm": 0.3813819885253906, "time": 1790356659.8369958, "seconds_this_epoch": 25.096687326207757}
{"event": "TRAIN", "epoch": 99, "cursor": 48896, "train_count": 120355, "steps": 92600, "loss": [0.12903708219528198, 0.025454005226492882, 0.10358308255672455], "lr": 0.0005, "grad_norm": 0.4859986901283264, "time": 1790356668.8426976, "seconds_this_epoch": 34.102388467639685}
{"event": "TRAIN", "epoch": 99, "cursor": 61696, "train_count": 120355, "steps": 92700, "loss": [0.12469678372144699, 0.02459932677447796, 0.10009745508432388], "lr": 0.0005, "grad_norm": 0.4182805120944977, "time": 1790356677.867767, "seconds_this_epoch": 43.127457639202476}
{"event": "TRAIN", "epoch": 99, "cursor": 74496, "train_count": 120355, "steps": 92800, "loss": [0.13642467558383942, 0.023859625682234764, 0.1125650554895401], "lr": 0.0005, "grad_norm": 0.3310425877571106, "time": 1790356686.7472694, "seconds_this_epoch": 52.00696040689945}
{"event": "TRAIN", "epoch": 99, "cursor": 87296, "train_count": 120355, "steps": 92900, "loss": [0.11545491963624954, 0.021810874342918396, 0.09364404529333115], "lr": 0.0005, "grad_norm": 0.3515486717224121, "time": 1790356695.5493171, "seconds_this_epoch": 60.80900803953409}
{"event": "TRAIN", "epoch": 99, "cursor": 100096, "train_count": 120355, "steps": 93000, "loss": [0.13272257149219513, 0.023183507844805717, 0.10953906923532486], "lr": 0.0005, "grad_norm": 0.339227557182312, "time": 1790356704.3707983, "seconds_this_epoch": 69.63048897869885}
{"event": "TRAIN", "epoch": 99, "cursor": 112896, "train_count": 120355, "steps": 93100, "loss": [0.1556442826986313, 0.027664482593536377, 0.1279798001050949], "lr": 0.0005, "grad_norm": 0.5131790637969971, "time": 1790356712.1545775, "seconds_this_epoch": 77.41426802240312}
{"epoch": 99, "train": [0.13234855587320707, 0.024070256879477905, 0.10827829909584152], "val": [0.5803259464569731, 0.03055132076371547, 0.5497746227246146], "lr": 0.0005, "best_val": 0.53043719986189, "best_epoch": 33, "seconds": 83.79716060683131, "steps": 93159, "peak_memory_bytes": 3222636544, "time": 1790356718.5377011}
{"event": "TRAIN", "epoch": 100, "cursor": 5248, "train_count": 120355, "steps": 93200, "loss": [0.14024056494235992, 0.02262478694319725, 0.11761578172445297], "lr": 0.0005, "grad_norm": 0.32481902837753296, "time": 1790356722.2141566, "seconds_this_epoch": 3.592458149418235}
{"event": "TRAIN", "epoch": 100, "cursor": 18048, "train_count": 120355, "steps": 93300, "loss": [0.14184020459651947, 0.026642708107829094, 0.11519749462604523], "lr": 0.0005, "grad_norm": 0.42526715993881226, "time": 1790356731.341557, "seconds_this_epoch": 12.719858802855015}
{"event": "TRAIN", "epoch": 100, "cursor": 30848, "train_count": 120355, "steps": 93400, "loss": [0.12387587130069733, 0.0224949661642313, 0.10138090699911118], "lr": 0.0005, "grad_norm": 0.36910805106163025, "time": 1790356740.4645698, "seconds_this_epoch": 21.842870911583304}
{"event": "TRAIN", "epoch": 100, "cursor": 43648, "train_count": 120355, "steps": 93500, "loss": [0.12722425162792206, 0.024922186508774757, 0.10230206698179245], "lr": 0.0005, "grad_norm": 0.3232857584953308, "time": 1790356749.4399881, "seconds_this_epoch": 30.818289389833808}
{"event": "TRAIN", "epoch": 100, "cursor": 56448, "train_count": 120355, "steps": 93600, "loss": [0.13488563895225525, 0.025550371035933495, 0.1093352660536766], "lr": 0.0005, "grad_norm": 0.28951412439346313, "time": 1790356757.9722922, "seconds_this_epoch": 39.3505936563015}
{"event": "TRAIN", "epoch": 100, "cursor": 69248, "train_count": 120355, "steps": 93700, "loss": [0.13375669717788696, 0.025224389508366585, 0.10853230953216553], "lr": 0.0005, "grad_norm": 0.36698898673057556, "time": 1790356766.463604, "seconds_this_epoch": 47.84190595522523}
{"event": "TRAIN", "epoch": 100, "cursor": 82048, "train_count": 120355, "steps": 93800, "loss": [0.10559549927711487, 0.02417929843068123, 0.08141620457172394], "lr": 0.0005, "grad_norm": 0.3513128459453583, "time": 1790356774.96114, "seconds_this_epoch": 56.33944146707654}
{"event": "TRAIN", "epoch": 100, "cursor": 94848, "train_count": 120355, "steps": 93900, "loss": [0.14773905277252197, 0.023736361414194107, 0.12400268763303757], "lr": 0.0005, "grad_norm": 0.3690626621246338, "time": 1790356783.6858916, "seconds_this_epoch": 65.06419308297336}
{"event": "TRAIN", "epoch": 100, "cursor": 107648, "train_count": 120355, "steps": 94000, "loss": [0.12138258665800095, 0.021776581183075905, 0.09960600733757019], "lr": 0.0005, "grad_norm": 0.2715873718261719, "time": 1790356792.637817, "seconds_this_epoch": 74.01611838303506}
{"event": "TRAIN", "epoch": 100, "cursor": 120355, "train_count": 120355, "steps": 94100, "loss": [0.1666838675737381, 0.01959763839840889, 0.1470862329006195], "lr": 0.0005, "grad_norm": 0.6400207281112671, "time": 1790356801.7361903, "seconds_this_epoch": 83.11449151672423}
{"epoch": 100, "train": [0.13168801069692979, 0.02403299885632777, 0.1076550118397044], "val": [0.5781823580328519, 0.03047000235010684, 0.5477123497632889], "lr": 0.0005, "best_val": 0.53043719986189, "best_epoch": 33, "seconds": 84.32062613964081, "steps": 94100, "peak_memory_bytes": 3222636544, "time": 1790356802.9425652}
{"event": "TRAIN", "epoch": 101, "cursor": 12800, "train_count": 120355, "steps": 94200, "loss": [0.12806527316570282, 0.020304206758737564, 0.10776107013225555], "lr": 0.0005, "grad_norm": 0.2932431101799011, "time": 1790356811.9109926, "seconds_this_epoch": 8.884428413584828}
{"event": "TRAIN", "epoch": 101, "cursor": 25600, "train_count": 120355, "steps": 94300, "loss": [0.11455931514501572, 0.023718735203146935, 0.09084057807922363], "lr": 0.0005, "grad_norm": 0.3377794325351715, "time": 1790356821.0855649, "seconds_this_epoch": 18.059000877663493}
{"event": "TRAIN", "epoch": 101, "cursor": 38400, "train_count": 120355, "steps": 94400, "loss": [0.12571923434734344, 0.0227272417396307, 0.1029919981956482], "lr": 0.0005, "grad_norm": 0.3343583941459656, "time": 1790356830.0243535, "seconds_this_epoch": 26.997789446264505}
{"event": "TRAIN", "epoch": 101, "cursor": 51200, "train_count": 120355, "steps": 94500, "loss": [0.13028192520141602, 0.02739364095032215, 0.10288828611373901], "lr": 0.0005, "grad_norm": 0.3156576156616211, "time": 1790356839.1471379, "seconds_this_epoch": 36.120573580265045}
{"event": "TRAIN", "epoch": 101, "cursor": 64000, "train_count": 120355, "steps": 94600, "loss": [0.14120420813560486, 0.02279728651046753, 0.11840692907571793], "lr": 0.0005, "grad_norm": 0.40787485241889954, "time": 1790356847.9532151, "seconds_this_epoch": 44.92665095999837}
{"event": "TRAIN", "epoch": 101, "cursor": 76800, "train_count": 120355, "steps": 94700, "loss": [0.1317346692085266, 0.02723848633468151, 0.10449618846178055], "lr": 0.0005, "grad_norm": 0.38812580704689026, "time": 1790356856.9861274, "seconds_this_epoch": 53.95956304483116}
{"event": "TRAIN", "epoch": 101, "cursor": 89600, "train_count": 120355, "steps": 94800, "loss": [0.15666113793849945, 0.027380364015698433, 0.12928077578544617], "lr": 0.0005, "grad_norm": 0.41088804602622986, "time": 1790356866.103945, "seconds_this_epoch": 63.07738086394966}
{"event": "TRAIN", "epoch": 101, "cursor": 102400, "train_count": 120355, "steps": 94900, "loss": [0.11433546245098114, 0.02077287994325161, 0.09356258064508438], "lr": 0.0005, "grad_norm": 0.3771640360355377, "time": 1790356875.1172895, "seconds_this_epoch": 72.09072475880384}
{"event": "TRAIN", "epoch": 101, "cursor": 115200, "train_count": 120355, "steps": 95000, "loss": [0.13465175032615662, 0.027178915217518806, 0.10747283697128296], "lr": 0.0005, "grad_norm": 0.4133695065975189, "time": 1790356884.2410169, "seconds_this_epoch": 81.21445284038782}
{"epoch": 101, "train": [0.13108526256778422, 0.023982709830779363, 0.10710255275231088], "val": [0.5828494706126769, 0.03062232690516468, 0.5522271405070833], "lr": 0.0005, "best_val": 0.53043719986189, "best_epoch": 33, "seconds": 86.1195681039244, "steps": 95041, "peak_memory_bytes": 3222636544, "time": 1790356889.1463752}
{"event": "TRAIN", "epoch": 102, "cursor": 7552, "train_count": 120355, "steps": 95100, "loss": [0.11754714697599411, 0.02282606065273285, 0.09472108632326126], "lr": 0.0005, "grad_norm": 0.39357438683509827, "time": 1790356894.4237924, "seconds_this_epoch": 5.193234954029322}
{"event": "TRAIN", "epoch": 102, "cursor": 20352, "train_count": 120355, "steps": 95200, "loss": [0.13146862387657166, 0.023771019652485847, 0.10769760608673096], "lr": 0.0005, "grad_norm": 0.36047831177711487, "time": 1790356903.549202, "seconds_this_epoch": 14.318644607439637}
{"event": "TRAIN", "epoch": 102, "cursor": 33152, "train_count": 120355, "steps": 95300, "loss": [0.13299410045146942, 0.0241622906178236, 0.10883180797100067], "lr": 0.0005, "grad_norm": 0.39510729908943176, "time": 1790356912.5935786, "seconds_this_epoch": 23.363020727410913}
{"event": "TRAIN", "epoch": 102, "cursor": 45952, "train_count": 120355, "steps": 95400, "loss": [0.21702153980731964, 0.022380167618393898, 0.1946413666009903], "lr": 0.0005, "grad_norm": 0.3464471101760864, "time": 1790356921.702237, "seconds_this_epoch": 32.47167884930968}
{"event": "TRAIN", "epoch": 102, "cursor": 58752, "train_count": 120355, "steps": 95500, "loss": [0.12180429697036743, 0.022101478651165962, 0.09970282018184662], "lr": 0.0005, "grad_norm": 0.40948501229286194, "time": 1790356930.611792, "seconds_this_epoch": 41.38123408332467}
{"event": "TRAIN", "epoch": 102, "cursor": 71552, "train_count": 120355, "steps": 95600, "loss": [0.10536496341228485, 0.023699497804045677, 0.08166546374559402], "lr": 0.0005, "grad_norm": 0.3648071587085724, "time": 1790356939.6436398, "seconds_this_epoch": 50.413081930950284}
{"event": "TRAIN", "epoch": 102, "cursor": 84352, "train_count": 120355, "steps": 95700, "loss": [0.12147697806358337, 0.0240443367511034, 0.09743264317512512], "lr": 0.0005, "grad_norm": 0.3848843574523926, "time": 1790356948.6947281, "seconds_this_epoch": 59.46417027339339}
{"event": "TRAIN", "epoch": 102, "cursor": 97152, "train_count": 120355, "steps": 95800, "loss": [0.12996415793895721, 0.02701394073665142, 0.10295021533966064], "lr": 0.0005, "grad_norm": 0.3787890672683716, "time": 1790356957.7951121, "seconds_this_epoch": 68.56455419771373}
{"event": "TRAIN", "epoch": 102, "cursor": 109952, "train_count": 120355, "steps": 95900, "loss": [0.1404033601284027, 0.024427380412817, 0.11597598344087601], "lr": 0.0005, "grad_norm": 0.38724562525749207, "time": 1790356966.7429097, "seconds_this_epoch": 77.51235151104629}
{"epoch": 102, "train": [0.13026766304077908, 0.023930411385036834, 0.10633725178846666], "val": [0.5848384092854697, 0.030599496935500094, 0.5542389143379798], "lr": 0.0005, "best_val": 0.53043719986189, "best_epoch": 33, "seconds": 86.13747058436275, "steps": 95982, "peak_memory_bytes": 3222636544, "time": 1790356975.3682632}
{"event": "TRAIN", "epoch": 103, "cursor": 2304, "train_count": 120355, "steps": 96000, "loss": [0.13706092536449432, 0.02477828972041607, 0.1122826412320137], "lr": 0.0005, "grad_norm": 0.43997734785079956, "time": 1790356976.8586082, "seconds_this_epoch": 1.4058739561587572}
{"event": "TRAIN", "epoch": 103, "cursor": 15104, "train_count": 120355, "steps": 96100, "loss": [0.14074712991714478, 0.026366539299488068, 0.1143805980682373], "lr": 0.0005, "grad_norm": 0.3997761607170105, "time": 1790356985.7286348, "seconds_this_epoch": 10.27590112015605}
{"event": "TRAIN", "epoch": 103, "cursor": 27904, "train_count": 120355, "steps": 96200, "loss": [0.1325022280216217, 0.022897131741046906, 0.1096050962805748], "lr": 0.0005, "grad_norm": 0.3638499677181244, "time": 1790356993.7168775, "seconds_this_epoch": 18.264143658801913}
{"event": "TRAIN", "epoch": 103, "cursor": 40704, "train_count": 120355, "steps": 96300, "loss": [0.15859389305114746, 0.027333222329616547, 0.13126066327095032], "lr": 0.0005, "grad_norm": 0.623327374458313, "time": 1790357002.2674117, "seconds_this_epoch": 26.81467772834003}
{"event": "TRAIN", "epoch": 103, "cursor": 53504, "train_count": 120355, "steps": 96400, "loss": [0.131574347615242, 0.025361251085996628, 0.10621309280395508], "lr": 0.0005, "grad_norm": 0.31940194964408875, "time": 1790357010.8401747, "seconds_this_epoch": 35.38744059950113}
{"event": "TRAIN", "epoch": 103, "cursor": 66304, "train_count": 120355, "steps": 96500, "loss": [0.1452360898256302, 0.02623782679438591, 0.11899825930595398], "lr": 0.0005, "grad_norm": 0.4060249328613281, "time": 1790357019.3355606, "seconds_this_epoch": 43.88282671570778}
{"event": "TRAIN", "epoch": 103, "cursor": 79104, "train_count": 120355, "steps": 96600, "loss": [0.12001165747642517, 0.023544792085886, 0.09646686166524887], "lr": 0.0005, "grad_norm": 0.3078935146331787, "time": 1790357027.8450387, "seconds_this_epoch": 52.39230463095009}
{"event": "TRAIN", "epoch": 103, "cursor": 91904, "train_count": 120355, "steps": 96700, "loss": [0.13015228509902954, 0.0226152241230011, 0.10753706842660904], "lr": 0.0005, "grad_norm": 0.36884811520576477, "time": 1790357036.4104125, "seconds_this_epoch": 60.95767838321626}
{"event": "TRAIN", "epoch": 103, "cursor": 104704, "train_count": 120355, "steps": 96800, "loss": [0.1293591558933258, 0.02398313768208027, 0.10537601262331009], "lr": 0.0005, "grad_norm": 0.3952536880970001, "time": 1790357045.0262878, "seconds_this_epoch": 69.5735537931323}
{"event": "TRAIN", "epoch": 103, "cursor": 117504, "train_count": 120355, "steps": 96900, "loss": [0.14749294519424438, 0.022462623193860054, 0.12503032386302948], "lr": 0.0005, "grad_norm": 0.48332837224006653, "time": 1790357053.671965, "seconds_this_epoch": 78.21923132613301}
{"epoch": 103, "train": [0.12977007713597088, 0.02389482935097165, 0.10587524768991309], "val": [0.5855309892264162, 0.03030773015782536, 0.5552232583197441], "lr": 0.0005, "best_val": 0.53043719986189, "best_epoch": 33, "seconds": 81.35528322309256, "steps": 96923, "peak_memory_bytes": 3222636544, "time": 1790357056.8082578}
{"event": "TRAIN", "epoch": 104, "cursor": 9856, "train_count": 120355, "steps": 97000, "loss": [0.1602105349302292, 0.022992368787527084, 0.1372181624174118], "lr": 0.0005, "grad_norm": 0.30181601643562317, "time": 1790357063.379732, "seconds_this_epoch": 6.487464629113674}
{"event": "TRAIN", "epoch": 104, "cursor": 22656, "train_count": 120355, "steps": 97100, "loss": [0.13263338804244995, 0.025149252265691757, 0.1074841320514679], "lr": 0.0005, "grad_norm": 0.36444857716560364, "time": 1790357072.0450742, "seconds_this_epoch": 15.152807066217065}
{"event": "TRAIN", "epoch": 104, "cursor": 35456, "train_count": 120355, "steps": 97200, "loss": [0.1346728503704071, 0.023844577372074127, 0.11082828044891357], "lr": 0.0005, "grad_norm": 0.4421941041946411, "time": 1790357080.6071367, "seconds_this_epoch": 23.71486996859312}
{"event": "TRAIN", "epoch": 104, "cursor": 48256, "train_count": 120355, "steps": 97300, "loss": [0.1298271119594574, 0.022740351036190987, 0.10708675533533096], "lr": 0.0005, "grad_norm": 0.33395272493362427, "time": 1790357089.1753614, "seconds_this_epoch": 32.28309459798038}
{"event": "TRAIN", "epoch": 104, "cursor": 61056, "train_count": 120355, "steps": 97400, "loss": [0.13214397430419922, 0.023647572845220566, 0.10849639773368835], "lr": 0.0005, "grad_norm": 0.30237558484077454, "time": 1790357097.6761892, "seconds_this_epoch": 40.783922370523214}
{"event": "TRAIN", "epoch": 104, "cursor": 73856, "train_count": 120355, "steps": 97500, "loss": [0.11428870260715485, 0.02373863011598587, 0.09055007249116898], "lr": 0.0005, "grad_norm": 0.35597479343414307, "time": 1790357106.2232647, "seconds_this_epoch": 49.33099818974733}
{"event": "TRAIN", "epoch": 104, "cursor": 86656, "train_count": 120355, "steps": 97600, "loss": [0.12211938202381134, 0.022395823150873184, 0.09972356259822845], "lr": 0.0005, "grad_norm": 0.2947579622268677, "time": 1790357114.8714375, "seconds_this_epoch": 57.979170985519886}
{"event": "TRAIN", "epoch": 104, "cursor": 99456, "train_count": 120355, "steps": 97700, "loss": [0.11766314506530762, 0.025776658207178116, 0.0918864831328392], "lr": 0.0005, "grad_norm": 0.42899930477142334, "time": 1790357123.4866273, "seconds_this_epoch": 66.59436098858714}
{"event": "TRAIN", "epoch": 104, "cursor": 112256, "train_count": 120355, "steps": 97800, "loss": [0.12289104610681534, 0.024174032732844353, 0.09871701151132584], "lr": 0.0005, "grad_norm": 0.34546688199043274, "time": 1790357132.472321, "seconds_this_epoch": 75.58005359768867}
{"epoch": 104, "train": [0.12918173223690568, 0.02384591687837926, 0.10533581530683572], "val": [0.5817696253696388, 0.030445278386245257, 0.5513243445942154], "lr": 0.0005, "best_val": 0.53043719986189, "best_epoch": 33, "seconds": 82.566320752725, "steps": 97864, "peak_memory_bytes": 3222636544, "time": 1790357139.4588308}
{"event": "TRAIN", "epoch": 105, "cursor": 4608, "train_count": 120355, "steps": 97900, "loss": [0.11920377612113953, 0.023895854130387306, 0.09530792385339737], "lr": 0.0005, "grad_norm": 0.36804378032684326, "time": 1790357142.7006185, "seconds_this_epoch": 3.158909786492586}
{"event": "TRAIN", "epoch": 105, "cursor": 17408, "train_count": 120355, "steps": 98000, "loss": [0.11658425629138947, 0.021633552387356758, 0.09495070576667786], "lr": 0.0005, "grad_norm": 0.3143475353717804, "time": 1790357151.7436523, "seconds_this_epoch": 12.20194367133081}
{"event": "TRAIN", "epoch": 105, "cursor": 30208, "train_count": 120355, "steps": 98100, "loss": [0.12915846705436707, 0.02297973819077015, 0.10617872327566147], "lr": 0.0005, "grad_norm": 0.37960726022720337, "time": 1790357160.788216, "seconds_this_epoch": 21.246507482603192}
{"event": "TRAIN", "epoch": 105, "cursor": 43008, "train_count": 120355, "steps": 98200, "loss": [0.1350395381450653, 0.022582784295082092, 0.11245674639940262], "lr": 0.0005, "grad_norm": 0.6137492060661316, "time": 1790357169.7512887, "seconds_this_epoch": 30.209580212831497}
{"event": "TRAIN", "epoch": 105, "cursor": 55808, "train_count": 120355, "steps": 98300, "loss": [0.14135050773620605, 0.023726798593997955, 0.1176237016916275], "lr": 0.0005, "grad_norm": 0.40712860226631165, "time": 1790357178.7648957, "seconds_this_epoch": 39.22318724170327}
{"event": "TRAIN", "epoch": 105, "cursor": 68608, "train_count": 120355, "steps": 98400, "loss": [0.12789775431156158, 0.02621898427605629, 0.101678766310215], "lr": 0.0005, "grad_norm": 0.3600630462169647, "time": 1790357187.720681, "seconds_this_epoch": 48.178972290828824}
{"event": "TRAIN", "epoch": 105, "cursor": 81408, "train_count": 120355, "steps": 98500, "loss": [0.1364249885082245, 0.023619934916496277, 0.11280504614114761], "lr": 0.0005, "grad_norm": 0.3202238976955414, "time": 1790357196.6226895, "seconds_this_epoch": 57.08098063617945}
{"event": "TRAIN", "epoch": 105, "cursor": 94208, "train_count": 120355, "steps": 98600, "loss": [0.11324657499790192, 0.02231661044061184, 0.09092996269464493], "lr": 0.0005, "grad_norm": 0.3792456090450287, "time": 1790357205.7270372, "seconds_this_epoch": 66.18532888032496}
{"event": "TRAIN", "epoch": 105, "cursor": 107008, "train_count": 120355, "steps": 98700, "loss": [0.11775495111942291, 0.022154634818434715, 0.09560031443834305], "lr": 0.0005, "grad_norm": 0.46357813477516174, "time": 1790357214.84498, "seconds_this_epoch": 75.30327111855149}
{"event": "TRAIN", "epoch": 105, "cursor": 119808, "train_count": 120355, "steps": 98800, "loss": [0.14102581143379211, 0.023469936102628708, 0.11755587160587311], "lr": 0.0005, "grad_norm": 0.420450359582901, "time": 1790357223.8294475, "seconds_this_epoch": 84.28773849830031}
{"epoch": 105, "train": [0.12870349062157185, 0.02378595889963875, 0.10491753169870323], "val": [0.5875460272094928, 0.030442341997207654, 0.5571036855510492], "lr": 0.0005, "best_val": 0.53043719986189, "best_epoch": 33, "seconds": 86.00261955335736, "steps": 98805, "peak_memory_bytes": 3222636544, "time": 1790357225.5445616}
{"event": "TRAIN", "epoch": 106, "cursor": 12160, "train_count": 120355, "steps": 98900, "loss": [0.14483360946178436, 0.023150522261857986, 0.12168308347463608], "lr": 0.0005, "grad_norm": 0.4247613847255707, "time": 1790357234.0772464, "seconds_this_epoch": 8.449955608695745}
{"event": "TRAIN", "epoch": 106, "cursor": 24960, "train_count": 120355, "steps": 99000, "loss": [0.11753472685813904, 0.02270500175654888, 0.09482972323894501], "lr": 0.0005, "grad_norm": 0.4341614246368408, "time": 1790357242.8001513, "seconds_this_epoch": 17.17286068573594}
{"event": "TRAIN", "epoch": 106, "cursor": 37760, "train_count": 120355, "steps": 99100, "loss": [0.12263932824134827, 0.023530105128884315, 0.0991092249751091], "lr": 0.0005, "grad_norm": 0.31588175892829895, "time": 1790357251.2253466, "seconds_this_epoch": 25.59805573709309}
{"event": "TRAIN", "epoch": 106, "cursor": 50560, "train_count": 120355, "steps": 99200, "loss": [0.1121322438120842, 0.022907890379428864, 0.08922435343265533], "lr": 0.0005, "grad_norm": 0.3350971043109894, "time": 1790357259.759604, "seconds_this_epoch": 34.132312735542655}
{"event": "TRAIN", "epoch": 106, "cursor": 63360, "train_count": 120355, "steps": 99300, "loss": [0.12868450582027435, 0.02296316623687744, 0.10572133958339691], "lr": 0.0005, "grad_norm": 0.3035932183265686, "time": 1790357268.364611, "seconds_this_epoch": 42.737319523468614}
{"event": "TRAIN", "epoch": 106, "cursor": 76160, "train_count": 120355, "steps": 99400, "loss": [0.13239985704421997, 0.02480236254632473, 0.10759749263525009], "lr": 0.0005, "grad_norm": 0.3611310124397278, "time": 1790357277.4841192, "seconds_this_epoch": 51.85682866163552}
{"event": "TRAIN", "epoch": 106, "cursor": 88960, "train_count": 120355, "steps": 99500, "loss": [0.12974271178245544, 0.022774282842874527, 0.10696842521429062], "lr": 0.0005, "grad_norm": 0.42597508430480957, "time": 1790357286.2907498, "seconds_this_epoch": 60.663458893075585}
{"event": "TRAIN", "epoch": 106, "cursor": 101760, "train_count": 120355, "steps": 99600, "loss": [0.11706261336803436, 0.022552277892827988, 0.09451033174991608], "lr": 0.0005, "grad_norm": 0.3393031358718872, "time": 1790357294.884485, "seconds_this_epoch": 69.2571943923831}
{"event": "TRAIN", "epoch": 106, "cursor": 114560, "train_count": 120355, "steps": 99700, "loss": [0.14591211080551147, 0.02237326093018055, 0.12353884428739548], "lr": 0.0005, "grad_norm": 0.45962321758270264, "time": 1790357303.5095656, "seconds_this_epoch": 77.88227492012084}
{"epoch": 106, "train": [0.12802275084465176, 0.02373190639234665, 0.10429084452055541], "val": [0.5863916106542142, 0.030401016196340207, 0.5559905988172326], "lr": 0.0005, "best_val": 0.53043719986189, "best_epoch": 33, "seconds": 83.09004723280668, "steps": 99746, "peak_memory_bytes": 3222636544, "time": 1790357308.7175763}
{"event": "TRAIN", "epoch": 107, "cursor": 6912, "train_count": 120355, "steps": 99800, "loss": [0.12946075201034546, 0.0227067694067955, 0.10675399005413055], "lr": 0.0005, "grad_norm": 0.36395081877708435, "time": 1790357313.2416234, "seconds_this_epoch": 4.440626559779048}
{"event": "TRAIN", "epoch": 107, "cursor": 19712, "train_count": 120355, "steps": 99900, "loss": [0.12151538580656052, 0.02202487923204899, 0.09949050843715668], "lr": 0.0005, "grad_norm": 0.3473356068134308, "time": 1790357321.7661467, "seconds_this_epoch": 12.965149277821183}
{"event": "TRAIN", "epoch": 107, "cursor": 32512, "train_count": 120355, "steps": 100000, "loss": [0.12143118679523468, 0.02315562218427658, 0.0982755646109581], "lr": 0.0005, "grad_norm": 0.4374808967113495, "time": 1790357330.8080766, "seconds_this_epoch": 22.00707990862429}
{"event": "TRAIN", "epoch": 107, "cursor": 45312, "train_count": 120355, "steps": 100100, "loss": [0.1279572993516922, 0.02580159157514572, 0.10215570777654648], "lr": 0.0005, "grad_norm": 0.3366866111755371, "time": 1790357339.8721921, "seconds_this_epoch": 31.07119482383132}
{"event": "TRAIN", "epoch": 107, "cursor": 58112, "train_count": 120355, "steps": 100200, "loss": [0.11985902488231659, 0.022340331226587296, 0.097518689930439], "lr": 0.0005, "grad_norm": 0.35761481523513794, "time": 1790357348.9161932, "seconds_this_epoch": 40.115196622908115}
{"event": "TRAIN", "epoch": 107, "cursor": 70912, "train_count": 120355, "steps": 100300, "loss": [0.13201920688152313, 0.025746192783117294, 0.10627301782369614], "lr": 0.0005, "grad_norm": 0.36630961298942566, "time": 1790357358.0647988, "seconds_this_epoch": 49.263801861554384}
{"event": "TRAIN", "epoch": 107, "cursor": 83712, "train_count": 120355, "steps": 100400, "loss": [0.11579819023609161, 0.022503983229398727, 0.09329421073198318], "lr": 0.0005, "grad_norm": 0.4160189628601074, "time": 1790357367.1054604, "seconds_this_epoch": 58.30446347594261}
{"event": "TRAIN", "epoch": 107, "cursor": 96512, "train_count": 120355, "steps": 100500, "loss": [0.13114327192306519, 0.021653633564710617, 0.10948963463306427], "lr": 0.0005, "grad_norm": 0.3546856939792633, "time": 1790357376.245152, "seconds_this_epoch": 67.44415519759059}
{"event": "TRAIN", "epoch": 107, "cursor": 109312, "train_count": 120355, "steps": 100600, "loss": [0.11142826080322266, 0.022339709103107452, 0.0890885517001152], "lr": 0.0005, "grad_norm": 0.4131458103656769, "time": 1790357385.276484, "seconds_this_epoch": 76.47548747062683}
{"epoch": 107, "train": [0.12764172925687758, 0.02369977792817128, 0.10394195127269772], "val": [0.5895697155863162, 0.03059046072514871, 0.5589792605755823], "lr": 0.0005, "best_val": 0.53043719986189, "best_epoch": 33, "seconds": 85.52951079979539, "steps": 100687, "peak_memory_bytes": 3222636544, "time": 1790357394.3307478}
{"event": "TRAIN", "epoch": 108, "cursor": 1664, "train_count": 120355, "steps": 100700, "loss": [0.13342337310314178, 0.026163486763834953, 0.10725988447666168], "lr": 0.0005, "grad_norm": 0.39688652753829956, "time": 1790357395.465372, "seconds_this_epoch": 1.05084428191185}
{"event": "TRAIN", "epoch": 108, "cursor": 14464, "train_count": 120355, "steps": 100800, "loss": [0.12459339946508408, 0.023957252502441406, 0.10063614696264267], "lr": 0.0005, "grad_norm": 0.5208020210266113, "time": 1790357404.654576, "seconds_this_epoch": 10.24004858918488}
{"event": "TRAIN", "epoch": 108, "cursor": 27264, "train_count": 120355, "steps": 100900, "loss": [0.11578743904829025, 0.02412710338830948, 0.09166033565998077], "lr": 0.0005, "grad_norm": 0.3687151372432709, "time": 1790357413.7951844, "seconds_this_epoch": 19.380656914785504}
{"event": "TRAIN", "epoch": 108, "cursor": 40064, "train_count": 120355, "steps": 101000, "loss": [0.1252804398536682, 0.022206755355000496, 0.10307368636131287], "lr": 0.0005, "grad_norm": 0.3214435279369354, "time": 1790357422.7910535, "seconds_this_epoch": 28.37652605958283}
{"event": "TRAIN", "epoch": 108, "cursor": 52864, "train_count": 120355, "steps": 101100, "loss": [0.12169802933931351, 0.025116989389061928, 0.09658104181289673], "lr": 0.0005, "grad_norm": 0.3186757266521454, "time": 1790357431.7877438, "seconds_this_epoch": 37.373216196894646}
{"event": "TRAIN", "epoch": 108, "cursor": 65664, "train_count": 120355, "steps": 101200, "loss": [0.12903138995170593, 0.024035386741161346, 0.10499600321054459], "lr": 0.0005, "grad_norm": 0.34007391333580017, "time": 1790357440.864752, "seconds_this_epoch": 46.45022458396852}
{"event": "TRAIN", "epoch": 108, "cursor": 78464, "train_count": 120355, "steps": 101300, "loss": [0.13551065325737, 0.023681167513132095, 0.1118294820189476], "lr": 0.0005, "grad_norm": 0.6826338768005371, "time": 1790357449.9415302, "seconds_this_epoch": 55.52700268663466}
{"event": "TRAIN", "epoch": 108, "cursor": 91264, "train_count": 120355, "steps": 101400, "loss": [0.11307106167078018, 0.02438749559223652, 0.08868356794118881], "lr": 0.0005, "grad_norm": 0.36611005663871765, "time": 1790357458.9954455, "seconds_this_epoch": 64.58091769553721}
{"event": "TRAIN", "epoch": 108, "cursor": 104064, "train_count": 120355, "steps": 101500, "loss": [0.12012682855129242, 0.02284974418580532, 0.09727708250284195], "lr": 0.0005, "grad_norm": 0.31473854184150696, "time": 1790357468.1106374, "seconds_this_epoch": 73.696109643206}
{"event": "TRAIN", "epoch": 108, "cursor": 116864, "train_count": 120355, "steps": 101600, "loss": [0.159739151597023, 0.024519557133316994, 0.13521958887577057], "lr": 0.0005, "grad_norm": 0.4887561500072479, "time": 1790357477.1802366, "seconds_this_epoch": 82.76570890285075}
{"epoch": 108, "train": [0.1273303885692118, 0.023680226052973322, 0.1036501622819434], "val": [0.5899291979207487, 0.03040246420765294, 0.5595267313952365], "lr": 0.0005, "best_val": 0.53043719986189, "best_epoch": 33, "seconds": 86.55053337104619, "steps": 101628, "peak_memory_bytes": 3222636544, "time": 1790357480.9652963}
{"event": "TRAIN", "epoch": 109, "cursor": 9216, "train_count": 120355, "steps": 101700, "loss": [0.138901025056839, 0.023258300498127937, 0.1156427264213562], "lr": 0.0005, "grad_norm": 0.3782033920288086, "time": 1790357487.4583848, "seconds_this_epoch": 6.409864146262407}
{"event": "TRAIN", "epoch": 109, "cursor": 22016, "train_count": 120355, "steps": 101800, "loss": [0.13202688097953796, 0.02343612164258957, 0.1085907518863678], "lr": 0.0005, "grad_norm": 0.37444451451301575, "time": 1790357496.5740292, "seconds_this_epoch": 15.525509035214782}
{"event": "TRAIN", "epoch": 109, "cursor": 34816, "train_count": 120355, "steps": 101900, "loss": [0.12186700105667114, 0.02459004707634449, 0.0972769558429718], "lr": 0.0005, "grad_norm": 0.3507567346096039, "time": 1790357505.6574056, "seconds_this_epoch": 24.608885010704398}
{"event": "TRAIN", "epoch": 109, "cursor": 47616, "train_count": 120355, "steps": 102000, "loss": [0.13192112743854523, 0.02364376373589039, 0.10827735811471939], "lr": 0.0005, "grad_norm": 0.4195798337459564, "time": 1790357514.6736145, "seconds_this_epoch": 33.62509352341294}
{"event": "TRAIN", "epoch": 109, "cursor": 60416, "train_count": 120355, "steps": 102100, "loss": [0.10273046791553497, 0.023834967985749245, 0.07889550179243088], "lr": 0.0005, "grad_norm": 0.3207509517669678, "time": 1790357523.7602432, "seconds_this_epoch": 42.7117224317044}
{"event": "TRAIN", "epoch": 109, "cursor": 73216, "train_count": 120355, "steps": 102200, "loss": [0.12566617131233215, 0.022438958287239075, 0.10322722047567368], "lr": 0.0005, "grad_norm": 0.39191630482673645, "time": 1790357532.8116379, "seconds_this_epoch": 51.76311697624624}
{"event": "TRAIN", "epoch": 109, "cursor": 86016, "train_count": 120355, "steps": 102300, "loss": [0.12115097045898438, 0.024630211293697357, 0.09652075916528702], "lr": 0.0005, "grad_norm": 0.41426023840904236, "time": 1790357541.6892712, "seconds_this_epoch": 60.64075076766312}
{"event": "TRAIN", "epoch": 109, "cursor": 98816, "train_count": 120355, "steps": 102400, "loss": [0.12799066305160522, 0.023766309022903442, 0.10422434657812119], "lr": 0.0005, "grad_norm": 0.4029703438282013, "time": 1790357550.6782675, "seconds_this_epoch": 69.6297464556992}
{"event": "TRAIN", "epoch": 109, "cursor": 111616, "train_count": 120355, "steps": 102500, "loss": [0.12459404766559601, 0.020964916795492172, 0.10362912714481354], "lr": 0.0005, "grad_norm": 0.3949348032474518, "time": 1790357559.325499, "seconds_this_epoch": 78.27697893977165}
{"epoch": 109, "train": [0.12674307833265483, 0.023618862930962152, 0.10312421555368502], "val": [0.5910588620916442, 0.030506622744933095, 0.5605522338195079], "lr": 0.0005, "best_val": 0.53043719986189, "best_epoch": 33, "seconds": 85.41367056407034, "steps": 102569, "peak_memory_bytes": 3222636544, "time": 1790357566.4624271}
{"event": "TRAIN", "epoch": 110, "cursor": 3968, "train_count": 120355, "steps": 102600, "loss": [0.11872337758541107, 0.02458277717232704, 0.09414059668779373], "lr": 0.0005, "grad_norm": 0.4135879874229431, "time": 1790357569.3162172, "seconds_this_epoch": 2.5085454657673836}
{"event": "TRAIN", "epoch": 110, "cursor": 16768, "train_count": 120355, "steps": 102700, "loss": [0.13701263070106506, 0.025051278993487358, 0.11196134984493256], "lr": 0.0005, "grad_norm": 0.4269198179244995, "time": 1790357577.9027085, "seconds_this_epoch": 11.095036424696445}
{"event": "TRAIN", "epoch": 110, "cursor": 29568, "train_count": 120355, "steps": 102800, "loss": [0.1411026418209076, 0.025697428733110428, 0.11540520936250687], "lr": 0.0005, "grad_norm": 0.4100157618522644, "time": 1790357586.850325, "seconds_this_epoch": 20.042653046548367}
{"event": "TRAIN", "epoch": 110, "cursor": 42368, "train_count": 120355, "steps": 102900, "loss": [0.11927258968353271, 0.021714460104703903, 0.09755812585353851], "lr": 0.0005, "grad_norm": 0.4674202501773834, "time": 1790357595.8639047, "seconds_this_epoch": 29.056232569739223}
{"event": "TRAIN", "epoch": 110, "cursor": 55168, "train_count": 120355, "steps": 103000, "loss": [0.12977592647075653, 0.023974303156137466, 0.10580162703990936], "lr": 0.0005, "grad_norm": 0.35780084133148193, "time": 1790357604.9880886, "seconds_this_epoch": 38.18041675724089}
{"event": "TRAIN", "epoch": 110, "cursor": 67968, "train_count": 120355, "steps": 103100, "loss": [0.12293564528226852, 0.023430727422237396, 0.09950491786003113], "lr": 0.0005, "grad_norm": 0.5230069756507874, "time": 1790357614.0752606, "seconds_this_epoch": 47.267588689923286}
{"event": "TRAIN", "epoch": 110, "cursor": 80768, "train_count": 120355, "steps": 103200, "loss": [0.1325834095478058, 0.02309618517756462, 0.10948722809553146], "lr": 0.0005, "grad_norm": 0.35356783866882324, "time": 1790357623.1330886, "seconds_this_epoch": 56.32541650906205}
{"event": "TRAIN", "epoch": 110, "cursor": 93568, "train_count": 120355, "steps": 103300, "loss": [0.12791617214679718, 0.023538345471024513, 0.10437782108783722], "lr": 0.0005, "grad_norm": 0.4459548592567444, "time": 1790357632.0815845, "seconds_this_epoch": 65.2739126496017}
{"event": "TRAIN", "epoch": 110, "cursor": 106368, "train_count": 120355, "steps": 103400, "loss": [0.13092383742332458, 0.023414576426148415, 0.10750925540924072], "lr": 0.0005, "grad_norm": 0.32603704929351807, "time": 1790357640.8844635, "seconds_this_epoch": 74.07679180242121}
{"event": "TRAIN", "epoch": 110, "cursor": 119168, "train_count": 120355, "steps": 103500, "loss": [0.1314210146665573, 0.024080632254481316, 0.10734038054943085], "lr": 0.0005, "grad_norm": 0.39801591634750366, "time": 1790357649.5138228, "seconds_this_epoch": 82.70615053921938}
{"epoch": 110, "train": [0.12670691500281195, 0.023608317167996235, 0.10309859797996754], "val": [0.5862976593633201, 0.03043703620318984, 0.5558606188275163], "lr": 0.0005, "best_val": 0.53043719986189, "best_epoch": 33, "seconds": 84.76772811077535, "steps": 103510, "peak_memory_bytes": 3222636544, "time": 1790357651.5756402}
{"event": "TRAIN", "epoch": 111, "cursor": 11520, "train_count": 120355, "steps": 103600, "loss": [0.1132621243596077, 0.022777555510401726, 0.09048456698656082], "lr": 0.0005, "grad_norm": 0.3880153298377991, "time": 1790357659.174266, "seconds_this_epoch": 7.514754457399249}
{"event": "TRAIN", "epoch": 111, "cursor": 24320, "train_count": 120355, "steps": 103700, "loss": [0.11777138710021973, 0.022743843495845795, 0.09502754360437393], "lr": 0.0005, "grad_norm": 0.35937079787254333, "time": 1790357667.3955271, "seconds_this_epoch": 15.736015209928155}
{"event": "TRAIN", "epoch": 111, "cursor": 37120, "train_count": 120355, "steps": 103800, "loss": [0.129098042845726, 0.025518016889691353, 0.10358002036809921], "lr": 0.0005, "grad_norm": 0.44761109352111816, "time": 1790357675.3389268, "seconds_this_epoch": 23.679414954036474}
{"event": "TRAIN", "epoch": 111, "cursor": 49920, "train_count": 120355, "steps": 103900, "loss": [0.11977672576904297, 0.024661697447299957, 0.09511502832174301], "lr": 0.0005, "grad_norm": 0.4445071220397949, "time": 1790357684.3889778, "seconds_this_epoch": 32.72946614958346}
{"event": "TRAIN", "epoch": 111, "cursor": 62720, "train_count": 120355, "steps": 104000, "loss": [0.10818692296743393, 0.021292665973305702, 0.08689425885677338], "lr": 0.0005, "grad_norm": 0.42023199796676636, "time": 1790357693.3841643, "seconds_this_epoch": 41.72465207055211}
{"event": "TRAIN", "epoch": 111, "cursor": 75520, "train_count": 120355, "steps": 104100, "loss": [0.1329582780599594, 0.02420293726027012, 0.10875533521175385], "lr": 0.0005, "grad_norm": 0.4289622902870178, "time": 1790357702.0621989, "seconds_this_epoch": 50.40268650650978}
{"event": "TRAIN", "epoch": 111, "cursor": 88320, "train_count": 120355, "steps": 104200, "loss": [0.11262229084968567, 0.02135428786277771, 0.09126800298690796], "lr": 0.0005, "grad_norm": 0.37885424494743347, "time": 1790357710.6673942, "seconds_this_epoch": 59.00788189843297}
{"event": "TRAIN", "epoch": 111, "cursor": 101120, "train_count": 120355, "steps": 104300, "loss": [0.11886972188949585, 0.02307828888297081, 0.09579143673181534], "lr": 0.0005, "grad_norm": 0.3392829895019531, "time": 1790357719.2164092, "seconds_this_epoch": 67.55689697526395}
{"event": "TRAIN", "epoch": 111, "cursor": 113920, "train_count": 120355, "steps": 104400, "loss": [0.121129110455513, 0.02338537387549877, 0.09774373471736908], "lr": 0.0005, "grad_norm": 0.40072548389434814, "time": 1790357727.9682696, "seconds_this_epoch": 76.30875723063946}
{"epoch": 111, "train": [0.12616505240525885, 0.02359950045216322, 0.10256555185602856], "val": [0.5908600995186165, 0.030594577198787398, 0.5602655263849978], "lr": 0.0005, "best_val": 0.53043719986189, "best_epoch": 33, "seconds": 81.87214567698538, "steps": 104451, "peak_memory_bytes": 3222636544, "time": 1790357733.5319107}
{"event": "TRAIN", "epoch": 112, "cursor": 6272, "train_count": 120355, "steps": 104500, "loss": [0.1296693980693817, 0.02344679646193981, 0.10622259974479675], "lr": 0.0005, "grad_norm": 0.3661336898803711, "time": 1790357737.6254745, "seconds_this_epoch": 4.01065206900239}
{"event": "TRAIN", "epoch": 112, "cursor": 19072, "train_count": 120355, "steps": 104600, "loss": [0.13446612656116486, 0.023985859006643295, 0.11048027127981186], "lr": 0.0005, "grad_norm": 0.4415181577205658, "time": 1790357746.4336922, "seconds_this_epoch": 12.818869912996888}
{"event": "TRAIN", "epoch": 112, "cursor": 31872, "train_count": 120355, "steps": 104700, "loss": [0.12596948444843292, 0.02245006151497364, 0.10351942479610443], "lr": 0.0005, "grad_norm": 0.43451958894729614, "time": 1790357755.5654197, "seconds_this_epoch": 21.95059715025127}
{"event": "TRAIN", "epoch": 112, "cursor": 44672, "train_count": 120355, "steps": 104800, "loss": [0.1363341063261032, 0.020239830017089844, 0.11609427630901337], "lr": 0.0005, "grad_norm": 0.5207828283309937, "time": 1790357764.7279198, "seconds_this_epoch": 31.11309744603932}
{"event": "TRAIN", "epoch": 112, "cursor": 57472, "train_count": 120355, "steps": 104900, "loss": [0.12745670974254608, 0.02364988625049591, 0.10380682349205017], "lr": 0.0005, "grad_norm": 0.3650042414665222, "time": 1790357773.902539, "seconds_this_epoch": 40.28771638125181}
{"event": "TRAIN", "epoch": 112, "cursor": 70272, "train_count": 120355, "steps": 105000, "loss": [0.1312694251537323, 0.024950530380010605, 0.1063188910484314], "lr": 0.0005, "grad_norm": 0.6127817630767822, "time": 1790357783.067809, "seconds_this_epoch": 49.452986504882574}
{"event": "TRAIN", "epoch": 112, "cursor": 83072, "train_count": 120355, "steps": 105100, "loss": [0.13237866759300232, 0.027124028652906418, 0.1052546352148056], "lr": 0.0005, "grad_norm": 0.43928003311157227, "time": 1790357792.0709658, "seconds_this_epoch": 58.45614357851446}
{"event": "TRAIN", "epoch": 112, "cursor": 95872, "train_count": 120355, "steps": 105200, "loss": [0.1353597790002823, 0.022863470017910004, 0.11249630898237228], "lr": 0.0005, "grad_norm": 0.409904807806015, "time": 1790357801.1910617, "seconds_this_epoch": 67.57623919844627}
{"event": "TRAIN", "epoch": 112, "cursor": 108672, "train_count": 120355, "steps": 105300, "loss": [0.11488451063632965, 0.0248308964073658, 0.09005361795425415], "lr": 0.0005, "grad_norm": 0.411836177110672, "time": 1790357810.076099, "seconds_this_epoch": 76.46127671003342}
{"epoch": 112, "train": [0.12575713600817104, 0.02355026348470121, 0.10220687254327944], "val": [0.5888913418053511, 0.03034632670604787, 0.558545009126358], "lr": 0.0005, "best_val": 0.53043719986189, "best_epoch": 33, "seconds": 86.17352800257504, "steps": 105392, "peak_memory_bytes": 3222636544, "time": 1790357819.7885995}
{"event": "TRAIN", "epoch": 113, "cursor": 1024, "train_count": 120355, "steps": 105400, "loss": [0.12873488664627075, 0.023479335010051727, 0.10525555163621902], "lr": 0.0005, "grad_norm": 0.34299448132514954, "time": 1790357820.5096807, "seconds_this_epoch": 0.6370073799043894}
{"event": "TRAIN", "epoch": 113, "cursor": 13824, "train_count": 120355, "steps": 105500, "loss": [0.11871964484453201, 0.022302212193608284, 0.09641743451356888], "lr": 0.0005, "grad_norm": 0.3029591739177704, "time": 1790357829.6161113, "seconds_this_epoch": 9.743438921868801}
{"event": "TRAIN", "epoch": 113, "cursor": 26624, "train_count": 120355, "steps": 105600, "loss": [0.13233301043510437, 0.022644083946943283, 0.10968893021345139], "lr": 0.0005, "grad_norm": 0.38980111479759216, "time": 1790357838.775303, "seconds_this_epoch": 18.902630692347884}
{"event": "TRAIN", "epoch": 113, "cursor": 39424, "train_count": 120355, "steps": 105700, "loss": [0.11243642121553421, 0.021630169823765755, 0.0908062532544136], "lr": 0.0005, "grad_norm": 0.36642491817474365, "time": 1790357847.8396306, "seconds_this_epoch": 27.96695809625089}
{"event": "TRAIN", "epoch": 113, "cursor": 52224, "train_count": 120355, "steps": 105800, "loss": [0.1307205855846405, 0.02090562880039215, 0.10981494933366776], "lr": 0.0005, "grad_norm": 0.3821199834346771, "time": 1790357856.969331, "seconds_this_epoch": 37.096658350899816}
{"event": "TRAIN", "epoch": 113, "cursor": 65024, "train_count": 120355, "steps": 105900, "loss": [0.1345493495464325, 0.026638329029083252, 0.10791102796792984], "lr": 0.0005, "grad_norm": 0.7007800340652466, "time": 1790357865.7275512, "seconds_this_epoch": 45.85487877205014}
{"event": "TRAIN", "epoch": 113, "cursor": 77824, "train_count": 120355, "steps": 106000, "loss": [0.12264375388622284, 0.022482575848698616, 0.10016117990016937], "lr": 0.0005, "grad_norm": 0.39728954434394836, "time": 1790357874.8703485, "seconds_this_epoch": 54.9976760558784}
{"event": "TRAIN", "epoch": 113, "cursor": 90624, "train_count": 120355, "steps": 106100, "loss": [0.1351574808359146, 0.02327680215239525, 0.11188067495822906], "lr": 0.0005, "grad_norm": 0.3753204643726349, "time": 1790357883.969525, "seconds_this_epoch": 64.0968521963805}
{"event": "TRAIN", "epoch": 113, "cursor": 103424, "train_count": 120355, "steps": 106200, "loss": [0.13414978981018066, 0.02569160796701908, 0.10845817625522614], "lr": 0.0005, "grad_norm": 0.4618977904319763, "time": 1790357893.0192869, "seconds_this_epoch": 73.1466139499098}
{"event": "TRAIN", "epoch": 113, "cursor": 116224, "train_count": 120355, "steps": 106300, "loss": [0.12059496343135834, 0.02162236161530018, 0.09897260367870331], "lr": 0.0005, "grad_norm": 0.3035275936126709, "time": 1790357902.1031587, "seconds_this_epoch": 82.23048654012382}
{"epoch": 113, "train": [0.12516740502043738, 0.02349420975868819, 0.10167319528443738], "val": [0.5899249960696522, 0.03041096612467867, 0.5595140324143852], "lr": 0.0005, "best_val": 0.53043719986189, "best_epoch": 33, "seconds": 86.46715825237334, "steps": 106333, "peak_memory_bytes": 3222636544, "time": 1790357906.3402026}
{"event": "TRAIN", "epoch": 114, "cursor": 8576, "train_count": 120355, "steps": 106400, "loss": [0.12465007603168488, 0.023060116916894913, 0.10158995538949966], "lr": 0.0005, "grad_norm": 0.3446279764175415, "time": 1790357912.4025207, "seconds_this_epoch": 5.978066589683294}
{"event": "TRAIN", "epoch": 114, "cursor": 21376, "train_count": 120355, "steps": 106500, "loss": [0.12744323909282684, 0.025281351059675217, 0.10216188430786133], "lr": 0.0005, "grad_norm": 0.4514000713825226, "time": 1790357921.4047039, "seconds_this_epoch": 14.980249930173159}
{"event": "TRAIN", "epoch": 114, "cursor": 34176, "train_count": 120355, "steps": 106600, "loss": [0.12272034585475922, 0.024079307913780212, 0.098641037940979], "lr": 0.0005, "grad_norm": 0.4269427955150604, "time": 1790357930.55283, "seconds_this_epoch": 24.12837630137801}
{"event": "TRAIN", "epoch": 114, "cursor": 46976, "train_count": 120355, "steps": 106700, "loss": [0.11242259293794632, 0.023665957152843475, 0.08875663578510284], "lr": 0.0005, "grad_norm": 0.3304416537284851, "time": 1790357939.6138663, "seconds_this_epoch": 33.189412785694}
{"event": "TRAIN", "epoch": 114, "cursor": 59776, "train_count": 120355, "steps": 106800, "loss": [0.11044157296419144, 0.02095109410583973, 0.08949048072099686], "lr": 0.0005, "grad_norm": 0.49931201338768005, "time": 1790357948.1481395, "seconds_this_epoch": 41.72368614003062}
{"event": "TRAIN", "epoch": 114, "cursor": 72576, "train_count": 120355, "steps": 106900, "loss": [0.1182081326842308, 0.02054661512374878, 0.09766151756048203], "lr": 0.0005, "grad_norm": 0.3164643347263336, "time": 1790357956.7802422, "seconds_this_epoch": 50.355788545683026}
{"event": "TRAIN", "epoch": 114, "cursor": 85376, "train_count": 120355, "steps": 107000, "loss": [0.14709410071372986, 0.021522315219044685, 0.12557178735733032], "lr": 0.0005, "grad_norm": 0.38426071405410767, "time": 1790357965.3883002, "seconds_this_epoch": 58.963846983388066}
{"event": "TRAIN", "epoch": 114, "cursor": 98176, "train_count": 120355, "steps": 107100, "loss": [0.11874261498451233, 0.024068191647529602, 0.09467442333698273], "lr": 0.0005, "grad_norm": 0.3753798007965088, "time": 1790357973.9288223, "seconds_this_epoch": 67.5043686144054}
{"event": "TRAIN", "epoch": 114, "cursor": 110976, "train_count": 120355, "steps": 107200, "loss": [0.12034036219120026, 0.023472672328352928, 0.09686768800020218], "lr": 0.0005, "grad_norm": 0.4131125211715698, "time": 1790357982.4839315, "seconds_this_epoch": 76.05947754904628}
{"epoch": 114, "train": [0.12485634830720473, 0.02343981199142623, 0.10141653627903786], "val": [0.5911864748337723, 0.030424140587631827, 0.5607623381775866], "lr": 0.0005, "best_val": 0.53043719986189, "best_epoch": 33, "seconds": 83.87453510984778, "steps": 107274, "peak_memory_bytes": 3222636544, "time": 1790357990.2993352}
{"event": "TRAIN", "epoch": 115, "cursor": 3328, "train_count": 120355, "steps": 107300, "loss": [0.118158258497715, 0.02419971488416195, 0.0939585417509079], "lr": 0.0005, "grad_norm": 0.42227891087532043, "time": 1790357992.4311855, "seconds_this_epoch": 2.0461625419557095}
{"event": "TRAIN", "epoch": 115, "cursor": 16128, "train_count": 120355, "steps": 107400, "loss": [0.11368978768587112, 0.022854367271065712, 0.09083542227745056], "lr": 0.0005, "grad_norm": 0.3960219621658325, "time": 1790358000.900409, "seconds_this_epoch": 10.515385961160064}
{"event": "TRAIN", "epoch": 115, "cursor": 28928, "train_count": 120355, "steps": 107500, "loss": [0.12742199003696442, 0.021449605002999306, 0.10597237944602966], "lr": 0.0005, "grad_norm": 0.4898281395435333, "time": 1790358009.4404707, "seconds_this_epoch": 19.055447770282626}
{"event": "TRAIN", "epoch": 115, "cursor": 41728, "train_count": 120355, "steps": 107600, "loss": [0.12493624538183212, 0.021443111822009087, 0.10349313169717789], "lr": 0.0005, "grad_norm": 0.3551177382469177, "time": 1790358018.3336189, "seconds_this_epoch": 27.94859541580081}
{"event": "TRAIN", "epoch": 115, "cursor": 54528, "train_count": 120355, "steps": 107700, "loss": [0.14224658906459808, 0.02600240334868431, 0.11624418199062347], "lr": 0.0005, "grad_norm": 0.4397349953651428, "time": 1790358027.4275408, "seconds_this_epoch": 37.042518101632595}
{"event": "TRAIN", "epoch": 115, "cursor": 67328, "train_count": 120355, "steps": 107800, "loss": [0.19819281995296478, 0.02117002382874489, 0.1770227998495102], "lr": 0.0005, "grad_norm": 0.3157360255718231, "time": 1790358036.5894382, "seconds_this_epoch": 46.20441452972591}
{"event": "TRAIN", "epoch": 115, "cursor": 80128, "train_count": 120355, "steps": 107900, "loss": [0.10830944776535034, 0.02412177436053753, 0.08418767154216766], "lr": 0.0005, "grad_norm": 0.3140377104282379, "time": 1790358045.734035, "seconds_this_epoch": 55.349012076854706}
{"event": "TRAIN", "epoch": 115, "cursor": 92928, "train_count": 120355, "steps": 108000, "loss": [0.15615315735340118, 0.02344447933137417, 0.13270868360996246], "lr": 0.0005, "grad_norm": 0.5529102683067322, "time": 1790358054.7833383, "seconds_this_epoch": 64.39831531047821}
{"event": "TRAIN", "epoch": 115, "cursor": 105728, "train_count": 120355, "steps": 108100, "loss": [0.1319960653781891, 0.02518352121114731, 0.10681253671646118], "lr": 0.0005, "grad_norm": 0.3726213574409485, "time": 1790358063.8174918, "seconds_this_epoch": 73.43246853910387}
{"event": "TRAIN", "epoch": 115, "cursor": 118528, "train_count": 120355, "steps": 108200, "loss": [0.1335534006357193, 0.024031728506088257, 0.10952167212963104], "lr": 0.0005, "grad_norm": 0.34534820914268494, "time": 1790358072.7974818, "seconds_this_epoch": 82.41245822794735}
{"epoch": 115, "train": [0.12416012544961987, 0.023395428057941228, 0.10076469726741975], "val": [0.5888428620296504, 0.0303879664342203, 0.5584548937857169], "lr": 0.0005, "best_val": 0.53043719986189, "best_epoch": 33, "seconds": 84.99309630133212, "steps": 108215, "peak_memory_bytes": 3222636544, "time": 1790358075.3783698}
{"event": "TRAIN", "epoch": 116, "cursor": 10880, "train_count": 120355, "steps": 108300, "loss": [0.1200631707906723, 0.023012448102235794, 0.0970507264137268], "lr": 0.0005, "grad_norm": 0.4696618318557739, "time": 1790358083.0834715, "seconds_this_epoch": 7.621931731700897}
{"event": "TRAIN", "epoch": 116, "cursor": 23680, "train_count": 120355, "steps": 108400, "loss": [0.11029311269521713, 0.022949108853936195, 0.08734400570392609], "lr": 0.0005, "grad_norm": 0.44179776310920715, "time": 1790358092.3058205, "seconds_this_epoch": 16.84428060799837}
{"event": "TRAIN", "epoch": 116, "cursor": 36480, "train_count": 120355, "steps": 108500, "loss": [0.10898136347532272, 0.020699145272374153, 0.08828222006559372], "lr": 0.0005, "grad_norm": 0.30685940384864807, "time": 1790358101.2813408, "seconds_this_epoch": 25.819801069796085}
{"event": "TRAIN", "epoch": 116, "cursor": 49280, "train_count": 120355, "steps": 108600, "loss": [0.13313761353492737, 0.024735338985919952, 0.10840227454900742], "lr": 0.0005, "grad_norm": 0.3609541058540344, "time": 1790358109.9951506, "seconds_this_epoch": 34.533610271289945}
{"event": "TRAIN", "epoch": 116, "cursor": 62080, "train_count": 120355, "steps": 108700, "loss": [0.12334936857223511, 0.02348276600241661, 0.0998665988445282], "lr": 0.0005, "grad_norm": 0.364298015832901, "time": 1790358119.0296447, "seconds_this_epoch": 43.56810512021184}
{"event": "TRAIN", "epoch": 116, "cursor": 74880, "train_count": 120355, "steps": 108800, "loss": [0.11486545205116272, 0.024920422583818436, 0.08994502574205399], "lr": 0.0005, "grad_norm": 0.45493432879447937, "time": 1790358128.0759163, "seconds_this_epoch": 52.61437607370317}
{"event": "TRAIN", "epoch": 116, "cursor": 87680, "train_count": 120355, "steps": 108900, "loss": [0.13327878713607788, 0.024064118042588234, 0.1092146635055542], "lr": 0.0005, "grad_norm": 0.45814239978790283, "time": 1790358137.2253017, "seconds_this_epoch": 61.76376196555793}
{"event": "TRAIN", "epoch": 116, "cursor": 100480, "train_count": 120355, "steps": 109000, "loss": [0.11455021798610687, 0.024192597717046738, 0.09035762399435043], "lr": 0.0005, "grad_norm": 0.4553433954715729, "time": 1790358146.364935, "seconds_this_epoch": 70.90339533984661}
{"event": "TRAIN", "epoch": 116, "cursor": 113280, "train_count": 120355, "steps": 109100, "loss": [0.12382136285305023, 0.020419802516698837, 0.1034015566110611], "lr": 0.0005, "grad_norm": 0.29283201694488525, "time": 1790358155.3773532, "seconds_this_epoch": 79.91581359319389}
{"epoch": 116, "train": [0.1233763964815855, 0.02333704686213823, 0.10003934950905513], "val": [0.593018426782458, 0.03035516232350184, 0.5626632686221882], "lr": 0.0005, "best_val": 0.53043719986189, "best_epoch": 33, "seconds": 86.18501466326416, "steps": 109156, "peak_memory_bytes": 3222636544, "time": 1790358161.6468117}
{"event": "TRAIN", "epoch": 117, "cursor": 5632, "train_count": 120355, "steps": 109200, "loss": [0.1222405731678009, 0.023543495684862137, 0.09869707375764847], "lr": 0.0005, "grad_norm": 0.34067457914352417, "time": 1790358165.6685174, "seconds_this_epoch": 3.9378187637776136}
{"event": "TRAIN", "epoch": 117, "cursor": 18432, "train_count": 120355, "steps": 109300, "loss": [0.10940718650817871, 0.02203618735074997, 0.08737099915742874], "lr": 0.0005, "grad_norm": 0.44405561685562134, "time": 1790358174.7960038, "seconds_this_epoch": 13.065305136144161}
{"event": "TRAIN", "epoch": 117, "cursor": 31232, "train_count": 120355, "steps": 109400, "loss": [0.1252826601266861, 0.02555716410279274, 0.09972549229860306], "lr": 0.0005, "grad_norm": 0.7239944338798523, "time": 1790358183.5275025, "seconds_this_epoch": 21.79680448770523}
{"event": "TRAIN", "epoch": 117, "cursor": 44032, "train_count": 120355, "steps": 109500, "loss": [0.13468359410762787, 0.023758739233016968, 0.1109248548746109], "lr": 0.0005, "grad_norm": 0.42237672209739685, "time": 1790358192.197368, "seconds_this_epoch": 30.46666974388063}
{"event": "TRAIN", "epoch": 117, "cursor": 56832, "train_count": 120355, "steps": 109600, "loss": [0.13844893872737885, 0.023542825132608414, 0.11490610986948013], "lr": 0.0005, "grad_norm": 0.38153934478759766, "time": 1790358200.7090194, "seconds_this_epoch": 38.97832107171416}
{"event": "TRAIN", "epoch": 117, "cursor": 69632, "train_count": 120355, "steps": 109700, "loss": [0.12847444415092468, 0.025296391919255257, 0.10317804664373398], "lr": 0.0005, "grad_norm": 0.5245741009712219, "time": 1790358209.1776228, "seconds_this_epoch": 47.446924548596144}
{"event": "TRAIN", "epoch": 117, "cursor": 82432, "train_count": 120355, "steps": 109800, "loss": [0.1374436318874359, 0.027957934886217117, 0.1094856932759285], "lr": 0.0005, "grad_norm": 0.4114454388618469, "time": 1790358218.0439632, "seconds_this_epoch": 56.31326483003795}
{"event": "TRAIN", "epoch": 117, "cursor": 95232, "train_count": 120355, "steps": 109900, "loss": [0.12153176218271255, 0.02204476110637188, 0.09948699921369553], "lr": 0.0005, "grad_norm": 0.34115272760391235, "time": 1790358227.072026, "seconds_this_epoch": 65.34132758527994}
{"event": "TRAIN", "epoch": 117, "cursor": 108032, "train_count": 120355, "steps": 110000, "loss": [0.12177924066781998, 0.02317897044122219, 0.09860026836395264], "lr": 0.0005, "grad_norm": 0.333955854177475, "time": 1790358236.1460667, "seconds_this_epoch": 74.41536834090948}
{"epoch": 117, "train": [0.12282839371276424, 0.023304662084231934, 0.09952373165176218], "val": [0.5936721534455139, 0.030388683963242742, 0.5632834682341932], "lr": 0.0005, "best_val": 0.53043719986189, "best_epoch": 33, "seconds": 84.46014540828764, "steps": 110097, "peak_memory_bytes": 3222636544, "time": 1790358246.1912184}
{"event": "TRAIN", "epoch": 118, "cursor": 384, "train_count": 120355, "steps": 110100, "loss": [0.1233474463224411, 0.0214670579880476, 0.10188038647174835], "lr": 0.0005, "grad_norm": 0.5457945466041565, "time": 1790358246.5142086, "seconds_this_epoch": 0.23754865489900112}
{"event": "TRAIN", "epoch": 118, "cursor": 13184, "train_count": 120355, "steps": 110200, "loss": [0.12208814173936844, 0.027126125991344452, 0.09496201574802399], "lr": 0.0005, "grad_norm": 0.355145126581192, "time": 1790358255.5655317, "seconds_this_epoch": 9.288871699944139}
{"event": "TRAIN", "epoch": 118, "cursor": 25984, "train_count": 120355, "steps": 110300, "loss": [0.10084298253059387, 0.02172013744711876, 0.07912284880876541], "lr": 0.0005, "grad_norm": 0.33959633111953735, "time": 1790358264.6762407, "seconds_this_epoch": 18.399581022560596}
{"event": "TRAIN", "epoch": 118, "cursor": 38784, "train_count": 120355, "steps": 110400, "loss": [0.12558715045452118, 0.023751739412546158, 0.10183541476726532], "lr": 0.0005, "grad_norm": 0.4304494559764862, "time": 1790358273.5632367, "seconds_this_epoch": 27.2865769546479}
{"event": "TRAIN", "epoch": 118, "cursor": 51584, "train_count": 120355, "steps": 110500, "loss": [0.12809807062149048, 0.02231026440858841, 0.10578779876232147], "lr": 0.0005, "grad_norm": 0.4985525906085968, "time": 1790358282.5323005, "seconds_this_epoch": 36.255641056224704}
{"event": "TRAIN", "epoch": 118, "cursor": 64384, "train_count": 120355, "steps": 110600, "loss": [0.11679898947477341, 0.02400439791381359, 0.09279458969831467], "lr": 0.0005, "grad_norm": 0.3478255271911621, "time": 1790358291.41917, "seconds_this_epoch": 45.14250981807709}
{"event": "TRAIN", "epoch": 118, "cursor": 77184, "train_count": 120355, "steps": 110700, "loss": [0.12116667628288269, 0.023290203884243965, 0.09787647426128387], "lr": 0.0005, "grad_norm": 0.40327492356300354, "time": 1790358300.4415095, "seconds_this_epoch": 54.164849461987615}
{"event": "TRAIN", "epoch": 118, "cursor": 89984, "train_count": 120355, "steps": 110800, "loss": [0.13329724967479706, 0.02620500512421131, 0.1070922389626503], "lr": 0.0005, "grad_norm": 0.5616896748542786, "time": 1790358309.3601582, "seconds_this_epoch": 63.08349819481373}
{"event": "TRAIN", "epoch": 118, "cursor": 102784, "train_count": 120355, "steps": 110900, "loss": [0.10844914615154266, 0.021536456421017647, 0.08691269159317017], "lr": 0.0005, "grad_norm": 0.31057658791542053, "time": 1790358318.444355, "seconds_this_epoch": 72.16769511438906}
{"event": "TRAIN", "epoch": 118, "cursor": 115584, "train_count": 120355, "steps": 111000, "loss": [0.12019342184066772, 0.025195473805069923, 0.09499794989824295], "lr": 0.0005, "grad_norm": 0.5009416937828064, "time": 1790358327.5145605, "seconds_this_epoch": 81.23790032975376}
{"epoch": 118, "train": [0.12271864763768063, 0.023283444917355893, 0.09943520272086641], "val": [0.5974169378682878, 0.030402893243419386, 0.5670140495993511], "lr": 0.0005, "best_val": 0.53043719986189, "best_epoch": 33, "seconds": 85.96939362213016, "steps": 111038, "peak_memory_bytes": 3222636544, "time": 1790358332.2464073}
{"event": "TRAIN", "epoch": 119, "cursor": 7936, "train_count": 120355, "steps": 111100, "loss": [0.12173402309417725, 0.022060103714466095, 0.09967391937971115], "lr": 0.0005, "grad_norm": 0.541646420955658, "time": 1790358337.889964, "seconds_this_epoch": 5.558418586850166}
{"event": "TRAIN", "epoch": 119, "cursor": 20736, "train_count": 120355, "steps": 111200, "loss": [0.11683761328458786, 0.021677544340491295, 0.09516006708145142], "lr": 0.0005, "grad_norm": 0.4027954041957855, "time": 1790358347.1319087, "seconds_this_epoch": 14.800362762063742}
{"event": "TRAIN", "epoch": 119, "cursor": 33536, "train_count": 120355, "steps": 111300, "loss": [0.13280001282691956, 0.022342350333929062, 0.11045766621828079], "lr": 0.0005, "grad_norm": 0.37279531359672546, "time": 1790358356.0380278, "seconds_this_epoch": 23.706482339650393}
{"event": "TRAIN", "epoch": 119, "cursor": 46336, "train_count": 120355, "steps": 111400, "loss": [0.13325235247612, 0.02370387874543667, 0.10954847931861877], "lr": 0.0005, "grad_norm": 0.6511067152023315, "time": 1790358365.1620958, "seconds_this_epoch": 32.830550068989396}
{"event": "TRAIN", "epoch": 119, "cursor": 59136, "train_count": 120355, "steps": 111500, "loss": [0.12375762313604355, 0.026584206148982048, 0.09717341512441635], "lr": 0.0005, "grad_norm": 0.3829308748245239, "time": 1790358374.1574888, "seconds_this_epoch": 41.82594366185367}
{"event": "TRAIN", "epoch": 119, "cursor": 71936, "train_count": 120355, "steps": 111600, "loss": [0.12554337084293365, 0.024275628849864006, 0.1012677475810051], "lr": 0.0005, "grad_norm": 0.5069112181663513, "time": 1790358383.1612175, "seconds_this_epoch": 50.82967245206237}
{"event": "TRAIN", "epoch": 119, "cursor": 84736, "train_count": 120355, "steps": 111700, "loss": [0.1343899369239807, 0.022820327430963516, 0.1115696057677269], "lr": 0.0005, "grad_norm": 0.4229772090911865, "time": 1790358392.0435634, "seconds_this_epoch": 59.712017733603716}
{"event": "TRAIN", "epoch": 119, "cursor": 97536, "train_count": 120355, "steps": 111800, "loss": [0.11902885138988495, 0.022780336439609528, 0.09624851495027542], "lr": 0.0005, "grad_norm": 0.44866183400154114, "time": 1790358400.593014, "seconds_this_epoch": 68.26146861724555}
{"event": "TRAIN", "epoch": 119, "cursor": 110336, "train_count": 120355, "steps": 111900, "loss": [0.11523693054914474, 0.020542332902550697, 0.0946945995092392], "lr": 0.0005, "grad_norm": 0.3686181604862213, "time": 1790358409.199554, "seconds_this_epoch": 76.86800887808204}
{"epoch": 119, "train": [0.12247365126284529, 0.023228617447987213, 0.09924503372625648], "val": [0.5950103670474551, 0.030418189046912802, 0.5645921732043564], "lr": 0.0005, "best_val": 0.53043719986189, "best_epoch": 33, "seconds": 84.75899613276124, "steps": 111979, "peak_memory_bytes": 3222636544, "time": 1790358417.0907905}
{"event": "TRAIN", "epoch": 120, "cursor": 2688, "train_count": 120355, "steps": 112000, "loss": [0.11814966797828674, 0.02459096536040306, 0.09355870634317398], "lr": 0.0005, "grad_norm": 0.4454532563686371, "time": 1790358418.8196096, "seconds_this_epoch": 1.6449123360216618}
{"event": "TRAIN", "epoch": 120, "cursor": 15488, "train_count": 120355, "steps": 112100, "loss": [0.11861173808574677, 0.023323258385062218, 0.0952884778380394], "lr": 0.0005, "grad_norm": 0.7867066860198975, "time": 1790358427.3417277, "seconds_this_epoch": 10.167030744254589}
{"event": "TRAIN", "epoch": 120, "cursor": 28288, "train_count": 120355, "steps": 112200, "loss": [0.12168010324239731, 0.02397780306637287, 0.09770230203866959], "lr": 0.0005, "grad_norm": 0.36122557520866394, "time": 1790358435.9547064, "seconds_this_epoch": 18.780009888112545}
{"event": "TRAIN", "epoch": 120, "cursor": 41088, "train_count": 120355, "steps": 112300, "loss": [0.12874464690685272, 0.02368220128118992, 0.10506244003772736], "lr": 0.0005, "grad_norm": 0.34928467869758606, "time": 1790358445.0611372, "seconds_this_epoch": 27.886440347880125}
{"event": "TRAIN", "epoch": 120, "cursor": 53888, "train_count": 120355, "steps": 112400, "loss": [0.11401256918907166, 0.021765101701021194, 0.09224747121334076], "lr": 0.0005, "grad_norm": 0.37793681025505066, "time": 1790358454.045227, "seconds_this_epoch": 36.87052973918617}
{"event": "TRAIN", "epoch": 120, "cursor": 66688, "train_count": 120355, "steps": 112500, "loss": [0.12954290211200714, 0.0257591400295496, 0.1037837564945221], "lr": 0.0005, "grad_norm": 0.40297502279281616, "time": 1790358463.1282127, "seconds_this_epoch": 45.95351598225534}
{"event": "TRAIN", "epoch": 120, "cursor": 79488, "train_count": 120355, "steps": 112600, "loss": [0.12352269142866135, 0.022417031228542328, 0.10110566020011902], "lr": 0.0005, "grad_norm": 0.30528903007507324, "time": 1790358472.184472, "seconds_this_epoch": 55.00977482832968}
{"event": "TRAIN", "epoch": 120, "cursor": 92288, "train_count": 120355, "steps": 112700, "loss": [0.1157572939991951, 0.02117481827735901, 0.09458247572183609], "lr": 0.0005, "grad_norm": 0.32941293716430664, "time": 1790358481.186088, "seconds_this_epoch": 64.01139126718044}
{"event": "TRAIN", "epoch": 120, "cursor": 105088, "train_count": 120355, "steps": 112800, "loss": [0.1222412958741188, 0.022884579375386238, 0.09935671836137772], "lr": 0.0005, "grad_norm": 0.36603960394859314, "time": 1790358490.2934582, "seconds_this_epoch": 73.11876146681607}
{"event": "TRAIN", "epoch": 120, "cursor": 117888, "train_count": 120355, "steps": 112900, "loss": [0.12863680720329285, 0.024546993896365166, 0.10408981889486313], "lr": 0.0005, "grad_norm": 0.47320356965065, "time": 1790358499.349564, "seconds_this_epoch": 82.1748668719083}
{"epoch": 120, "train": [0.12188073144964483, 0.023171906400761177, 0.09870882511713394], "val": [0.5965542985121361, 0.030364134418297557, 0.566190164530666], "lr": 0.0005, "best_val": 0.53043719986189, "best_epoch": 33, "seconds": 85.23507978022099, "steps": 112920, "peak_memory_bytes": 3222636544, "time": 1790358502.4100223}
{"event": "TRAIN", "epoch": 121, "cursor": 10240, "train_count": 120355, "steps": 113000, "loss": [0.12857747077941895, 0.024092048406600952, 0.104485422372818], "lr": 0.0005, "grad_norm": 0.7727801203727722, "time": 1790358509.6748085, "seconds_this_epoch": 7.18207661062479}
{"event": "TRAIN", "epoch": 121, "cursor": 23040, "train_count": 120355, "steps": 113100, "loss": [0.12342630326747894, 0.02310490608215332, 0.10032139718532562], "lr": 0.0005, "grad_norm": 0.5552040934562683, "time": 1790358518.856012, "seconds_this_epoch": 16.36328113079071}
{"event": "TRAIN", "epoch": 121, "cursor": 35840, "train_count": 120355, "steps": 113200, "loss": [0.13315312564373016, 0.022434446960687637, 0.11071868240833282], "lr": 0.0005, "grad_norm": 0.35349002480506897, "time": 1790358527.9136658, "seconds_this_epoch": 25.420934027060866}
{"event": "TRAIN", "epoch": 121, "cursor": 48640, "train_count": 120355, "steps": 113300, "loss": [0.10749415308237076, 0.01981564797461033, 0.08767850697040558], "lr": 0.0005, "grad_norm": 0.3792392313480377, "time": 1790358537.0649054, "seconds_this_epoch": 34.57217376306653}
{"event": "TRAIN", "epoch": 121, "cursor": 61440, "train_count": 120355, "steps": 113400, "loss": [0.12141923606395721, 0.022877920418977737, 0.09854131937026978], "lr": 0.0005, "grad_norm": 0.3806174397468567, "time": 1790358546.097683, "seconds_this_epoch": 43.60495104268193}
{"event": "TRAIN", "epoch": 121, "cursor": 74240, "train_count": 120355, "steps": 113500, "loss": [0.11975893378257751, 0.022630983963608742, 0.09712795168161392], "lr": 0.0005, "grad_norm": 0.38487502932548523, "time": 1790358555.1967814, "seconds_this_epoch": 52.70404929667711}
{"event": "TRAIN", "epoch": 121, "cursor": 87040, "train_count": 120355, "steps": 113600, "loss": [0.12354877591133118, 0.021682193502783775, 0.10186658054590225], "lr": 0.0005, "grad_norm": 0.35418644547462463, "time": 1790358564.2571833, "seconds_this_epoch": 61.764451671391726}
{"event": "TRAIN", "epoch": 121, "cursor": 99840, "train_count": 120355, "steps": 113700, "loss": [0.10678321868181229, 0.020636364817619324, 0.08614685386419296], "lr": 0.0005, "grad_norm": 0.39763766527175903, "time": 1790358572.979483, "seconds_this_epoch": 70.48675082810223}
{"event": "TRAIN", "epoch": 121, "cursor": 112640, "train_count": 120355, "steps": 113800, "loss": [0.11490213871002197, 0.025178035721182823, 0.089724101126194], "lr": 0.0005, "grad_norm": 0.4438071846961975, "time": 1790358581.5135086, "seconds_this_epoch": 79.020777028054}
{"epoch": 121, "train": [0.12109000066529035, 0.023146991897192545, 0.09794300891810918], "val": [0.5966694939824732, 0.03057784078330149, 0.566091644738985], "lr": 0.0005, "best_val": 0.53043719986189, "best_epoch": 33, "seconds": 85.85704849101603, "steps": 113861, "peak_memory_bytes": 3222636544, "time": 1790358588.3502316}
{"event": "TRAIN", "epoch": 122, "cursor": 4992, "train_count": 120355, "steps": 113900, "loss": [0.12398957461118698, 0.027083203196525574, 0.09690637141466141], "lr": 0.0005, "grad_norm": 0.3817589282989502, "time": 1790358591.8123837, "seconds_this_epoch": 3.3767024390399456}
{"event": "TRAIN", "epoch": 122, "cursor": 17792, "train_count": 120355, "steps": 114000, "loss": [0.1202872097492218, 0.022848693653941154, 0.0974385142326355], "lr": 0.0005, "grad_norm": 0.46629807353019714, "time": 1790358600.8555756, "seconds_this_epoch": 12.419893810525537}
{"event": "TRAIN", "epoch": 122, "cursor": 30592, "train_count": 120355, "steps": 114100, "loss": [0.10376489907503128, 0.022988295182585716, 0.08077660202980042], "lr": 0.0005, "grad_norm": 0.3057703375816345, "time": 1790358610.0273123, "seconds_this_epoch": 21.591630978509784}
{"event": "TRAIN", "epoch": 122, "cursor": 43392, "train_count": 120355, "steps": 114200, "loss": [0.12020229548215866, 0.022180570289492607, 0.0980217233300209], "lr": 0.0005, "grad_norm": 0.3832969665527344, "time": 1790358619.082084, "seconds_this_epoch": 30.646403092890978}
{"event": "TRAIN", "epoch": 122, "cursor": 56192, "train_count": 120355, "steps": 114300, "loss": [0.1296461969614029, 0.021884996443986893, 0.1077611967921257], "lr": 0.0005, "grad_norm": 0.5892616510391235, "time": 1790358627.8593297, "seconds_this_epoch": 39.42364804632962}
{"event": "TRAIN", "epoch": 122, "cursor": 68992, "train_count": 120355, "steps": 114400, "loss": [0.11399969458580017, 0.021328482776880264, 0.09267120808362961], "lr": 0.0005, "grad_norm": 0.5909005999565125, "time": 1790358636.4217064, "seconds_this_epoch": 47.98602569103241}
{"event": "TRAIN", "epoch": 122, "cursor": 81792, "train_count": 120355, "steps": 114500, "loss": [0.11426371335983276, 0.023947348818182945, 0.09031636267900467], "lr": 0.0005, "grad_norm": 0.4193318784236908, "time": 1790358644.9605992, "seconds_this_epoch": 56.524917747825384}
{"event": "TRAIN", "epoch": 122, "cursor": 94592, "train_count": 120355, "steps": 114600, "loss": [0.1234428659081459, 0.024446867406368256, 0.09899599850177765], "lr": 0.0005, "grad_norm": 0.37137022614479065, "time": 1790358653.4091341, "seconds_this_epoch": 64.97345277108252}
{"event": "TRAIN", "epoch": 122, "cursor": 107392, "train_count": 120355, "steps": 114700, "loss": [0.12281057983636856, 0.020923234522342682, 0.10188734531402588], "lr": 0.0005, "grad_norm": 0.44919273257255554, "time": 1790358661.9459207, "seconds_this_epoch": 73.51023932732642}
{"event": "TRAIN", "epoch": 122, "cursor": 120192, "train_count": 120355, "steps": 114800, "loss": [0.12805192172527313, 0.02336922101676464, 0.10468269884586334], "lr": 0.0005, "grad_norm": 0.40827178955078125, "time": 1790358670.4450562, "seconds_this_epoch": 82.00937476940453}
{"epoch": 122, "train": [0.12073437569482708, 0.02311535988023599, 0.09761901578379333], "val": [0.593481118722551, 0.03034576383173341, 0.5631353533842091], "lr": 0.0005, "best_val": 0.53043719986189, "best_epoch": 33, "seconds": 83.40295447036624, "steps": 114802, "peak_memory_bytes": 3222636544, "time": 1790358671.8389006}
{"event": "TRAIN", "epoch": 123, "cursor": 12544, "train_count": 120355, "steps": 114900, "loss": [0.12135881930589676, 0.021029679104685783, 0.10032913833856583], "lr": 0.0005, "grad_norm": 0.519102931022644, "time": 1790358680.136985, "seconds_this_epoch": 8.213028436526656}
{"event": "TRAIN", "epoch": 123, "cursor": 25344, "train_count": 120355, "steps": 115000, "loss": [0.12180585414171219, 0.02278020977973938, 0.09902564436197281], "lr": 0.0005, "grad_norm": 0.3955199718475342, "time": 1790358688.6714323, "seconds_this_epoch": 16.747475439682603}
{"event": "TRAIN", "epoch": 123, "cursor": 38144, "train_count": 120355, "steps": 115100, "loss": [0.10314730554819107, 0.02274259179830551, 0.08040471374988556], "lr": 0.0005, "grad_norm": 0.38799774646759033, "time": 1790358697.2411966, "seconds_this_epoch": 25.317239850759506}
{"event": "TRAIN", "epoch": 123, "cursor": 50944, "train_count": 120355, "steps": 115200, "loss": [0.12339718639850616, 0.025259362533688545, 0.09813782572746277], "lr": 0.0005, "grad_norm": 0.3565850555896759, "time": 1790358706.0833826, "seconds_this_epoch": 34.159426188096404}
{"event": "TRAIN", "epoch": 123, "cursor": 63744, "train_count": 120355, "steps": 115300, "loss": [0.1088676005601883, 0.021452926099300385, 0.08741467446088791], "lr": 0.0005, "grad_norm": 0.4875337779521942, "time": 1790358715.139536, "seconds_this_epoch": 43.21557926572859}
{"event": "TRAIN", "epoch": 123, "cursor": 76544, "train_count": 120355, "steps": 115400, "loss": [0.11704126745462418, 0.024941900745034218, 0.09209936857223511], "lr": 0.0005, "grad_norm": 0.369819313287735, "time": 1790358724.160164, "seconds_this_epoch": 52.23620722070336}
{"event": "TRAIN", "epoch": 123, "cursor": 89344, "train_count": 120355, "steps": 115500, "loss": [0.12257086485624313, 0.02107556164264679, 0.10149530321359634], "lr": 0.0005, "grad_norm": 0.3883289098739624, "time": 1790358733.1956208, "seconds_this_epoch": 61.27166463248432}
{"event": "TRAIN", "epoch": 123, "cursor": 102144, "train_count": 120355, "steps": 115600, "loss": [0.11859522759914398, 0.024249855428934097, 0.09434536844491959], "lr": 0.0005, "grad_norm": 0.3389310836791992, "time": 1790358742.2284622, "seconds_this_epoch": 70.3045061212033}
{"event": "TRAIN", "epoch": 123, "cursor": 114944, "train_count": 120355, "steps": 115700, "loss": [0.11078819632530212, 0.021819649264216423, 0.08896854519844055], "lr": 0.0005, "grad_norm": 0.3281482458114624, "time": 1790358751.2537327, "seconds_this_epoch": 79.32977616228163}
{"epoch": 123, "train": [0.1212671390068476, 0.023125187365570274, 0.09814195173221583], "val": [0.5935646818670511, 0.030394412927059865, 0.5631702687616944], "lr": 0.0005, "best_val": 0.53043719986189, "best_epoch": 33, "seconds": 84.46744507737458, "steps": 115743, "peak_memory_bytes": 3222636544, "time": 1790358756.3916833}
{"event": "TRAIN", "epoch": 124, "cursor": 7296, "train_count": 120355, "steps": 115800, "loss": [0.12026427686214447, 0.02155827358365059, 0.09870600700378418], "lr": 0.0005, "grad_norm": 0.6707249283790588, "time": 1790358761.6009326, "seconds_this_epoch": 5.12524070776999}
{"event": "TRAIN", "epoch": 124, "cursor": 20096, "train_count": 120355, "steps": 115900, "loss": [0.12138068675994873, 0.022173235192894936, 0.09920745342969894], "lr": 0.0005, "grad_norm": 0.3660903573036194, "time": 1790358770.6404295, "seconds_this_epoch": 14.164737856015563}
{"event": "TRAIN", "epoch": 124, "cursor": 32896, "train_count": 120355, "steps": 116000, "loss": [0.12845930457115173, 0.023579129949212074, 0.10488017648458481], "lr": 0.0005, "grad_norm": 0.5071824193000793, "time": 1790358779.639006, "seconds_this_epoch": 23.16331420466304}
{"event": "TRAIN", "epoch": 124, "cursor": 45696, "train_count": 120355, "steps": 116100, "loss": [0.11606749892234802, 0.023858647793531418, 0.0922088548541069], "lr": 0.0005, "grad_norm": 0.4232276380062103, "time": 1790358788.6889114, "seconds_this_epoch": 32.213219402357936}
{"event": "TRAIN", "epoch": 124, "cursor": 58496, "train_count": 120355, "steps": 116200, "loss": [0.1272953897714615, 0.021698420867323875, 0.10559697449207306], "lr": 0.0005, "grad_norm": 0.355252742767334, "time": 1790358797.6455019, "seconds_this_epoch": 41.16981008090079}
{"event": "TRAIN", "epoch": 124, "cursor": 71296, "train_count": 120355, "steps": 116300, "loss": [0.11601005494594574, 0.022399092093110085, 0.0936109647154808], "lr": 0.0005, "grad_norm": 0.37939250469207764, "time": 1790358806.657674, "seconds_this_epoch": 50.18198229558766}
{"event": "TRAIN", "epoch": 124, "cursor": 84096, "train_count": 120355, "steps": 116400, "loss": [0.12670178711414337, 0.022760387510061264, 0.1039414033293724], "lr": 0.0005, "grad_norm": 0.43003299832344055, "time": 1790358815.739975, "seconds_this_epoch": 59.26428281515837}
{"event": "TRAIN", "epoch": 124, "cursor": 96896, "train_count": 120355, "steps": 116500, "loss": [0.1238081082701683, 0.023273341357707977, 0.10053476691246033], "lr": 0.0005, "grad_norm": 0.5629130005836487, "time": 1790358824.8627064, "seconds_this_epoch": 68.38701494410634}
{"event": "TRAIN", "epoch": 124, "cursor": 109696, "train_count": 120355, "steps": 116600, "loss": [0.12627153098583221, 0.022119147703051567, 0.1041523888707161], "lr": 0.0005, "grad_norm": 0.35719433426856995, "time": 1790358833.8314984, "seconds_this_epoch": 77.35580680705607}
{"epoch": 124, "train": [0.12058490434031083, 0.02307255576760076, 0.09751234864852826], "val": [0.5980445989548286, 0.030371620551291036, 0.5676729790008321], "lr": 0.0005, "best_val": 0.53043719986189, "best_epoch": 33, "seconds": 86.23683354072273, "steps": 116684, "peak_memory_bytes": 3222636544, "time": 1790358842.7127702}
{"event": "TRAIN", "epoch": 125, "cursor": 2048, "train_count": 120355, "steps": 116700, "loss": [0.11949191987514496, 0.023146668449044228, 0.09634525328874588], "lr": 0.0005, "grad_norm": 0.3378957211971283, "time": 1790358844.0985134, "seconds_this_epoch": 1.3024915773421526}
{"event": "TRAIN", "epoch": 125, "cursor": 14848, "train_count": 120355, "steps": 116800, "loss": [0.11130690574645996, 0.023343153297901154, 0.08796375244855881], "lr": 0.0005, "grad_norm": 0.41560062766075134, "time": 1790358852.7852123, "seconds_this_epoch": 9.989190878346562}
{"event": "TRAIN", "epoch": 125, "cursor": 27648, "train_count": 120355, "steps": 116900, "loss": [0.11711476743221283, 0.02332715131342411, 0.09378761798143387], "lr": 0.0005, "grad_norm": 0.44964757561683655, "time": 1790358861.8474631, "seconds_this_epoch": 19.05144166573882}
{"event": "TRAIN", "epoch": 125, "cursor": 40448, "train_count": 120355, "steps": 117000, "loss": [0.12031079828739166, 0.024669643491506577, 0.09564115852117538], "lr": 0.0005, "grad_norm": 0.34510934352874756, "time": 1790358870.7373078, "seconds_this_epoch": 27.94128628447652}
{"event": "TRAIN", "epoch": 125, "cursor": 53248, "train_count": 120355, "steps": 117100, "loss": [0.10130233317613602, 0.02179691009223461, 0.07950542122125626], "lr": 0.0005, "grad_norm": 0.38447901606559753, "time": 1790358879.8405445, "seconds_this_epoch": 37.0445226803422}
{"event": "TRAIN", "epoch": 125, "cursor": 66048, "train_count": 120355, "steps": 117200, "loss": [0.11653436720371246, 0.02260025218129158, 0.09393411874771118], "lr": 0.0005, "grad_norm": 0.3315461575984955, "time": 1790358888.4894474, "seconds_this_epoch": 45.69342587329447}
{"event": "TRAIN", "epoch": 125, "cursor": 78848, "train_count": 120355, "steps": 117300, "loss": [0.11927292495965958, 0.0267433300614357, 0.09252959489822388], "lr": 0.0005, "grad_norm": 0.3711656332015991, "time": 1790358896.986228, "seconds_this_epoch": 54.19020676240325}
{"event": "TRAIN", "epoch": 125, "cursor": 91648, "train_count": 120355, "steps": 117400, "loss": [0.11611783504486084, 0.025135546922683716, 0.09098228812217712], "lr": 0.0005, "grad_norm": 0.42559269070625305, "time": 1790358905.5281785, "seconds_this_epoch": 62.7321568056941}
{"event": "TRAIN", "epoch": 125, "cursor": 104448, "train_count": 120355, "steps": 117500, "loss": [0.11345922946929932, 0.02228204533457756, 0.09117718786001205], "lr": 0.0005, "grad_norm": 0.36940839886665344, "time": 1790358914.0197074, "seconds_this_epoch": 71.2236858624965}
{"event": "TRAIN", "epoch": 125, "cursor": 117248, "train_count": 120355, "steps": 117600, "loss": [0.123775415122509, 0.021570002660155296, 0.10220541059970856], "lr": 0.0005, "grad_norm": 0.43057680130004883, "time": 1790358922.550817, "seconds_this_epoch": 79.75479566678405}
{"epoch": 125, "train": [0.1198443721441128, 0.023017136666170532, 0.09682723549631259], "val": [0.5979884729890312, 0.030369104523876988, 0.5676193672349058], "lr": 0.0005, "best_val": 0.53043719986189, "best_epoch": 33, "seconds": 83.07955273799598, "steps": 117625, "peak_memory_bytes": 3222636544, "time": 1790358925.8758206}
{"event": "TRAIN", "epoch": 126, "cursor": 9600, "train_count": 120355, "steps": 117700, "loss": [0.11798407137393951, 0.02207658812403679, 0.09590748697519302], "lr": 0.0005, "grad_norm": 0.5570735931396484, "time": 1790358932.2587278, "seconds_this_epoch": 6.299767909571528}
{"event": "TRAIN", "epoch": 126, "cursor": 22400, "train_count": 120355, "steps": 117800, "loss": [0.12010267376899719, 0.02190382406115532, 0.09819884598255157], "lr": 0.0005, "grad_norm": 0.6805981993675232, "time": 1790358940.8912227, "seconds_this_epoch": 14.932262156158686}
{"event": "TRAIN", "epoch": 126, "cursor": 35200, "train_count": 120355, "steps": 117900, "loss": [0.11544597148895264, 0.02104572393000126, 0.09440024942159653], "lr": 0.0005, "grad_norm": 0.3796452581882477, "time": 1790358949.9230204, "seconds_this_epoch": 23.964059935882688}
{"event": "TRAIN", "epoch": 126, "cursor": 48000, "train_count": 120355, "steps": 118000, "loss": [0.12532129883766174, 0.023992793634533882, 0.10132849961519241], "lr": 0.0005, "grad_norm": 0.41559118032455444, "time": 1790358959.102156, "seconds_this_epoch": 33.14319602958858}
{"event": "TRAIN", "epoch": 126, "cursor": 60800, "train_count": 120355, "steps": 118100, "loss": [0.12160493433475494, 0.02233089692890644, 0.09927403926849365], "lr": 0.0005, "grad_norm": 0.45342740416526794, "time": 1790358968.227623, "seconds_this_epoch": 42.26866281963885}
{"event": "TRAIN", "epoch": 126, "cursor": 73600, "train_count": 120355, "steps": 118200, "loss": [0.13490892946720123, 0.025000978261232376, 0.10990795493125916], "lr": 0.0005, "grad_norm": 0.3757346272468567, "time": 1790358976.8367314, "seconds_this_epoch": 50.87777061574161}
{"event": "TRAIN", "epoch": 126, "cursor": 86400, "train_count": 120355, "steps": 118300, "loss": [0.1093621551990509, 0.02243107557296753, 0.08693107962608337], "lr": 0.0005, "grad_norm": 0.38834890723228455, "time": 1790358985.2627387, "seconds_this_epoch": 59.30377844721079}
{"event": "TRAIN", "epoch": 126, "cursor": 99200, "train_count": 120355, "steps": 118400, "loss": [0.11104300618171692, 0.023366320878267288, 0.08767668157815933], "lr": 0.0005, "grad_norm": 0.4126622974872589, "time": 1790358993.8410747, "seconds_this_epoch": 67.8821141757071}
{"event": "TRAIN", "epoch": 126, "cursor": 112000, "train_count": 120355, "steps": 118500, "loss": [0.1226062923669815, 0.02129318378865719, 0.10131310671567917], "lr": 0.0005, "grad_norm": 0.48978495597839355, "time": 1790359002.3521924, "seconds_this_epoch": 76.39323259145021}
{"epoch": 126, "train": [0.11940910673662472, 0.02296127415189076, 0.09644783264704138], "val": [0.5974998951600121, 0.03033720432481757, 0.5671626886064836], "lr": 0.0005, "best_val": 0.53043719986189, "best_epoch": 33, "seconds": 83.20350335910916, "steps": 118566, "peak_memory_bytes": 3222636544, "time": 1790359009.1627028}
{"event": "TRAIN", "epoch": 127, "cursor": 4352, "train_count": 120355, "steps": 118600, "loss": [0.11962609738111496, 0.023976914584636688, 0.09564918279647827], "lr": 0.0005, "grad_norm": 0.5107637047767639, "time": 1790359012.0090427, "seconds_this_epoch": 2.7629179693758488}
{"event": "TRAIN", "epoch": 127, "cursor": 17152, "train_count": 120355, "steps": 118700, "loss": [0.10157426446676254, 0.020948998630046844, 0.0806252658367157], "lr": 0.0005, "grad_norm": 0.27716922760009766, "time": 1790359020.4905598, "seconds_this_epoch": 11.24443562142551}
{"event": "TRAIN", "epoch": 127, "cursor": 29952, "train_count": 120355, "steps": 118800, "loss": [0.1130375936627388, 0.023018257692456245, 0.0900193378329277], "lr": 0.0005, "grad_norm": 0.37260863184928894, "time": 1790359029.1178954, "seconds_this_epoch": 19.87177089229226}
{"event": "TRAIN", "epoch": 127, "cursor": 42752, "train_count": 120355, "steps": 118900, "loss": [0.11627032607793808, 0.024508288130164146, 0.09176203608512878], "lr": 0.0005, "grad_norm": 0.44550764560699463, "time": 1790359037.6486716, "seconds_this_epoch": 28.402547074481845}
{"event": "TRAIN", "epoch": 127, "cursor": 55552, "train_count": 120355, "steps": 119000, "loss": [0.12227816879749298, 0.023323042318224907, 0.09895512461662292], "lr": 0.0005, "grad_norm": 0.5292581915855408, "time": 1790359046.0773904, "seconds_this_epoch": 36.83126557804644}
{"event": "TRAIN", "epoch": 127, "cursor": 68352, "train_count": 120355, "steps": 119100, "loss": [0.12617099285125732, 0.02316700667142868, 0.10300398617982864], "lr": 0.0005, "grad_norm": 0.3559744954109192, "time": 1790359054.559748, "seconds_this_epoch": 45.313623225316405}
{"event": "TRAIN", "epoch": 127, "cursor": 81152, "train_count": 120355, "steps": 119200, "loss": [0.1299021691083908, 0.026235099881887436, 0.10366707295179367], "lr": 0.0005, "grad_norm": 0.45076438784599304, "time": 1790359063.099155, "seconds_this_epoch": 53.853030655533075}
{"event": "TRAIN", "epoch": 127, "cursor": 93952, "train_count": 120355, "steps": 119300, "loss": [0.10397503525018692, 0.02324787713587284, 0.08072715997695923], "lr": 0.0005, "grad_norm": 0.3372567594051361, "time": 1790359071.5178092, "seconds_this_epoch": 62.271684190258384}
{"event": "TRAIN", "epoch": 127, "cursor": 106752, "train_count": 120355, "steps": 119400, "loss": [0.12898069620132446, 0.025836333632469177, 0.10314437001943588], "lr": 0.0005, "grad_norm": 0.38305777311325073, "time": 1790359080.0211587, "seconds_this_epoch": 70.77503436990082}
{"event": "TRAIN", "epoch": 127, "cursor": 119552, "train_count": 120355, "steps": 119500, "loss": [0.12178494781255722, 0.024647502228617668, 0.0971374437212944], "lr": 0.0005, "grad_norm": 0.4391350746154785, "time": 1790359088.4929976, "seconds_this_epoch": 79.2468729019165}
{"epoch": 127, "train": [0.11920114290828912, 0.022957858974266113, 0.09624328410294637], "val": [0.6028079773685798, 0.030469710932782123, 0.5723382664268829], "lr": 0.0005, "best_val": 0.53043719986189, "best_epoch": 33, "seconds": 81.04344404675066, "steps": 119507, "peak_memory_bytes": 3222636544, "time": 1790359090.289811}
{"event": "TRAIN", "epoch": 128, "cursor": 11904, "train_count": 120355, "steps": 119600, "loss": [0.12296561896800995, 0.021194500848650932, 0.10177111625671387], "lr": 0.0005, "grad_norm": 0.4296256899833679, "time": 1790359098.1939983, "seconds_this_epoch": 7.820462293922901}
{"event": "TRAIN", "epoch": 128, "cursor": 24704, "train_count": 120355, "steps": 119700, "loss": [0.11482065916061401, 0.023641806095838547, 0.09117884933948517], "lr": 0.0005, "grad_norm": 0.4975990653038025, "time": 1790359106.2492583, "seconds_this_epoch": 15.875721510499716}
{"event": "TRAIN", "epoch": 128, "cursor": 37504, "train_count": 120355, "steps": 119800, "loss": [0.10561797767877579, 0.020285308361053467, 0.08533266931772232], "lr": 0.0005, "grad_norm": 0.3782697319984436, "time": 1790359114.01403, "seconds_this_epoch": 23.640493467450142}
{"event": "TRAIN", "epoch": 128, "cursor": 50304, "train_count": 120355, "steps": 119900, "loss": [0.10897301137447357, 0.0204752366989851, 0.08849777281284332], "lr": 0.0005, "grad_norm": 0.3282341957092285, "time": 1790359123.0615406, "seconds_this_epoch": 32.68800451979041}
{"event": "TRAIN", "epoch": 128, "cursor": 63104, "train_count": 120355, "steps": 120000, "loss": [0.11288531124591827, 0.02078142575919628, 0.09210388362407684], "lr": 0.0005, "grad_norm": 0.2942683696746826, "time": 1790359132.041596, "seconds_this_epoch": 41.66805952042341}
{"event": "TRAIN", "epoch": 128, "cursor": 75904, "train_count": 120355, "steps": 120100, "loss": [0.12422563135623932, 0.02427249774336815, 0.09995313733816147], "lr": 0.0005, "grad_norm": 0.4515535533428192, "time": 1790359141.1183634, "seconds_this_epoch": 50.7448272574693}
{"event": "TRAIN", "epoch": 128, "cursor": 88704, "train_count": 120355, "steps": 120200, "loss": [0.12076754868030548, 0.023435363546013832, 0.0973321869969368], "lr": 0.0005, "grad_norm": 0.3614707887172699, "time": 1790359150.1126287, "seconds_this_epoch": 59.73909252509475}
{"event": "TRAIN", "epoch": 128, "cursor": 101504, "train_count": 120355, "steps": 120300, "loss": [0.12024201452732086, 0.02138940989971161, 0.09885260462760925], "lr": 0.0005, "grad_norm": 0.393740713596344, "time": 1790359159.1915016, "seconds_this_epoch": 68.81796582043171}
{"event": "TRAIN", "epoch": 128, "cursor": 114304, "train_count": 120355, "steps": 120400, "loss": [0.10412701964378357, 0.02215801179409027, 0.0819690078496933], "lr": 0.0005, "grad_norm": 0.2998895049095154, "time": 1790359167.9404933, "seconds_this_epoch": 77.56695633940399}
{"epoch": 128, "train": [0.11918881081834273, 0.022945111604569697, 0.09624369912805003], "val": [0.6001389300862437, 0.030525713677610283, 0.5696132116748515], "lr": 0.0005, "best_val": 0.53043719986189, "best_epoch": 33, "seconds": 82.9299633372575, "steps": 120448, "peak_memory_bytes": 3222636544, "time": 1790359173.3037581}
{"event": "TRAIN", "epoch": 129, "cursor": 6656, "train_count": 120355, "steps": 120500, "loss": [0.10572488605976105, 0.0227228794246912, 0.083002008497715], "lr": 0.0005, "grad_norm": 0.3532245457172394, "time": 1790359177.998588, "seconds_this_epoch": 4.611141052097082}
{"event": "TRAIN", "epoch": 129, "cursor": 19456, "train_count": 120355, "steps": 120600, "loss": [0.11488418281078339, 0.020921820774674416, 0.09396236389875412], "lr": 0.0005, "grad_norm": 0.37224528193473816, "time": 1790359186.997013, "seconds_this_epoch": 13.609565742313862}
{"event": "TRAIN", "epoch": 129, "cursor": 32256, "train_count": 120355, "steps": 120700, "loss": [0.12046883255243301, 0.022491110488772392, 0.09797772020101547], "lr": 0.0005, "grad_norm": 0.34443411231040955, "time": 1790359196.17806, "seconds_this_epoch": 22.79061317630112}
{"event": "TRAIN", "epoch": 129, "cursor": 45056, "train_count": 120355, "steps": 120800, "loss": [0.12233810871839523, 0.02324245683848858, 0.0990956500172615], "lr": 0.0005, "grad_norm": 0.467295378446579, "time": 1790359205.234193, "seconds_this_epoch": 31.846746802330017}
{"event": "TRAIN", "epoch": 129, "cursor": 57856, "train_count": 120355, "steps": 120900, "loss": [0.11702567338943481, 0.02305128611624241, 0.09397438913583755], "lr": 0.0005, "grad_norm": 0.46760520339012146, "time": 1790359214.4099877, "seconds_this_epoch": 41.022540682926774}
{"event": "TRAIN", "epoch": 129, "cursor": 70656, "train_count": 120355, "steps": 121000, "loss": [0.12138177454471588, 0.02552349492907524, 0.09585828334093094], "lr": 0.0005, "grad_norm": 0.37476882338523865, "time": 1790359223.3674698, "seconds_this_epoch": 49.980022890493274}
{"event": "TRAIN", "epoch": 129, "cursor": 83456, "train_count": 120355, "steps": 121100, "loss": [0.11997149884700775, 0.02347547374665737, 0.09649602323770523], "lr": 0.0005, "grad_norm": 0.3777569830417633, "time": 1790359232.3940213, "seconds_this_epoch": 59.00657421350479}
{"event": "TRAIN", "epoch": 129, "cursor": 96256, "train_count": 120355, "steps": 121200, "loss": [0.12076963484287262, 0.0229332335293293, 0.09783639758825302], "lr": 0.0005, "grad_norm": 0.49087008833885193, "time": 1790359241.4327059, "seconds_this_epoch": 68.04525899328291}
{"event": "TRAIN", "epoch": 129, "cursor": 109056, "train_count": 120355, "steps": 121300, "loss": [0.11391569674015045, 0.0232055876404047, 0.0907101109623909], "lr": 0.0005, "grad_norm": 0.5507749915122986, "time": 1790359250.4274063, "seconds_this_epoch": 77.03995911218226}
{"epoch": 129, "train": [0.11839250887703387, 0.02285240775054007, 0.09554010124193121], "val": [0.5998598118224902, 0.030438053770190827, 0.569421759095336], "lr": 0.0005, "best_val": 0.53043719986189, "best_epoch": 33, "seconds": 86.32781684957445, "steps": 121389, "peak_memory_bytes": 3222636544, "time": 1790359259.7155218}
{"event": "TRAIN", "epoch": 130, "cursor": 1408, "train_count": 120355, "steps": 121400, "loss": [0.11307762563228607, 0.022233139723539352, 0.09084448218345642], "lr": 0.0005, "grad_norm": 0.6021352410316467, "time": 1790359260.6859162, "seconds_this_epoch": 0.8856547959148884}
{"event": "TRAIN", "epoch": 130, "cursor": 14208, "train_count": 120355, "steps": 121500, "loss": [0.09605765342712402, 0.021806849166750908, 0.07425080239772797], "lr": 0.0005, "grad_norm": 0.33312758803367615, "time": 1790359269.7494621, "seconds_this_epoch": 9.949200809001923}
{"event": "TRAIN", "epoch": 130, "cursor": 27008, "train_count": 120355, "steps": 121600, "loss": [0.12089318037033081, 0.02279762551188469, 0.09809555113315582], "lr": 0.0005, "grad_norm": 0.5481029152870178, "time": 1790359278.8794234, "seconds_this_epoch": 19.079161843284965}
{"event": "TRAIN", "epoch": 130, "cursor": 39808, "train_count": 120355, "steps": 121700, "loss": [0.10540753602981567, 0.021503860130906105, 0.08390367776155472], "lr": 0.0005, "grad_norm": 0.3593859076499939, "time": 1790359288.0998294, "seconds_this_epoch": 28.29956833459437}
{"event": "TRAIN", "epoch": 130, "cursor": 52608, "train_count": 120355, "steps": 121800, "loss": [0.11301009356975555, 0.02599378488957882, 0.08701630681753159], "lr": 0.0005, "grad_norm": 0.4417552053928375, "time": 1790359297.1140904, "seconds_this_epoch": 37.31382920220494}
{"event": "TRAIN", "epoch": 130, "cursor": 65408, "train_count": 120355, "steps": 121900, "loss": [0.13206054270267487, 0.02724635601043701, 0.10481418669223785], "lr": 0.0005, "grad_norm": 0.4119623005390167, "time": 1790359306.206928, "seconds_this_epoch": 46.406666930764914}
{"event": "TRAIN", "epoch": 130, "cursor": 78208, "train_count": 120355, "steps": 122000, "loss": [0.11956923454999924, 0.022252803668379784, 0.0973164290189743], "lr": 0.0005, "grad_norm": 0.43774524331092834, "time": 1790359315.1245189, "seconds_this_epoch": 55.32425716333091}
{"event": "TRAIN", "epoch": 130, "cursor": 91008, "train_count": 120355, "steps": 122100, "loss": [0.11550184339284897, 0.022596627473831177, 0.09290521591901779], "lr": 0.0005, "grad_norm": 0.6084982752799988, "time": 1790359323.8830721, "seconds_this_epoch": 64.08281079493463}
{"event": "TRAIN", "epoch": 130, "cursor": 103808, "train_count": 120355, "steps": 122200, "loss": [0.11792954802513123, 0.023342926055192947, 0.09458661824464798], "lr": 0.0005, "grad_norm": 0.33260202407836914, "time": 1790359333.0158396, "seconds_this_epoch": 73.21557823196054}
{"event": "TRAIN", "epoch": 130, "cursor": 116608, "train_count": 120355, "steps": 122300, "loss": [0.12517550587654114, 0.022942252457141876, 0.10223325341939926], "lr": 0.0005, "grad_norm": 0.4026601314544678, "time": 1790359342.0319746, "seconds_this_epoch": 82.23171396367252}
{"epoch": 130, "train": [0.11814278026842406, 0.022872337539236946, 0.09527044274449314], "val": [0.59325256270632, 0.030317562321078944, 0.5629350003674114], "lr": 0.0005, "best_val": 0.53043719986189, "best_epoch": 33, "seconds": 86.19720258004963, "steps": 122330, "peak_memory_bytes": 3222636544, "time": 1790359345.9977064}
{"event": "TRAIN", "epoch": 131, "cursor": 8960, "train_count": 120355, "steps": 122400, "loss": [0.1122656837105751, 0.023335283622145653, 0.0889303982257843], "lr": 0.0005, "grad_norm": 0.5160548686981201, "time": 1790359352.280771, "seconds_this_epoch": 6.198793584480882}
{"event": "TRAIN", "epoch": 131, "cursor": 21760, "train_count": 120355, "steps": 122500, "loss": [0.12215602397918701, 0.023957667872309685, 0.09819835424423218], "lr": 0.0005, "grad_norm": 0.5657969117164612, "time": 1790359361.476478, "seconds_this_epoch": 15.394500739872456}
{"event": "TRAIN", "epoch": 131, "cursor": 34560, "train_count": 120355, "steps": 122600, "loss": [0.1306254267692566, 0.022988418117165565, 0.10763700306415558], "lr": 0.0005, "grad_norm": 0.4320320785045624, "time": 1790359370.4645543, "seconds_this_epoch": 24.382576717063785}
{"event": "TRAIN", "epoch": 131, "cursor": 47360, "train_count": 120355, "steps": 122700, "loss": [0.12821915745735168, 0.02475561574101448, 0.1034635379910469], "lr": 0.0005, "grad_norm": 0.40710005164146423, "time": 1790359379.477115, "seconds_this_epoch": 33.39513683319092}
{"event": "TRAIN", "epoch": 131, "cursor": 60160, "train_count": 120355, "steps": 122800, "loss": [0.11992765218019485, 0.02222631312906742, 0.09770134091377258], "lr": 0.0005, "grad_norm": 0.5532456040382385, "time": 1790359388.0497532, "seconds_this_epoch": 41.96777493879199}
{"event": "TRAIN", "epoch": 131, "cursor": 72960, "train_count": 120355, "steps": 122900, "loss": [0.1295769363641739, 0.02490535005927086, 0.10467159003019333], "lr": 0.0005, "grad_norm": 0.4063478112220764, "time": 1790359396.5923874, "seconds_this_epoch": 50.51040983013809}
{"event": "TRAIN", "epoch": 131, "cursor": 85760, "train_count": 120355, "steps": 123000, "loss": [0.11817610263824463, 0.022943437099456787, 0.09523266553878784], "lr": 0.0005, "grad_norm": 0.4324668049812317, "time": 1790359405.097062, "seconds_this_epoch": 59.015083856880665}
{"event": "TRAIN", "epoch": 131, "cursor": 98560, "train_count": 120355, "steps": 123100, "loss": [0.11080824583768845, 0.021702101454138756, 0.08910614252090454], "lr": 0.0005, "grad_norm": 0.3838842213153839, "time": 1790359413.6336105, "seconds_this_epoch": 67.55163248442113}
{"event": "TRAIN", "epoch": 131, "cursor": 111360, "train_count": 120355, "steps": 123200, "loss": [0.1129918247461319, 0.02726530097424984, 0.08572652190923691], "lr": 0.0005, "grad_norm": 0.34733760356903076, "time": 1790359422.6167967, "seconds_this_epoch": 76.53481914289296}
{"epoch": 131, "train": [0.11726997448485461, 0.022785818812237596, 0.09448415568252183], "val": [0.5957732152838997, 0.03019139620846273, 0.5655818209832135], "lr": 0.0005, "best_val": 0.53043719986189, "best_epoch": 33, "seconds": 84.19439646787941, "steps": 123271, "peak_memory_bytes": 3222636544, "time": 1790359430.2766635}
{"event": "TRAIN", "epoch": 132, "cursor": 3712, "train_count": 120355, "steps": 123300, "loss": [0.11517367511987686, 0.02569202519953251, 0.0894816517829895], "lr": 0.0005, "grad_norm": 0.44189396500587463, "time": 1790359432.8029451, "seconds_this_epoch": 2.4428697507828474}
{"event": "TRAIN", "epoch": 132, "cursor": 16512, "train_count": 120355, "steps": 123400, "loss": [0.10582248121500015, 0.020847206935286522, 0.08497527241706848], "lr": 0.0005, "grad_norm": 0.35362082719802856, "time": 1790359441.3374608, "seconds_this_epoch": 10.977385137230158}
{"event": "TRAIN", "epoch": 132, "cursor": 29312, "train_count": 120355, "steps": 123500, "loss": [0.13096988201141357, 0.026077210903167725, 0.10489266365766525], "lr": 0.0005, "grad_norm": 0.6922852396965027, "time": 1790359449.8771267, "seconds_this_epoch": 19.517051212489605}
{"event": "TRAIN", "epoch": 132, "cursor": 42112, "train_count": 120355, "steps": 123600, "loss": [0.11272995918989182, 0.022746743634343147, 0.08998321741819382], "lr": 0.0005, "grad_norm": 0.41154488921165466, "time": 1790359458.4674757, "seconds_this_epoch": 28.10739976912737}
{"event": "TRAIN", "epoch": 132, "cursor": 54912, "train_count": 120355, "steps": 123700, "loss": [0.11591906100511551, 0.022277390584349632, 0.09364166855812073], "lr": 0.0005, "grad_norm": 0.40320950746536255, "time": 1790359467.0320573, "seconds_this_epoch": 36.67198185250163}
{"event": "TRAIN", "epoch": 132, "cursor": 67712, "train_count": 120355, "steps": 123800, "loss": [0.10940999537706375, 0.020612405613064766, 0.08879759162664413], "lr": 0.0005, "grad_norm": 0.3372737467288971, "time": 1790359475.496327, "seconds_this_epoch": 45.136251263320446}
{"event": "TRAIN", "epoch": 132, "cursor": 80512, "train_count": 120355, "steps": 123900, "loss": [0.12635736167430878, 0.02500663697719574, 0.10135072469711304], "lr": 0.0005, "grad_norm": 0.4395795464515686, "time": 1790359484.0747428, "seconds_this_epoch": 53.71466749161482}
{"event": "TRAIN", "epoch": 132, "cursor": 93312, "train_count": 120355, "steps": 124000, "loss": [0.11323501169681549, 0.020873427391052246, 0.09236158430576324], "lr": 0.0005, "grad_norm": 0.43256816267967224, "time": 1790359492.5954099, "seconds_this_epoch": 62.235333720222116}
{"event": "TRAIN", "epoch": 132, "cursor": 106112, "train_count": 120355, "steps": 124100, "loss": [0.11232840269804001, 0.023345135152339935, 0.08898326754570007], "lr": 0.0005, "grad_norm": 0.3592993915081024, "time": 1790359501.2029917, "seconds_this_epoch": 70.84291631542146}
{"event": "TRAIN", "epoch": 132, "cursor": 118912, "train_count": 120355, "steps": 124200, "loss": [0.12625379860401154, 0.02069609798491001, 0.10555770248174667], "lr": 0.0005, "grad_norm": 0.3930666446685791, "time": 1790359509.7780774, "seconds_this_epoch": 79.41800162382424}
{"epoch": 132, "train": [0.11714809456519257, 0.022740972153296138, 0.09440712233553657], "val": [0.5969453680989559, 0.030449943042536037, 0.5664954236835339], "lr": 0.0005, "best_val": 0.53043719986189, "best_epoch": 33, "seconds": 81.72465842962265, "steps": 124212, "peak_memory_bytes": 3222636544, "time": 1790359512.0849805}
{"event": "TRAIN", "epoch": 133, "cursor": 11264, "train_count": 120355, "steps": 124300, "loss": [0.11979415267705917, 0.02155344933271408, 0.09824070334434509], "lr": 0.0005, "grad_norm": 0.5113720893859863, "time": 1790359519.5709782, "seconds_this_epoch": 7.402960103005171}
{"event": "TRAIN", "epoch": 133, "cursor": 24064, "train_count": 120355, "steps": 124400, "loss": [0.10895262658596039, 0.022634167224168777, 0.08631846308708191], "lr": 0.0005, "grad_norm": 0.2973529100418091, "time": 1790359527.9489443, "seconds_this_epoch": 15.780926587060094}
{"event": "TRAIN", "epoch": 133, "cursor": 36864, "train_count": 120355, "steps": 124500, "loss": [0.11393462121486664, 0.021351013332605362, 0.09258361160755157], "lr": 0.0005, "grad_norm": 0.41755133867263794, "time": 1790359536.498011, "seconds_this_epoch": 24.329993745312095}
{"event": "TRAIN", "epoch": 133, "cursor": 49664, "train_count": 120355, "steps": 124600, "loss": [0.12682174146175385, 0.023641344159841537, 0.10318039357662201], "lr": 0.0005, "grad_norm": 0.4090912640094757, "time": 1790359545.0069733, "seconds_this_epoch": 32.838955415412784}
{"event": "TRAIN", "epoch": 133, "cursor": 62464, "train_count": 120355, "steps": 124700, "loss": [0.13837209343910217, 0.024219289422035217, 0.11415279656648636], "lr": 0.0005, "grad_norm": 0.5365785360336304, "time": 1790359553.5062108, "seconds_this_epoch": 41.33819290436804}
{"event": "TRAIN", "epoch": 133, "cursor": 75264, "train_count": 120355, "steps": 124800, "loss": [0.11618642508983612, 0.023540738970041275, 0.09264568984508514], "lr": 0.0005, "grad_norm": 0.42565590143203735, "time": 1790359562.0320218, "seconds_this_epoch": 49.86400402337313}
{"event": "TRAIN", "epoch": 133, "cursor": 88064, "train_count": 120355, "steps": 124900, "loss": [0.10694892704486847, 0.02039213664829731, 0.08655679225921631], "lr": 0.0005, "grad_norm": 0.33747759461402893, "time": 1790359570.5376837, "seconds_this_epoch": 58.3696661721915}
{"event": "TRAIN", "epoch": 133, "cursor": 100864, "train_count": 120355, "steps": 125000, "loss": [0.11769165098667145, 0.023795414716005325, 0.09389623254537582], "lr": 0.0005, "grad_norm": 0.43018969893455505, "time": 1790359579.1961138, "seconds_this_epoch": 67.02809589356184}
{"event": "TRAIN", "epoch": 133, "cursor": 113664, "train_count": 120355, "steps": 125100, "loss": [0.15625955164432526, 0.024470817297697067, 0.1317887306213379], "lr": 0.0005, "grad_norm": 0.548694372177124, "time": 1790359587.65497, "seconds_this_epoch": 75.48695234023035}
{"epoch": 133, "train": [0.11661630484023373, 0.022740457138543953, 0.09387584775085785], "val": [0.5997395333579084, 0.030255715129548763, 0.5694838174616831], "lr": 0.0005, "best_val": 0.53043719986189, "best_epoch": 33, "seconds": 81.24423646181822, "steps": 125153, "peak_memory_bytes": 3222636544, "time": 1790359593.412503}
{"event": "TRAIN", "epoch": 134, "cursor": 6016, "train_count": 120355, "steps": 125200, "loss": [0.11408604681491852, 0.020007960498332977, 0.09407808631658554], "lr": 0.0005, "grad_norm": 0.5327943563461304, "time": 1790359597.6197038, "seconds_this_epoch": 4.1246851067990065}
{"event": "TRAIN", "epoch": 134, "cursor": 18816, "train_count": 120355, "steps": 125300, "loss": [0.12671217322349548, 0.02248070202767849, 0.10423146933317184], "lr": 0.0005, "grad_norm": 0.47536608576774597, "time": 1790359606.7009714, "seconds_this_epoch": 13.20595245808363}
{"event": "TRAIN", "epoch": 134, "cursor": 31616, "train_count": 120355, "steps": 125400, "loss": [0.1135208010673523, 0.024138828739523888, 0.08938197046518326], "lr": 0.0005, "grad_norm": 0.3396477997303009, "time": 1790359615.7719128, "seconds_this_epoch": 22.276893839240074}
{"event": "TRAIN", "epoch": 134, "cursor": 44416, "train_count": 120355, "steps": 125500, "loss": [0.11350072920322418, 0.021564975380897522, 0.09193575382232666], "lr": 0.0005, "grad_norm": 0.3976741433143616, "time": 1790359624.7803514, "seconds_this_epoch": 31.285332238301635}
{"event": "TRAIN", "epoch": 134, "cursor": 57216, "train_count": 120355, "steps": 125600, "loss": [0.12298306077718735, 0.0246982891112566, 0.0982847735285759], "lr": 0.0005, "grad_norm": 0.3518798053264618, "time": 1790359633.7578266, "seconds_this_epoch": 40.262808026745915}
{"event": "TRAIN", "epoch": 134, "cursor": 70016, "train_count": 120355, "steps": 125700, "loss": [0.12481927871704102, 0.02333971858024597, 0.10147956013679504], "lr": 0.0005, "grad_norm": 0.40726566314697266, "time": 1790359642.7866707, "seconds_this_epoch": 49.291651614010334}
{"event": "TRAIN", "epoch": 134, "cursor": 82816, "train_count": 120355, "steps": 125800, "loss": [0.10294698923826218, 0.020776815712451935, 0.08217017352581024], "lr": 0.0005, "grad_norm": 0.3477000296115875, "time": 1790359651.8178222, "seconds_this_epoch": 58.32280324213207}
{"event": "TRAIN", "epoch": 134, "cursor": 95616, "train_count": 120355, "steps": 125900, "loss": [0.11171586811542511, 0.02288043685257435, 0.08883543312549591], "lr": 0.0005, "grad_norm": 0.49189603328704834, "time": 1790359660.8892117, "seconds_this_epoch": 67.39419259876013}
{"event": "TRAIN", "epoch": 134, "cursor": 108416, "train_count": 120355, "steps": 126000, "loss": [0.11211493611335754, 0.023452341556549072, 0.08866259455680847], "lr": 0.0005, "grad_norm": 0.37793824076652527, "time": 1790359669.8494437, "seconds_this_epoch": 76.35442481376231}
{"epoch": 134, "train": [0.11658504344623549, 0.02272350086862399, 0.09386154253799228], "val": [0.5974419559506716, 0.030400092672025092, 0.5670418598820911], "lr": 0.0005, "best_val": 0.53043719986189, "best_epoch": 33, "seconds": 85.99548839777708, "steps": 126094, "peak_memory_bytes": 3222636544, "time": 1790359679.4907508}
{"event": "TRAIN", "epoch": 135, "cursor": 768, "train_count": 120355, "steps": 126100, "loss": [0.10903505980968475, 0.02289975807070732, 0.08613529801368713], "lr": 0.0005, "grad_norm": 0.4377151429653168, "time": 1790359680.0585861, "seconds_this_epoch": 0.48564437963068485}
{"event": "TRAIN", "epoch": 135, "cursor": 13568, "train_count": 120355, "steps": 126200, "loss": [0.1195639818906784, 0.0227664727717638, 0.09679751098155975], "lr": 0.0005, "grad_norm": 0.4814053773880005, "time": 1790359689.049184, "seconds_this_epoch": 9.476242803037167}
{"event": "TRAIN", "epoch": 135, "cursor": 26368, "train_count": 120355, "steps": 126300, "loss": [0.11164689809083939, 0.024256713688373566, 0.08739018440246582], "lr": 0.0005, "grad_norm": 0.4131222367286682, "time": 1790359698.2141774, "seconds_this_epoch": 18.641236258670688}
{"event": "TRAIN", "epoch": 135, "cursor": 39168, "train_count": 120355, "steps": 126400, "loss": [0.12264694273471832, 0.022643594071269035, 0.10000334680080414], "lr": 0.0005, "grad_norm": 0.3785881996154785, "time": 1790359706.5803971, "seconds_this_epoch": 27.00745582394302}
{"event": "TRAIN", "epoch": 135, "cursor": 51968, "train_count": 120355, "steps": 126500, "loss": [0.11507368087768555, 0.025737576186656952, 0.0893361046910286], "lr": 0.0005, "grad_norm": 0.4956299662590027, "time": 1790359715.0635715, "seconds_this_epoch": 35.49063039012253}
{"event": "TRAIN", "epoch": 135, "cursor": 64768, "train_count": 120355, "steps": 126600, "loss": [0.13071270287036896, 0.022654559463262558, 0.1080581396818161], "lr": 0.0005, "grad_norm": 0.5061235427856445, "time": 1790359723.5750072, "seconds_this_epoch": 44.002065824344754}
{"event": "TRAIN", "epoch": 135, "cursor": 77568, "train_count": 120355, "steps": 126700, "loss": [0.12932837009429932, 0.024599839001893997, 0.10472853481769562], "lr": 0.0005, "grad_norm": 0.3818938136100769, "time": 1790359732.1602335, "seconds_this_epoch": 52.58729206211865}
{"event": "TRAIN", "epoch": 135, "cursor": 90368, "train_count": 120355, "steps": 126800, "loss": [0.11481772363185883, 0.0211806558072567, 0.09363706409931183], "lr": 0.0005, "grad_norm": 0.47935861349105835, "time": 1790359740.684351, "seconds_this_epoch": 61.111409755423665}
{"event": "TRAIN", "epoch": 135, "cursor": 103168, "train_count": 120355, "steps": 126900, "loss": [0.11793718487024307, 0.02214088849723339, 0.09579629451036453], "lr": 0.0005, "grad_norm": 0.6355524659156799, "time": 1790359749.357928, "seconds_this_epoch": 69.78498655930161}
{"event": "TRAIN", "epoch": 135, "cursor": 115968, "train_count": 120355, "steps": 127000, "loss": [0.12674444913864136, 0.022350825369358063, 0.10439363121986389], "lr": 0.0005, "grad_norm": 0.4723787307739258, "time": 1790359757.9295366, "seconds_this_epoch": 78.35659557022154}
{"epoch": 135, "train": [0.11619093458755804, 0.02265575337841018, 0.09353518138797602], "val": [0.5998447480902072, 0.0306515481402123, 0.5691931966604176], "lr": 0.00025, "best_val": 0.53043719986189, "best_epoch": 33, "seconds": 82.58206583932042, "steps": 127035, "peak_memory_bytes": 3222636544, "time": 1790359762.1552517}
{"event": "TRAIN", "epoch": 136, "cursor": 8320, "train_count": 120355, "steps": 127100, "loss": [0.12026567757129669, 0.022528354078531265, 0.09773731976747513], "lr": 0.00025, "grad_norm": 0.46581247448921204, "time": 1790359767.8705163, "seconds_this_epoch": 5.632434669882059}
{"event": "TRAIN", "epoch": 136, "cursor": 21120, "train_count": 120355, "steps": 127200, "loss": [0.11732471734285355, 0.020983882248401642, 0.0963408350944519], "lr": 0.00025, "grad_norm": 0.3571062386035919, "time": 1790359777.0213158, "seconds_this_epoch": 14.783234553411603}
{"event": "TRAIN", "epoch": 136, "cursor": 33920, "train_count": 120355, "steps": 127300, "loss": [0.09825830161571503, 0.023700587451457977, 0.07455771416425705], "lr": 0.00025, "grad_norm": 0.41090166568756104, "time": 1790359786.0556366, "seconds_this_epoch": 23.81755539216101}
{"event": "TRAIN", "epoch": 136, "cursor": 46720, "train_count": 120355, "steps": 127400, "loss": [0.1122211143374443, 0.023408712819218636, 0.08881240338087082], "lr": 0.00025, "grad_norm": 0.28346389532089233, "time": 1790359795.097683, "seconds_this_epoch": 32.85960210300982}
{"event": "TRAIN", "epoch": 136, "cursor": 59520, "train_count": 120355, "steps": 127500, "loss": [0.1202387809753418, 0.023759810253977776, 0.09647896885871887], "lr": 0.00025, "grad_norm": 0.3397686183452606, "time": 1790359804.1304584, "seconds_this_epoch": 41.89237692207098}
{"event": "TRAIN", "epoch": 136, "cursor": 72320, "train_count": 120355, "steps": 127600, "loss": [0.10321301221847534, 0.01952538825571537, 0.08368762582540512], "lr": 0.00025, "grad_norm": 0.29542145133018494, "time": 1790359813.1210756, "seconds_this_epoch": 50.882994543761015}
{"event": "TRAIN", "epoch": 136, "cursor": 85120, "train_count": 120355, "steps": 127700, "loss": [0.10900802910327911, 0.023567456752061844, 0.08544056862592697], "lr": 0.00025, "grad_norm": 0.3949887454509735, "time": 1790359822.2351558, "seconds_this_epoch": 59.9970741532743}
{"event": "TRAIN", "epoch": 136, "cursor": 97920, "train_count": 120355, "steps": 127800, "loss": [0.09996521472930908, 0.020224815234541893, 0.07974039763212204], "lr": 0.00025, "grad_norm": 0.40629342198371887, "time": 1790359831.3697376, "seconds_this_epoch": 69.13165588490665}
{"event": "TRAIN", "epoch": 136, "cursor": 110720, "train_count": 120355, "steps": 127900, "loss": [0.10542009025812149, 0.02264980971813202, 0.08277028053998947], "lr": 0.00025, "grad_norm": 0.31319594383239746, "time": 1790359840.497479, "seconds_this_epoch": 78.25939731858671}
{"epoch": 136, "train": [0.11186419367656507, 0.022327870773391784, 0.08953632287652318], "val": [0.5955081144707166, 0.030196541365912457, 0.5653115746292424], "lr": 0.00025, "best_val": 0.53043719986189, "best_epoch": 33, "seconds": 86.31512527912855, "steps": 127976, "peak_memory_bytes": 3222636544, "time": 1790359848.5534472}
{"event": "TRAIN", "epoch": 137, "cursor": 3072, "train_count": 120355, "steps": 128000, "loss": [0.0983094871044159, 0.02178584784269333, 0.07652363926172256], "lr": 0.00025, "grad_norm": 0.28286921977996826, "time": 1790359850.4631429, "seconds_this_epoch": 1.825262876227498}
{"event": "TRAIN", "epoch": 137, "cursor": 15872, "train_count": 120355, "steps": 128100, "loss": [0.09549661725759506, 0.021983997896313667, 0.07351262122392654], "lr": 0.00025, "grad_norm": 0.21248123049736023, "time": 1790359859.1246963, "seconds_this_epoch": 10.486815966665745}
{"event": "TRAIN", "epoch": 137, "cursor": 28672, "train_count": 120355, "steps": 128200, "loss": [0.10969570279121399, 0.021923018619418144, 0.0877726823091507], "lr": 0.00025, "grad_norm": 0.24058042466640472, "time": 1790359868.2797172, "seconds_this_epoch": 19.64183739759028}
{"event": "TRAIN", "epoch": 137, "cursor": 41472, "train_count": 120355, "steps": 128300, "loss": [0.11082104593515396, 0.02095537632703781, 0.08986566960811615], "lr": 0.00025, "grad_norm": 0.25941240787506104, "time": 1790359877.2431, "seconds_this_epoch": 28.605219911783934}
{"event": "TRAIN", "epoch": 137, "cursor": 54272, "train_count": 120355, "steps": 128400, "loss": [0.09958203136920929, 0.021027784794569016, 0.07855424284934998], "lr": 0.00025, "grad_norm": 0.2617684304714203, "time": 1790359886.3249168, "seconds_this_epoch": 37.687036506831646}
{"event": "TRAIN", "epoch": 137, "cursor": 67072, "train_count": 120355, "steps": 128500, "loss": [0.1025770977139473, 0.02024497650563717, 0.08233211934566498], "lr": 0.00025, "grad_norm": 0.2282646745443344, "time": 1790359895.3405685, "seconds_this_epoch": 46.7026889231056}
{"event": "TRAIN", "epoch": 137, "cursor": 79872, "train_count": 120355, "steps": 128600, "loss": [0.10967287421226501, 0.023921141400933266, 0.0857517346739769], "lr": 0.00025, "grad_norm": 0.2965165674686432, "time": 1790359904.4471412, "seconds_this_epoch": 55.80926144681871}
{"event": "TRAIN", "epoch": 137, "cursor": 92672, "train_count": 120355, "steps": 128700, "loss": [0.10489472001791, 0.02143627405166626, 0.08345844596624374], "lr": 0.00025, "grad_norm": 0.30182746052742004, "time": 1790359913.5046482, "seconds_this_epoch": 64.8667682427913}
{"event": "TRAIN", "epoch": 137, "cursor": 105472, "train_count": 120355, "steps": 128800, "loss": [0.0989934504032135, 0.01984652318060398, 0.07914692908525467], "lr": 0.00025, "grad_norm": 0.24705103039741516, "time": 1790359922.5496466, "seconds_this_epoch": 73.9117667786777}
{"event": "TRAIN", "epoch": 137, "cursor": 118272, "train_count": 120355, "steps": 128900, "loss": [0.10073989629745483, 0.019630437716841698, 0.08110945671796799], "lr": 0.00025, "grad_norm": 0.3018878400325775, "time": 1790359931.6210425, "seconds_this_epoch": 82.98316251114011}
{"epoch": 137, "train": [0.10832001384421809, 0.0222001324599778, 0.08611988131490664], "val": [0.5995535350223875, 0.030118282562310632, 0.5694352569888175], "lr": 0.00025, "best_val": 0.53043719986189, "best_epoch": 33, "seconds": 85.72741714306176, "steps": 128917, "peak_memory_bytes": 3222636544, "time": 1790359934.3655422}
{"event": "TRAIN", "epoch": 138, "cursor": 10624, "train_count": 120355, "steps": 129000, "loss": [0.11159013211727142, 0.02274787798523903, 0.08884225785732269], "lr": 0.00025, "grad_norm": 0.31362277269363403, "time": 1790359941.9084852, "seconds_this_epoch": 7.460258804261684}
{"event": "TRAIN", "epoch": 138, "cursor": 23424, "train_count": 120355, "steps": 129100, "loss": [0.10129699110984802, 0.020697738975286484, 0.08059924840927124], "lr": 0.00025, "grad_norm": 0.245051771402359, "time": 1790359951.1196496, "seconds_this_epoch": 16.67142343148589}
{"event": "TRAIN", "epoch": 138, "cursor": 36224, "train_count": 120355, "steps": 129200, "loss": [0.11271195113658905, 0.023279227316379547, 0.0894327238202095], "lr": 0.00025, "grad_norm": 0.25621095299720764, "time": 1790359960.2137892, "seconds_this_epoch": 25.76556307449937}
{"event": "TRAIN", "epoch": 138, "cursor": 49024, "train_count": 120355, "steps": 129300, "loss": [0.10944400727748871, 0.020598316565155983, 0.08884569257497787], "lr": 0.00025, "grad_norm": 0.2728267014026642, "time": 1790359969.2772758, "seconds_this_epoch": 34.829049376770854}
{"event": "TRAIN", "epoch": 138, "cursor": 61824, "train_count": 120355, "steps": 129400, "loss": [0.11381154507398605, 0.023006608709692955, 0.09080493450164795], "lr": 0.00025, "grad_norm": 0.2686292827129364, "time": 1790359978.2156303, "seconds_this_epoch": 43.76740413531661}
{"event": "TRAIN", "epoch": 138, "cursor": 74624, "train_count": 120355, "steps": 129500, "loss": [0.12144797295331955, 0.02421206794679165, 0.09723590314388275], "lr": 0.00025, "grad_norm": 0.2405591458082199, "time": 1790359986.716049, "seconds_this_epoch": 52.267822513356805}
{"event": "TRAIN", "epoch": 138, "cursor": 87424, "train_count": 120355, "steps": 129600, "loss": [0.11022724956274033, 0.022207723930478096, 0.08801952749490738], "lr": 0.00025, "grad_norm": 0.31675970554351807, "time": 1790359995.280506, "seconds_this_epoch": 60.832279447466135}
{"event": "TRAIN", "epoch": 138, "cursor": 100224, "train_count": 120355, "steps": 129700, "loss": [0.1079651340842247, 0.02120663970708847, 0.08675849437713623], "lr": 0.00025, "grad_norm": 0.2801468074321747, "time": 1790360003.8004818, "seconds_this_epoch": 69.35225543193519}
{"event": "TRAIN", "epoch": 138, "cursor": 113024, "train_count": 120355, "steps": 129800, "loss": [0.11171866953372955, 0.023111430928111076, 0.08860723674297333], "lr": 0.00025, "grad_norm": 0.2622087895870209, "time": 1790360012.3214192, "seconds_this_epoch": 77.87319304794073}
{"epoch": 138, "train": [0.10727324427259978, 0.02215593060528324, 0.08511731361779251], "val": [0.6041550104966821, 0.030190427450230834, 0.5739645866658778], "lr": 0.00025, "best_val": 0.53043719986189, "best_epoch": 33, "seconds": 84.05917533487082, "steps": 129858, "peak_memory_bytes": 3222636544, "time": 1790360018.5076404}
{"event": "TRAIN", "epoch": 139, "cursor": 5376, "train_count": 120355, "steps": 129900, "loss": [0.10454298555850983, 0.019992567598819733, 0.0845504179596901], "lr": 0.00025, "grad_norm": 0.28464874625205994, "time": 1790360022.0335324, "seconds_this_epoch": 3.4440779332071543}
{"event": "TRAIN", "epoch": 139, "cursor": 18176, "train_count": 120355, "steps": 130000, "loss": [0.0950412005186081, 0.02046857960522175, 0.0745726227760315], "lr": 0.00025, "grad_norm": 0.24132919311523438, "time": 1790360030.5673785, "seconds_this_epoch": 11.977923883125186}
{"event": "TRAIN", "epoch": 139, "cursor": 30976, "train_count": 120355, "steps": 130100, "loss": [0.09931280463933945, 0.021692370995879173, 0.07762043178081512], "lr": 0.00025, "grad_norm": 0.24933397769927979, "time": 1790360039.2383952, "seconds_this_epoch": 20.648940367624164}
{"event": "TRAIN", "epoch": 139, "cursor": 43776, "train_count": 120355, "steps": 130200, "loss": [0.10624320805072784, 0.02450900711119175, 0.08173420280218124], "lr": 0.00025, "grad_norm": 0.2448648363351822, "time": 1790360047.8838656, "seconds_this_epoch": 29.294411029666662}
{"event": "TRAIN", "epoch": 139, "cursor": 56576, "train_count": 120355, "steps": 130300, "loss": [0.10992340743541718, 0.022626886144280434, 0.08729652315378189], "lr": 0.00025, "grad_norm": 0.25594988465309143, "time": 1790360056.395519, "seconds_this_epoch": 37.80606419034302}
{"event": "TRAIN", "epoch": 139, "cursor": 69376, "train_count": 120355, "steps": 130400, "loss": [0.10573360323905945, 0.022683653980493546, 0.0830499529838562], "lr": 0.00025, "grad_norm": 0.2745930552482605, "time": 1790360064.9366362, "seconds_this_epoch": 46.347180953249335}
{"event": "TRAIN", "epoch": 139, "cursor": 82176, "train_count": 120355, "steps": 130500, "loss": [0.10481451451778412, 0.02395457774400711, 0.08085993677377701], "lr": 0.00025, "grad_norm": 0.31767815351486206, "time": 1790360073.5502663, "seconds_this_epoch": 54.96081091277301}
{"event": "TRAIN", "epoch": 139, "cursor": 94976, "train_count": 120355, "steps": 130600, "loss": [0.09524396806955338, 0.02020101062953472, 0.0750429555773735], "lr": 0.00025, "grad_norm": 0.25725939869880676, "time": 1790360082.0880747, "seconds_this_epoch": 63.49862001277506}
{"event": "TRAIN", "epoch": 139, "cursor": 107776, "train_count": 120355, "steps": 130700, "loss": [0.10536777228116989, 0.023766132071614265, 0.08160164207220078], "lr": 0.00025, "grad_norm": 0.24458260834217072, "time": 1790360090.6478949, "seconds_this_epoch": 72.0584396570921}
{"epoch": 139, "train": [0.10671647699473728, 0.022118431796026856, 0.08459804513027441], "val": [0.6037780407692478, 0.030253087131698227, 0.5735249518991551], "lr": 0.00025, "best_val": 0.53043719986189, "best_epoch": 33, "seconds": 81.70452299714088, "steps": 130799, "peak_memory_bytes": 3222636544, "time": 1790360100.29422}
{"event": "TRAIN", "epoch": 140, "cursor": 128, "train_count": 120355, "steps": 130800, "loss": [0.09528368711471558, 0.021631192415952682, 0.0736524909734726], "lr": 0.00025, "grad_norm": 0.207538902759552, "time": 1790360100.4523106, "seconds_this_epoch": 0.07541715539991856}
{"event": "TRAIN", "epoch": 140, "cursor": 12928, "train_count": 120355, "steps": 130900, "loss": [0.08821776509284973, 0.020234035328030586, 0.0679837316274643], "lr": 0.00025, "grad_norm": 0.2523430287837982, "time": 1790360108.9078052, "seconds_this_epoch": 8.530911615118384}
{"event": "TRAIN", "epoch": 140, "cursor": 25728, "train_count": 120355, "steps": 131000, "loss": [0.10440018773078918, 0.02159130945801735, 0.08280887454748154], "lr": 0.00025, "grad_norm": 0.26515793800354004, "time": 1790360117.4778757, "seconds_this_epoch": 17.100982477888465}
{"event": "TRAIN", "epoch": 140, "cursor": 38528, "train_count": 120355, "steps": 131100, "loss": [0.10973572731018066, 0.021399207413196564, 0.0883365198969841], "lr": 0.00025, "grad_norm": 0.27334579825401306, "time": 1790360126.024002, "seconds_this_epoch": 25.647108620032668}
{"event": "TRAIN", "epoch": 140, "cursor": 51328, "train_count": 120355, "steps": 131200, "loss": [0.12094566226005554, 0.022980639711022377, 0.09796502441167831], "lr": 0.00025, "grad_norm": 0.340131551027298, "time": 1790360134.5540197, "seconds_this_epoch": 34.17712650448084}
{"event": "TRAIN", "epoch": 140, "cursor": 64128, "train_count": 120355, "steps": 131300, "loss": [0.11392910778522491, 0.02278115786612034, 0.09114795178174973], "lr": 0.00025, "grad_norm": 0.2576786279678345, "time": 1790360143.1031077, "seconds_this_epoch": 42.726213881745934}
{"event": "TRAIN", "epoch": 140, "cursor": 76928, "train_count": 120355, "steps": 131400, "loss": [0.10567106306552887, 0.02141190879046917, 0.08425915241241455], "lr": 0.00025, "grad_norm": 0.21644972264766693, "time": 1790360151.6018617, "seconds_this_epoch": 51.22496792115271}
{"event": "TRAIN", "epoch": 140, "cursor": 89728, "train_count": 120355, "steps": 131500, "loss": [0.10339782387018204, 0.022712605074048042, 0.08068522065877914], "lr": 0.00025, "grad_norm": 0.21140539646148682, "time": 1790360160.1508908, "seconds_this_epoch": 59.7739972807467}
{"event": "TRAIN", "epoch": 140, "cursor": 102528, "train_count": 120355, "steps": 131600, "loss": [0.10875910520553589, 0.02295788750052452, 0.08580122143030167], "lr": 0.00025, "grad_norm": 0.25325265526771545, "time": 1790360168.5622408, "seconds_this_epoch": 68.18534732237458}
{"event": "TRAIN", "epoch": 140, "cursor": 115328, "train_count": 120355, "steps": 131700, "loss": [0.09624899923801422, 0.021523941308259964, 0.07472506165504456], "lr": 0.00025, "grad_norm": 0.28552860021591187, "time": 1790360176.9241488, "seconds_this_epoch": 76.54725535959005}
{"epoch": 140, "train": [0.10630973035434133, 0.022094343086462177, 0.0842153873341485], "val": [0.6059670470768629, 0.030197725025365853, 0.5757693192433213], "lr": 0.00025, "best_val": 0.53043719986189, "best_epoch": 33, "seconds": 81.11355739086866, "steps": 131740, "peak_memory_bytes": 3222636544, "time": 1790360181.4906943}
{"event": "TRAIN", "epoch": 141, "cursor": 7680, "train_count": 120355, "steps": 131800, "loss": [0.09134376794099808, 0.019574008882045746, 0.07176975905895233], "lr": 0.00025, "grad_norm": 0.2622590959072113, "time": 1790360186.509183, "seconds_this_epoch": 4.937200663611293}
{"event": "TRAIN", "epoch": 141, "cursor": 20480, "train_count": 120355, "steps": 131900, "loss": [0.09375326335430145, 0.01923341117799282, 0.07451985031366348], "lr": 0.00025, "grad_norm": 0.251140832901001, "time": 1790360195.2444763, "seconds_this_epoch": 13.672494038939476}
{"event": "TRAIN", "epoch": 141, "cursor": 33280, "train_count": 120355, "steps": 132000, "loss": [0.1072857677936554, 0.02228887751698494, 0.08499688655138016], "lr": 0.00025, "grad_norm": 0.24218660593032837, "time": 1790360203.7141106, "seconds_this_epoch": 22.142128555104136}
{"event": "TRAIN", "epoch": 141, "cursor": 46080, "train_count": 120355, "steps": 132100, "loss": [0.11037011444568634, 0.021697672083973885, 0.0886724442243576], "lr": 0.00025, "grad_norm": 0.22522751986980438, "time": 1790360212.2958624, "seconds_this_epoch": 30.72388032823801}
{"event": "TRAIN", "epoch": 141, "cursor": 58880, "train_count": 120355, "steps": 132200, "loss": [0.10890195518732071, 0.02222253382205963, 0.08667942136526108], "lr": 0.00025, "grad_norm": 0.27625951170921326, "time": 1790360220.90504, "seconds_this_epoch": 39.33305715583265}
{"event": "TRAIN", "epoch": 141, "cursor": 71680, "train_count": 120355, "steps": 132300, "loss": [0.10461591184139252, 0.022319484502077103, 0.08229643106460571], "lr": 0.00025, "grad_norm": 0.264927476644516, "time": 1790360229.5397682, "seconds_this_epoch": 47.9677857439965}
{"event": "TRAIN", "epoch": 141, "cursor": 84480, "train_count": 120355, "steps": 132400, "loss": [0.10132268816232681, 0.022103814408183098, 0.07921887189149857], "lr": 0.00025, "grad_norm": 0.2758798897266388, "time": 1790360238.0034828, "seconds_this_epoch": 56.43149981088936}
{"event": "TRAIN", "epoch": 141, "cursor": 97280, "train_count": 120355, "steps": 132500, "loss": [0.11278453469276428, 0.021462570875883102, 0.09132196754217148], "lr": 0.00025, "grad_norm": 0.26745179295539856, "time": 1790360246.5524251, "seconds_this_epoch": 64.98044262267649}
{"event": "TRAIN", "epoch": 141, "cursor": 110080, "train_count": 120355, "steps": 132600, "loss": [0.09714101999998093, 0.02173721231520176, 0.07540380954742432], "lr": 0.00025, "grad_norm": 0.23890568315982819, "time": 1790360255.0708125, "seconds_this_epoch": 73.49882975034416}
{"epoch": 141, "train": [0.10596296756841828, 0.022062121643352646, 0.0839008459239823], "val": [0.6067432283178404, 0.030232308877644838, 0.5765109148847105], "lr": 0.00025, "best_val": 0.53043719986189, "best_epoch": 33, "seconds": 81.72919529862702, "steps": 132681, "peak_memory_bytes": 3222636544, "time": 1790360263.301427}
{"event": "TRAIN", "epoch": 142, "cursor": 2432, "train_count": 120355, "steps": 132700, "loss": [0.11739844083786011, 0.022414110600948334, 0.09498433023691177], "lr": 0.00025, "grad_norm": 0.29323625564575195, "time": 1790360264.8673031, "seconds_this_epoch": 1.4821335077285767}
{"event": "TRAIN", "epoch": 142, "cursor": 15232, "train_count": 120355, "steps": 132800, "loss": [0.10236111283302307, 0.02076955884695053, 0.08159155398607254], "lr": 0.00025, "grad_norm": 0.35758623480796814, "time": 1790360273.4914646, "seconds_this_epoch": 10.106295015662909}
{"event": "TRAIN", "epoch": 142, "cursor": 28032, "train_count": 120355, "steps": 132900, "loss": [0.10090357065200806, 0.02126483805477619, 0.07963873445987701], "lr": 0.00025, "grad_norm": 0.25288522243499756, "time": 1790360282.1288278, "seconds_this_epoch": 18.743658108636737}
{"event": "TRAIN", "epoch": 142, "cursor": 40832, "train_count": 120355, "steps": 133000, "loss": [0.11096736788749695, 0.02319878526031971, 0.08776858448982239], "lr": 0.00025, "grad_norm": 0.27733057737350464, "time": 1790360290.6583476, "seconds_this_epoch": 27.273177936673164}
{"event": "TRAIN", "epoch": 142, "cursor": 53632, "train_count": 120355, "steps": 133100, "loss": [0.10561715811491013, 0.02518724836409092, 0.08042991161346436], "lr": 0.00025, "grad_norm": 0.26215890049934387, "time": 1790360299.1739166, "seconds_this_epoch": 35.788747334852815}
{"event": "TRAIN", "epoch": 142, "cursor": 66432, "train_count": 120355, "steps": 133200, "loss": [0.10936156660318375, 0.02206725813448429, 0.0872943103313446], "lr": 0.00025, "grad_norm": 0.35794925689697266, "time": 1790360307.7288637, "seconds_this_epoch": 44.343694277107716}
{"event": "TRAIN", "epoch": 142, "cursor": 79232, "train_count": 120355, "steps": 133300, "loss": [0.11394711583852768, 0.022535530850291252, 0.09141158312559128], "lr": 0.00025, "grad_norm": 0.31692808866500854, "time": 1790360316.175099, "seconds_this_epoch": 52.78992946818471}
{"event": "TRAIN", "epoch": 142, "cursor": 92032, "train_count": 120355, "steps": 133400, "loss": [0.09188737720251083, 0.020171210169792175, 0.07171616703271866], "lr": 0.00025, "grad_norm": 0.22954703867435455, "time": 1790360324.7011776, "seconds_this_epoch": 61.31600822135806}
{"event": "TRAIN", "epoch": 142, "cursor": 104832, "train_count": 120355, "steps": 133500, "loss": [0.10418765991926193, 0.02008611150085926, 0.08410155028104782], "lr": 0.00025, "grad_norm": 0.2288062572479248, "time": 1790360333.192327, "seconds_this_epoch": 69.8071569968015}
{"event": "TRAIN", "epoch": 142, "cursor": 117632, "train_count": 120355, "steps": 133600, "loss": [0.10551319271326065, 0.02205442450940609, 0.08345876634120941], "lr": 0.00025, "grad_norm": 0.2333623766899109, "time": 1790360341.7978134, "seconds_this_epoch": 78.41264413669705}
{"epoch": 142, "train": [0.10566871290385987, 0.02204117378540553, 0.08362753891297606], "val": [0.6061570262110165, 0.03024764694641209, 0.5759093753955623], "lr": 0.00025, "best_val": 0.53043719986189, "best_epoch": 33, "seconds": 81.50747124105692, "steps": 133622, "peak_memory_bytes": 3222636544, "time": 1790360344.8928921}
{"event": "TRAIN", "epoch": 143, "cursor": 9984, "train_count": 120355, "steps": 133700, "loss": [0.10051219910383224, 0.022818008437752724, 0.07769419252872467], "lr": 0.00025, "grad_norm": 0.2551701068878174, "time": 1790360351.5632126, "seconds_this_epoch": 6.587576379999518}
{"event": "TRAIN", "epoch": 143, "cursor": 22784, "train_count": 120355, "steps": 133800, "loss": [0.10799644142389297, 0.021354032680392265, 0.08664240688085556], "lr": 0.00025, "grad_norm": 0.25705114006996155, "time": 1790360360.1542778, "seconds_this_epoch": 15.17864203080535}
{"event": "TRAIN", "epoch": 143, "cursor": 35584, "train_count": 120355, "steps": 133900, "loss": [0.09878793358802795, 0.021586395800113678, 0.07720153778791428], "lr": 0.00025, "grad_norm": 0.22746552526950836, "time": 1790360368.674261, "seconds_this_epoch": 23.698623914271593}
{"event": "TRAIN", "epoch": 143, "cursor": 48384, "train_count": 120355, "steps": 134000, "loss": [0.10806314647197723, 0.02201477438211441, 0.08604837208986282], "lr": 0.00025, "grad_norm": 0.2833978831768036, "time": 1790360377.1992505, "seconds_this_epoch": 32.22361429221928}
{"event": "TRAIN", "epoch": 143, "cursor": 61184, "train_count": 120355, "steps": 134100, "loss": [0.10194419324398041, 0.023135779425501823, 0.07880841195583344], "lr": 0.00025, "grad_norm": 0.2695956826210022, "time": 1790360385.6981466, "seconds_this_epoch": 40.72251048497856}
{"event": "TRAIN", "epoch": 143, "cursor": 73984, "train_count": 120355, "steps": 134200, "loss": [0.10239100456237793, 0.021736418828368187, 0.0806545838713646], "lr": 0.00025, "grad_norm": 0.25612059235572815, "time": 1790360394.1096218, "seconds_this_epoch": 49.133985195308924}
{"event": "TRAIN", "epoch": 143, "cursor": 86784, "train_count": 120355, "steps": 134300, "loss": [0.1189461201429367, 0.02167845144867897, 0.09726767241954803], "lr": 0.00025, "grad_norm": 0.2434779852628708, "time": 1790360402.5939474, "seconds_this_epoch": 57.618311332538724}
{"event": "TRAIN", "epoch": 143, "cursor": 99584, "train_count": 120355, "steps": 134400, "loss": [0.10553872585296631, 0.020999547094106674, 0.08453917503356934], "lr": 0.00025, "grad_norm": 0.2680371403694153, "time": 1790360411.1360247, "seconds_this_epoch": 66.16038861498237}
{"event": "TRAIN", "epoch": 143, "cursor": 112384, "train_count": 120355, "steps": 134500, "loss": [0.11091917753219604, 0.02228402905166149, 0.0886351466178894], "lr": 0.00025, "grad_norm": 0.302527517080307, "time": 1790360419.7035592, "seconds_this_epoch": 74.72792236879468}
{"epoch": 143, "train": [0.10535860004470017, 0.022021126713068103, 0.0833374732113351], "val": [0.6081753442146948, 0.030246652985917142, 0.5779286897578284], "lr": 0.00025, "best_val": 0.53043719986189, "best_epoch": 33, "seconds": 81.39566164836287, "steps": 134563, "peak_memory_bytes": 3222636544, "time": 1790360426.3715496}
{"event": "TRAIN", "epoch": 144, "cursor": 4736, "train_count": 120355, "steps": 134600, "loss": [0.10687717795372009, 0.02287416346371174, 0.0840030163526535], "lr": 0.00025, "grad_norm": 0.2788844406604767, "time": 1790360429.5509179, "seconds_this_epoch": 3.0956336446106434}
{"event": "TRAIN", "epoch": 144, "cursor": 17536, "train_count": 120355, "steps": 134700, "loss": [0.09622518718242645, 0.02225254848599434, 0.07397264242172241], "lr": 0.00025, "grad_norm": 0.23575259745121002, "time": 1790360438.1788275, "seconds_this_epoch": 11.72354282811284}
{"event": "TRAIN", "epoch": 144, "cursor": 30336, "train_count": 120355, "steps": 134800, "loss": [0.10085918754339218, 0.0208645761013031, 0.07999461144208908], "lr": 0.00025, "grad_norm": 0.24042779207229614, "time": 1790360446.9490411, "seconds_this_epoch": 20.49375688098371}
{"event": "TRAIN", "epoch": 144, "cursor": 43136, "train_count": 120355, "steps": 134900, "loss": [0.11004585027694702, 0.021252363920211792, 0.08879348635673523], "lr": 0.00025, "grad_norm": 0.26110032200813293, "time": 1790360455.4013858, "seconds_this_epoch": 28.94610122218728}
{"event": "TRAIN", "epoch": 144, "cursor": 55936, "train_count": 120355, "steps": 135000, "loss": [0.10376664996147156, 0.022253278642892838, 0.08151337504386902], "lr": 0.00025, "grad_norm": 0.23608942329883575, "time": 1790360463.9869628, "seconds_this_epoch": 37.53167833574116}
{"event": "TRAIN", "epoch": 144, "cursor": 68736, "train_count": 120355, "steps": 135100, "loss": [0.1110372394323349, 0.023746661841869354, 0.08729057759046555], "lr": 0.00025, "grad_norm": 0.2803025245666504, "time": 1790360472.416151, "seconds_this_epoch": 45.9608663842082}
{"event": "TRAIN", "epoch": 144, "cursor": 81536, "train_count": 120355, "steps": 135200, "loss": [0.09883183240890503, 0.020678844302892685, 0.07815299183130264], "lr": 0.00025, "grad_norm": 0.22169286012649536, "time": 1790360480.9419148, "seconds_this_epoch": 54.4866303242743}
{"event": "TRAIN", "epoch": 144, "cursor": 94336, "train_count": 120355, "steps": 135300, "loss": [0.10182441771030426, 0.021231036633253098, 0.08059338480234146], "lr": 0.00025, "grad_norm": 0.22926346957683563, "time": 1790360489.5746818, "seconds_this_epoch": 63.11939721554518}
{"event": "TRAIN", "epoch": 144, "cursor": 107136, "train_count": 120355, "steps": 135400, "loss": [0.09991958737373352, 0.021202154457569122, 0.0787174329161644], "lr": 0.00025, "grad_norm": 0.27139347791671753, "time": 1790360498.4326103, "seconds_this_epoch": 71.9773258920759}
{"event": "TRAIN", "epoch": 144, "cursor": 119936, "train_count": 120355, "steps": 135500, "loss": [0.11468828469514847, 0.022809816524386406, 0.09187846630811691], "lr": 0.00025, "grad_norm": 0.22161135077476501, "time": 1790360507.4241579, "seconds_this_epoch": 80.96887386031449}
{"epoch": 144, "train": [0.10510769061059234, 0.02199753744158666, 0.08311015308184339], "val": [0.6098108143282978, 0.030205791443363477, 0.5796050189534883], "lr": 0.00025, "best_val": 0.53043719986189, "best_epoch": 33, "seconds": 82.56769430823624, "steps": 135504, "peak_memory_bytes": 3222636544, "time": 1790360509.023223}
{"event": "TRAIN", "epoch": 145, "cursor": 12288, "train_count": 120355, "steps": 135600, "loss": [0.09038782119750977, 0.02045283652842045, 0.06993498653173447], "lr": 0.00025, "grad_norm": 0.22755177319049835, "time": 1790360517.6635623, "seconds_this_epoch": 8.555750347673893}
{"event": "TRAIN", "epoch": 145, "cursor": 25088, "train_count": 120355, "steps": 135700, "loss": [0.10921688377857208, 0.02426551654934883, 0.08495137095451355], "lr": 0.00025, "grad_norm": 0.29148513078689575, "time": 1790360526.7786574, "seconds_this_epoch": 17.67084543220699}
{"event": "TRAIN", "epoch": 145, "cursor": 37888, "train_count": 120355, "steps": 135800, "loss": [0.1035739928483963, 0.022823836654424667, 0.08075015991926193], "lr": 0.00025, "grad_norm": 0.27185285091400146, "time": 1790360535.8717506, "seconds_this_epoch": 26.76393824443221}
{"event": "TRAIN", "epoch": 145, "cursor": 50688, "train_count": 120355, "steps": 135900, "loss": [0.09541065245866776, 0.020850226283073425, 0.07456042617559433], "lr": 0.00025, "grad_norm": 0.2223285734653473, "time": 1790360544.9710572, "seconds_this_epoch": 35.86324502900243}
{"event": "TRAIN", "epoch": 145, "cursor": 63488, "train_count": 120355, "steps": 136000, "loss": [0.11083220690488815, 0.023346515372395515, 0.08748569339513779], "lr": 0.00025, "grad_norm": 0.28926265239715576, "time": 1790360553.5774145, "seconds_this_epoch": 44.469601983204484}
{"event": "TRAIN", "epoch": 145, "cursor": 76288, "train_count": 120355, "steps": 136100, "loss": [0.11211216449737549, 0.022704361006617546, 0.08940780162811279], "lr": 0.00025, "grad_norm": 0.2667636275291443, "time": 1790360562.0505717, "seconds_this_epoch": 52.94275983609259}
{"event": "TRAIN", "epoch": 145, "cursor": 89088, "train_count": 120355, "steps": 136200, "loss": [0.10064853727817535, 0.019985152408480644, 0.08066338300704956], "lr": 0.00025, "grad_norm": 0.26239797472953796, "time": 1790360570.6269796, "seconds_this_epoch": 61.51916732825339}
{"event": "TRAIN", "epoch": 145, "cursor": 101888, "train_count": 120355, "steps": 136300, "loss": [0.10677212476730347, 0.02101987786591053, 0.08575224876403809], "lr": 0.00025, "grad_norm": 0.2429310381412506, "time": 1790360579.186148, "seconds_this_epoch": 70.07833537645638}
{"event": "TRAIN", "epoch": 145, "cursor": 114688, "train_count": 120355, "steps": 136400, "loss": [0.11517275124788284, 0.023722073063254356, 0.09145067632198334], "lr": 0.00025, "grad_norm": 0.27914485335350037, "time": 1790360587.9718182, "seconds_this_epoch": 78.86400585621595}
{"epoch": 145, "train": [0.1048549967329338, 0.021968624635012347, 0.08288637208207376], "val": [0.6101869065141806, 0.03027924545824688, 0.5799076566787456], "lr": 0.00025, "best_val": 0.53043719986189, "best_epoch": 33, "seconds": 84.15188616514206, "steps": 136445, "peak_memory_bytes": 3222636544, "time": 1790360593.2599616}
{"event": "TRAIN", "epoch": 146, "cursor": 7040, "train_count": 120355, "steps": 136500, "loss": [0.09500188380479813, 0.02258196286857128, 0.0724199190735817], "lr": 0.00025, "grad_norm": 0.21746306121349335, "time": 1790360598.2154572, "seconds_this_epoch": 4.872547654435039}
{"event": "TRAIN", "epoch": 146, "cursor": 19840, "train_count": 120355, "steps": 136600, "loss": [0.11044598370790482, 0.02415287494659424, 0.08629310876131058], "lr": 0.00025, "grad_norm": 0.2696240246295929, "time": 1790360607.3925478, "seconds_this_epoch": 14.049638491123915}
{"event": "TRAIN", "epoch": 146, "cursor": 32640, "train_count": 120355, "steps": 136700, "loss": [0.09937184303998947, 0.020182626321911812, 0.07918921858072281], "lr": 0.00025, "grad_norm": 0.2366948127746582, "time": 1790360616.3860133, "seconds_this_epoch": 23.043103776872158}
{"event": "TRAIN", "epoch": 146, "cursor": 45440, "train_count": 120355, "steps": 136800, "loss": [0.11005812883377075, 0.022167028859257698, 0.0878911018371582], "lr": 0.00025, "grad_norm": 0.26522010564804077, "time": 1790360625.4866424, "seconds_this_epoch": 32.143732987344265}
{"event": "TRAIN", "epoch": 146, "cursor": 58240, "train_count": 120355, "steps": 136900, "loss": [0.09369394183158875, 0.02059338614344597, 0.07310055941343307], "lr": 0.00025, "grad_norm": 0.30142948031425476, "time": 1790360634.5740235, "seconds_this_epoch": 41.23111389391124}
{"event": "TRAIN", "epoch": 146, "cursor": 71040, "train_count": 120355, "steps": 137000, "loss": [0.10321130603551865, 0.0198493804782629, 0.0833619236946106], "lr": 0.00025, "grad_norm": 0.25584232807159424, "time": 1790360643.6169622, "seconds_this_epoch": 50.274052357301116}
{"event": "TRAIN", "epoch": 146, "cursor": 83840, "train_count": 120355, "steps": 137100, "loss": [0.10437154024839401, 0.021765483543276787, 0.08260605484247208], "lr": 0.00025, "grad_norm": 0.2691825032234192, "time": 1790360652.6721616, "seconds_this_epoch": 59.329252103343606}
{"event": "TRAIN", "epoch": 146, "cursor": 96640, "train_count": 120355, "steps": 137200, "loss": [0.11054615676403046, 0.022288069128990173, 0.08825808763504028], "lr": 0.00025, "grad_norm": 0.2287382185459137, "time": 1790360661.9031262, "seconds_this_epoch": 68.56021669879556}
{"event": "TRAIN", "epoch": 146, "cursor": 109440, "train_count": 120355, "steps": 137300, "loss": [0.11406155675649643, 0.02262674830853939, 0.09143480658531189], "lr": 0.00025, "grad_norm": 0.29249632358551025, "time": 1790360670.4994285, "seconds_this_epoch": 77.15651904977858}
{"epoch": 146, "train": [0.10462870642051932, 0.021952150237358584, 0.08267655607673051], "val": [0.6117521878883505, 0.030272354364323822, 0.5814798282642689], "lr": 0.00025, "best_val": 0.53043719986189, "best_epoch": 33, "seconds": 86.03344737365842, "steps": 137386, "peak_memory_bytes": 3222636544, "time": 1790360679.376599}
{"event": "TRAIN", "epoch": 147, "cursor": 1792, "train_count": 120355, "steps": 137400, "loss": [0.10429082065820694, 0.02467937208712101, 0.07961145043373108], "lr": 0.00025, "grad_norm": 0.26100268959999084, "time": 1790360680.579701, "seconds_this_epoch": 1.1193775869905949}
{"event": "TRAIN", "epoch": 147, "cursor": 14592, "train_count": 120355, "steps": 137500, "loss": [0.10629086941480637, 0.02408084273338318, 0.08221002668142319], "lr": 0.00025, "grad_norm": 0.24513345956802368, "time": 1790360689.8119972, "seconds_this_epoch": 10.351673699915409}
{"event": "TRAIN", "epoch": 147, "cursor": 27392, "train_count": 120355, "steps": 137600, "loss": [0.11545436084270477, 0.021961433812975883, 0.09349292516708374], "lr": 0.00025, "grad_norm": 0.2787226438522339, "time": 1790360698.9739733, "seconds_this_epoch": 19.51364986039698}
{"event": "TRAIN", "epoch": 147, "cursor": 40192, "train_count": 120355, "steps": 137700, "loss": [0.10750142484903336, 0.022733306512236595, 0.08476811647415161], "lr": 0.00025, "grad_norm": 0.29475831985473633, "time": 1790360707.755327, "seconds_this_epoch": 28.29500364139676}
{"event": "TRAIN", "epoch": 147, "cursor": 52992, "train_count": 120355, "steps": 137800, "loss": [0.099257692694664, 0.01981961354613304, 0.07943808287382126], "lr": 0.00025, "grad_norm": 0.30548009276390076, "time": 1790360716.30197, "seconds_this_epoch": 36.841646349057555}
{"event": "TRAIN", "epoch": 147, "cursor": 65792, "train_count": 120355, "steps": 137900, "loss": [0.0989857167005539, 0.020289961248636246, 0.07869575917720795], "lr": 0.00025, "grad_norm": 0.27357247471809387, "time": 1790360724.8179898, "seconds_this_epoch": 45.35766667500138}
{"event": "TRAIN", "epoch": 147, "cursor": 78592, "train_count": 120355, "steps": 138000, "loss": [0.08914206176996231, 0.023097001016139984, 0.06604506075382233], "lr": 0.00025, "grad_norm": 0.26164543628692627, "time": 1790360733.6896732, "seconds_this_epoch": 54.22934961505234}
{"event": "TRAIN", "epoch": 147, "cursor": 91392, "train_count": 120355, "steps": 138100, "loss": [0.10154201090335846, 0.01933326944708824, 0.08220874518156052], "lr": 0.00025, "grad_norm": 0.26654332876205444, "time": 1790360742.7387142, "seconds_this_epoch": 63.27839131653309}
{"event": "TRAIN", "epoch": 147, "cursor": 104192, "train_count": 120355, "steps": 138200, "loss": [0.10603001713752747, 0.022045118734240532, 0.08398489654064178], "lr": 0.00025, "grad_norm": 0.25922495126724243, "time": 1790360751.8180537, "seconds_this_epoch": 72.35773088410497}
{"event": "TRAIN", "epoch": 147, "cursor": 116992, "train_count": 120355, "steps": 138300, "loss": [0.10418300330638885, 0.022250918671488762, 0.08193208277225494], "lr": 0.00025, "grad_norm": 0.30106693506240845, "time": 1790360760.869487, "seconds_this_epoch": 81.40916399657726}
{"epoch": 147, "train": [0.10440760723586284, 0.021928627653758036, 0.08247897957814289], "val": [0.6122632997320542, 0.030291369913082938, 0.581971927385219], "lr": 0.00025, "best_val": 0.53043719986189, "best_epoch": 33, "seconds": 85.1202374920249, "steps": 138327, "peak_memory_bytes": 3222636544, "time": 1790360764.5808191}
{"event": "TRAIN", "epoch": 148, "cursor": 9344, "train_count": 120355, "steps": 138400, "loss": [0.10186979174613953, 0.021030528470873833, 0.08083926141262054], "lr": 0.00025, "grad_norm": 0.22667190432548523, "time": 1790360771.1061537, "seconds_this_epoch": 6.440280688926578}
{"event": "TRAIN", "epoch": 148, "cursor": 22144, "train_count": 120355, "steps": 138500, "loss": [0.1122249886393547, 0.020810695365071297, 0.09141429513692856], "lr": 0.00025, "grad_norm": 0.29696041345596313, "time": 1790360780.2065382, "seconds_this_epoch": 15.540665654465556}
{"event": "TRAIN", "epoch": 148, "cursor": 34944, "train_count": 120355, "steps": 138600, "loss": [0.10597624629735947, 0.018769854679703712, 0.0872063934803009], "lr": 0.00025, "grad_norm": 0.25354090332984924, "time": 1790360789.2092035, "seconds_this_epoch": 24.543330818414688}
{"event": "TRAIN", "epoch": 148, "cursor": 47744, "train_count": 120355, "steps": 138700, "loss": [0.11060773581266403, 0.02398774027824402, 0.08661999553442001], "lr": 0.00025, "grad_norm": 0.299576997756958, "time": 1790360797.956552, "seconds_this_epoch": 33.2906789816916}
{"event": "TRAIN", "epoch": 148, "cursor": 60544, "train_count": 120355, "steps": 138800, "loss": [0.10786010324954987, 0.02091321162879467, 0.08694688975811005], "lr": 0.00025, "grad_norm": 0.2720855176448822, "time": 1790360806.4955688, "seconds_this_epoch": 41.829695872962475}
{"event": "TRAIN", "epoch": 148, "cursor": 73344, "train_count": 120355, "steps": 138900, "loss": [0.11494147032499313, 0.021833032369613647, 0.09310843795537949], "lr": 0.00025, "grad_norm": 0.259867399930954, "time": 1790360815.0865297, "seconds_this_epoch": 50.42065695859492}
{"event": "TRAIN", "epoch": 148, "cursor": 86144, "train_count": 120355, "steps": 139000, "loss": [0.09982652962207794, 0.021651294082403183, 0.07817523926496506], "lr": 0.00025, "grad_norm": 0.23154909908771515, "time": 1790360823.5452337, "seconds_this_epoch": 58.87936085835099}
{"event": "TRAIN", "epoch": 148, "cursor": 98944, "train_count": 120355, "steps": 139100, "loss": [0.11300671100616455, 0.023040546104311943, 0.08996616303920746], "lr": 0.00025, "grad_norm": 0.2935642898082733, "time": 1790360832.1110508, "seconds_this_epoch": 67.44517780281603}
{"event": "TRAIN", "epoch": 148, "cursor": 111744, "train_count": 120355, "steps": 139200, "loss": [0.09724439680576324, 0.020311452448368073, 0.07693294435739517], "lr": 0.00025, "grad_norm": 0.2975185215473175, "time": 1790360840.506276, "seconds_this_epoch": 75.84040287323296}
{"epoch": 148, "train": [0.10421224600025665, 0.0219161996210965, 0.08229604628209305], "val": [0.61128512250425, 0.030323691802077616, 0.5809614241141029], "lr": 0.00025, "best_val": 0.53043719986189, "best_epoch": 33, "seconds": 82.90947050787508, "steps": 139268, "peak_memory_bytes": 3222636544, "time": 1790360847.5755978}
{"event": "TRAIN", "epoch": 149, "cursor": 4096, "train_count": 120355, "steps": 139300, "loss": [0.09768587350845337, 0.024191711097955704, 0.07349416613578796], "lr": 0.00025, "grad_norm": 0.2684169113636017, "time": 1790360850.245259, "seconds_this_epoch": 2.5855578668415546}
{"event": "TRAIN", "epoch": 149, "cursor": 16896, "train_count": 120355, "steps": 139400, "loss": [0.10630688816308975, 0.02206268347799778, 0.08424420654773712], "lr": 0.00025, "grad_norm": 0.2544836103916168, "time": 1790360858.8857043, "seconds_this_epoch": 11.226003535091877}
{"event": "TRAIN", "epoch": 149, "cursor": 29696, "train_count": 120355, "steps": 139500, "loss": [0.10126255452632904, 0.024100476875901222, 0.07716207951307297], "lr": 0.00025, "grad_norm": 0.2545594573020935, "time": 1790360867.4332335, "seconds_this_epoch": 19.773532424122095}
{"event": "TRAIN", "epoch": 149, "cursor": 42496, "train_count": 120355, "steps": 139600, "loss": [0.1079990342259407, 0.023023342713713646, 0.08497568964958191], "lr": 0.00025, "grad_norm": 0.2980068325996399, "time": 1790360876.0050602, "seconds_this_epoch": 28.345358891412616}
{"event": "TRAIN", "epoch": 149, "cursor": 55296, "train_count": 120355, "steps": 139700, "loss": [0.10451153665781021, 0.02253042347729206, 0.0819811150431633], "lr": 0.00025, "grad_norm": 0.2823913097381592, "time": 1790360884.5450335, "seconds_this_epoch": 36.885332526639104}
{"event": "TRAIN", "epoch": 149, "cursor": 68096, "train_count": 120355, "steps": 139800, "loss": [0.10592470318078995, 0.021993637084960938, 0.08393106609582901], "lr": 0.00025, "grad_norm": 0.26899150013923645, "time": 1790360893.1022573, "seconds_this_epoch": 45.442555636167526}
{"event": "TRAIN", "epoch": 149, "cursor": 80896, "train_count": 120355, "steps": 139900, "loss": [0.11286253482103348, 0.02241375856101513, 0.0904487743973732], "lr": 0.00025, "grad_norm": 0.25610244274139404, "time": 1790360901.5525002, "seconds_this_epoch": 53.89279882609844}
{"event": "TRAIN", "epoch": 149, "cursor": 93696, "train_count": 120355, "steps": 140000, "loss": [0.10440437495708466, 0.021529249846935272, 0.08287512511014938], "lr": 0.00025, "grad_norm": 0.3090808689594269, "time": 1790360910.0762324, "seconds_this_epoch": 62.41653165593743}
{"event": "TRAIN", "epoch": 149, "cursor": 106496, "train_count": 120355, "steps": 140100, "loss": [0.11272744089365005, 0.022115789353847504, 0.09061165153980255], "lr": 0.00025, "grad_norm": 0.31434258818626404, "time": 1790360918.607486, "seconds_this_epoch": 70.94778506830335}
{"event": "TRAIN", "epoch": 149, "cursor": 119296, "train_count": 120355, "steps": 140200, "loss": [0.1059684157371521, 0.022004473954439163, 0.08396393805742264], "lr": 0.00025, "grad_norm": 0.3388817608356476, "time": 1790360927.653566, "seconds_this_epoch": 79.99386497400701}
{"epoch": 149, "train": [0.10399591324429266, 0.02188208598031765, 0.08211382732286218], "val": [0.6140698227667003, 0.03041942099807436, 0.5836504034891907], "lr": 0.00025, "best_val": 0.53043719986189, "best_epoch": 33, "seconds": 82.03297064267099, "steps": 140209, "peak_memory_bytes": 3222636544, "time": 1790360929.6929286}
{"event": "TRAIN", "epoch": 150, "cursor": 11648, "train_count": 120355, "steps": 140300, "loss": [0.09403924643993378, 0.02034345082938671, 0.07369579374790192], "lr": 0.00025, "grad_norm": 0.2628127634525299, "time": 1790360937.9821038, "seconds_this_epoch": 8.204134035855532}
{"event": "TRAIN", "epoch": 150, "cursor": 24448, "train_count": 120355, "steps": 140400, "loss": [0.1048106700181961, 0.022963479161262512, 0.0818471908569336], "lr": 0.00025, "grad_norm": 0.3123571574687958, "time": 1790360947.0906632, "seconds_this_epoch": 17.312693160027266}
{"event": "TRAIN", "epoch": 150, "cursor": 37248, "train_count": 120355, "steps": 140500, "loss": [0.09710370004177094, 0.021805766969919205, 0.07529793679714203], "lr": 0.00025, "grad_norm": 0.33690953254699707, "time": 1790360956.2613392, "seconds_this_epoch": 26.48336934670806}
{"event": "TRAIN", "epoch": 150, "cursor": 50048, "train_count": 120355, "steps": 140600, "loss": [0.09800614416599274, 0.020785896107554436, 0.07722024619579315], "lr": 0.00025, "grad_norm": 0.2583985924720764, "time": 1790360965.3507938, "seconds_this_epoch": 35.572823816910386}
{"event": "TRAIN", "epoch": 150, "cursor": 62848, "train_count": 120355, "steps": 140700, "loss": [0.10192538797855377, 0.025253232568502426, 0.07667215913534164], "lr": 0.00025, "grad_norm": 0.27739083766937256, "time": 1790360974.418039, "seconds_this_epoch": 44.640069821849465}
{"event": "TRAIN", "epoch": 150, "cursor": 75648, "train_count": 120355, "steps": 140800, "loss": [0.09839286655187607, 0.02177104912698269, 0.07662181556224823], "lr": 0.00025, "grad_norm": 0.27948659658432007, "time": 1790360983.3595831, "seconds_this_epoch": 53.58161334693432}
{"event": "TRAIN", "epoch": 150, "cursor": 88448, "train_count": 120355, "steps": 140900, "loss": [0.09975597262382507, 0.019441060721874237, 0.08031491190195084], "lr": 0.00025, "grad_norm": 0.26155155897140503, "time": 1790360992.4487705, "seconds_this_epoch": 62.670800887048244}
{"event": "TRAIN", "epoch": 150, "cursor": 101248, "train_count": 120355, "steps": 141000, "loss": [0.10406044125556946, 0.02078954502940178, 0.08327089250087738], "lr": 0.00025, "grad_norm": 0.3116721212863922, "time": 1790361001.4648244, "seconds_this_epoch": 71.68685457669199}
{"event": "TRAIN", "epoch": 150, "cursor": 114048, "train_count": 120355, "steps": 141100, "loss": [0.1109175831079483, 0.024129822850227356, 0.08678776025772095], "lr": 0.00025, "grad_norm": 0.289943128824234, "time": 1790361010.6069016, "seconds_this_epoch": 80.82893213815987}
{"epoch": 150, "train": [0.10375401829603251, 0.02186847116119838, 0.08188554708476843], "val": [0.6124647780517386, 0.030262338546375795, 0.5822024364297418], "lr": 0.00025, "best_val": 0.53043719986189, "best_epoch": 33, "seconds": 86.67187068983912, "steps": 141150, "peak_memory_bytes": 3222636544, "time": 1790361016.4501004}
{"event": "TRAIN", "epoch": 151, "cursor": 6400, "train_count": 120355, "steps": 141200, "loss": [0.09084243327379227, 0.02074204385280609, 0.07010038942098618], "lr": 0.00025, "grad_norm": 0.30069950222969055, "time": 1790361020.8798063, "seconds_this_epoch": 4.345470167696476}
{"event": "TRAIN", "epoch": 151, "cursor": 19200, "train_count": 120355, "steps": 141300, "loss": [0.09619639813899994, 0.023847607895731926, 0.07234878838062286], "lr": 0.00025, "grad_norm": 0.28387102484703064, "time": 1790361030.0672238, "seconds_this_epoch": 13.532887371256948}
{"event": "TRAIN", "epoch": 151, "cursor": 32000, "train_count": 120355, "steps": 141400, "loss": [0.10332752764225006, 0.02239101380109787, 0.08093651384115219], "lr": 0.00025, "grad_norm": 0.24291770160198212, "time": 1790361038.5547862, "seconds_this_epoch": 22.020450236275792}
{"event": "TRAIN", "epoch": 151, "cursor": 44800, "train_count": 120355, "steps": 141500, "loss": [0.11517348885536194, 0.022754844278097153, 0.09241864830255508], "lr": 0.00025, "grad_norm": 0.2862713932991028, "time": 1790361047.1044374, "seconds_this_epoch": 30.570101600140333}
{"event": "TRAIN", "epoch": 151, "cursor": 57600, "train_count": 120355, "steps": 141600, "loss": [0.1015244573354721, 0.02070419304072857, 0.08082026243209839], "lr": 0.00025, "grad_norm": 0.260589599609375, "time": 1790361055.5997312, "seconds_this_epoch": 39.06539519689977}
{"event": "TRAIN", "epoch": 151, "cursor": 70400, "train_count": 120355, "steps": 141700, "loss": [0.11548595130443573, 0.025685500353574753, 0.08980045467615128], "lr": 0.00025, "grad_norm": 0.27890610694885254, "time": 1790361064.10996, "seconds_this_epoch": 47.57562458887696}
{"event": "TRAIN", "epoch": 151, "cursor": 83200, "train_count": 120355, "steps": 141800, "loss": [0.103055939078331, 0.02213982865214348, 0.08091611415147781], "lr": 0.00025, "grad_norm": 0.3001028299331665, "time": 1790361072.6707592, "seconds_this_epoch": 56.136423513293266}
{"event": "TRAIN", "epoch": 151, "cursor": 96000, "train_count": 120355, "steps": 141900, "loss": [0.10117107629776001, 0.021441137418150902, 0.07972993701696396], "lr": 0.00025, "grad_norm": 0.24164003133773804, "time": 1790361081.247147, "seconds_this_epoch": 64.71281089633703}
{"event": "TRAIN", "epoch": 151, "cursor": 108800, "train_count": 120355, "steps": 142000, "loss": [0.09561225026845932, 0.021406052634119987, 0.07420619577169418], "lr": 0.00025, "grad_norm": 0.2329792082309723, "time": 1790361089.7673054, "seconds_this_epoch": 73.23296920396388}
{"epoch": 151, "train": [0.10357734672989845, 0.021845020771916187, 0.08173232595545964], "val": [0.6141312737825778, 0.030292623589718518, 0.5838386476877881], "lr": 0.00025, "best_val": 0.53043719986189, "best_epoch": 33, "seconds": 82.30099297687411, "steps": 142091, "peak_memory_bytes": 3222636544, "time": 1790361098.8356164}
{"event": "TRAIN", "epoch": 152, "cursor": 1152, "train_count": 120355, "steps": 142100, "loss": [0.0789354220032692, 0.0196011271327734, 0.05933429300785065], "lr": 0.00025, "grad_norm": 0.24381360411643982, "time": 1790361099.597176, "seconds_this_epoch": 0.6776592880487442}
{"event": "TRAIN", "epoch": 152, "cursor": 13952, "train_count": 120355, "steps": 142200, "loss": [0.09032632410526276, 0.022573666647076607, 0.0677526593208313], "lr": 0.00025, "grad_norm": 0.22562453150749207, "time": 1790361108.1547773, "seconds_this_epoch": 9.235260393470526}
{"event": "TRAIN", "epoch": 152, "cursor": 26752, "train_count": 120355, "steps": 142300, "loss": [0.10165028274059296, 0.020543526858091354, 0.0811067596077919], "lr": 0.00025, "grad_norm": 0.34308239817619324, "time": 1790361116.7079895, "seconds_this_epoch": 17.788472279906273}
{"event": "TRAIN", "epoch": 152, "cursor": 39552, "train_count": 120355, "steps": 142400, "loss": [0.10296735167503357, 0.0188286192715168, 0.08413872867822647], "lr": 0.00025, "grad_norm": 0.2766883373260498, "time": 1790361125.1791086, "seconds_this_epoch": 26.259591843932867}
{"event": "TRAIN", "epoch": 152, "cursor": 52352, "train_count": 120355, "steps": 142500, "loss": [0.10076291114091873, 0.02324473299086094, 0.07751818001270294], "lr": 0.00025, "grad_norm": 0.27053695917129517, "time": 1790361133.8166387, "seconds_this_epoch": 34.89712184667587}
{"event": "TRAIN", "epoch": 152, "cursor": 65152, "train_count": 120355, "steps": 142600, "loss": [0.09475322812795639, 0.02124437689781189, 0.0735088512301445], "lr": 0.00025, "grad_norm": 0.24637822806835175, "time": 1790361142.858207, "seconds_this_epoch": 43.93868984095752}
{"event": "TRAIN", "epoch": 152, "cursor": 77952, "train_count": 120355, "steps": 142700, "loss": [0.10487882792949677, 0.021352170035243034, 0.08352665603160858], "lr": 0.00025, "grad_norm": 0.31564903259277344, "time": 1790361151.8409736, "seconds_this_epoch": 52.92145715095103}
{"event": "TRAIN", "epoch": 152, "cursor": 90752, "train_count": 120355, "steps": 142800, "loss": [0.10113354027271271, 0.023369180038571358, 0.0777643620967865], "lr": 0.00025, "grad_norm": 0.294447124004364, "time": 1790361160.802402, "seconds_this_epoch": 61.88288508169353}
{"event": "TRAIN", "epoch": 152, "cursor": 103552, "train_count": 120355, "steps": 142900, "loss": [0.11076138913631439, 0.02256581373512745, 0.08819557726383209], "lr": 0.00025, "grad_norm": 0.2850232720375061, "time": 1790361169.7819316, "seconds_this_epoch": 70.8624151404947}
{"event": "TRAIN", "epoch": 152, "cursor": 116352, "train_count": 120355, "steps": 143000, "loss": [0.11221005022525787, 0.021496381610631943, 0.09071367233991623], "lr": 0.00025, "grad_norm": 0.28983068466186523, "time": 1790361178.8331244, "seconds_this_epoch": 79.91360735148191}
{"epoch": 152, "train": [0.10342253750978422, 0.02182528399412957, 0.08159725356013342], "val": [0.6164703976063182, 0.03031842095424699, 0.5861519790501641], "lr": 0.00025, "best_val": 0.53043719986189, "best_epoch": 33, "seconds": 84.01278429105878, "steps": 143032, "peak_memory_bytes": 3222636544, "time": 1790361182.9325483}
{"event": "TRAIN", "epoch": 153, "cursor": 8704, "train_count": 120355, "steps": 143100, "loss": [0.10921837389469147, 0.02151142992079258, 0.08770694583654404], "lr": 0.00025, "grad_norm": 0.28392624855041504, "time": 1790361189.0006428, "seconds_this_epoch": 5.983644099906087}
{"event": "TRAIN", "epoch": 153, "cursor": 21504, "train_count": 120355, "steps": 143200, "loss": [0.10174302011728287, 0.021548258140683174, 0.08019476383924484], "lr": 0.00025, "grad_norm": 0.28989043831825256, "time": 1790361198.1165292, "seconds_this_epoch": 15.09952985867858}
{"event": "TRAIN", "epoch": 153, "cursor": 34304, "train_count": 120355, "steps": 143300, "loss": [0.10691580176353455, 0.022303937003016472, 0.08461186289787292], "lr": 0.00025, "grad_norm": 0.30646786093711853, "time": 1790361206.9826076, "seconds_this_epoch": 23.9656083881855}
{"event": "TRAIN", "epoch": 153, "cursor": 47104, "train_count": 120355, "steps": 143400, "loss": [0.10757289826869965, 0.020978044718503952, 0.0865948498249054], "lr": 0.00025, "grad_norm": 0.3158879578113556, "time": 1790361215.524097, "seconds_this_epoch": 32.50709762983024}
{"event": "TRAIN", "epoch": 153, "cursor": 59904, "train_count": 120355, "steps": 143500, "loss": [0.10957606136798859, 0.02223939076066017, 0.08733667433261871], "lr": 0.00025, "grad_norm": 0.2640365958213806, "time": 1790361224.1176484, "seconds_this_epoch": 41.100649463012815}
{"event": "TRAIN", "epoch": 153, "cursor": 72704, "train_count": 120355, "steps": 143600, "loss": [0.10438831895589828, 0.021696140989661217, 0.08269217610359192], "lr": 0.00025, "grad_norm": 0.28476786613464355, "time": 1790361232.5340247, "seconds_this_epoch": 49.517024939879775}
{"event": "TRAIN", "epoch": 153, "cursor": 85504, "train_count": 120355, "steps": 143700, "loss": [0.09786596149206161, 0.020895635709166527, 0.07697032392024994], "lr": 0.00025, "grad_norm": 0.3469126522541046, "time": 1790361240.9700665, "seconds_this_epoch": 57.95306718349457}
{"event": "TRAIN", "epoch": 153, "cursor": 98304, "train_count": 120355, "steps": 143800, "loss": [0.1005307137966156, 0.021918920800089836, 0.07861179113388062], "lr": 0.00025, "grad_norm": 0.27195310592651367, "time": 1790361249.848194, "seconds_this_epoch": 66.83119452744722}
{"event": "TRAIN", "epoch": 153, "cursor": 111104, "train_count": 120355, "steps": 143900, "loss": [0.1051039919257164, 0.02620483934879303, 0.07889915257692337], "lr": 0.00025, "grad_norm": 0.31273460388183594, "time": 1790361258.5276344, "seconds_this_epoch": 75.51063546538353}
{"epoch": 153, "train": [0.10327122027790248, 0.02180796601460146, 0.08146325425591884], "val": [0.6148675388110244, 0.03029725611691271, 0.5845702791014297], "lr": 0.00025, "best_val": 0.53043719986189, "best_epoch": 33, "seconds": 83.17453223466873, "steps": 143973, "peak_memory_bytes": 3222636544, "time": 1790361266.191777}
{"event": "TRAIN", "epoch": 154, "cursor": 3456, "train_count": 120355, "steps": 144000, "loss": [0.10400986671447754, 0.020055223256349564, 0.08395464718341827], "lr": 0.00025, "grad_norm": 0.32673972845077515, "time": 1790361268.6655157, "seconds_this_epoch": 2.3902907334268093}
{"event": "TRAIN", "epoch": 154, "cursor": 16256, "train_count": 120355, "steps": 144100, "loss": [0.10243773460388184, 0.02432223968207836, 0.07811549305915833], "lr": 0.00025, "grad_norm": 0.2916477620601654, "time": 1790361277.851308, "seconds_this_epoch": 11.576082568615675}
{"event": "TRAIN", "epoch": 154, "cursor": 29056, "train_count": 120355, "steps": 144200, "loss": [0.11028202623128891, 0.022213758900761604, 0.08806826919317245], "lr": 0.00025, "grad_norm": 0.26725006103515625, "time": 1790361286.4555798, "seconds_this_epoch": 20.180354103446007}
{"event": "TRAIN", "epoch": 154, "cursor": 41856, "train_count": 120355, "steps": 144300, "loss": [0.1087741106748581, 0.022797008976340294, 0.08597709983587265], "lr": 0.00025, "grad_norm": 0.25759193301200867, "time": 1790361295.1150248, "seconds_this_epoch": 28.839799659326673}
{"event": "TRAIN", "epoch": 154, "cursor": 54656, "train_count": 120355, "steps": 144400, "loss": [0.09823508560657501, 0.024407343938946724, 0.07382774353027344], "lr": 0.00025, "grad_norm": 0.30585023760795593, "time": 1790361303.7118797, "seconds_this_epoch": 37.4366544727236}
{"event": "TRAIN", "epoch": 154, "cursor": 67456, "train_count": 120355, "steps": 144500, "loss": [0.09933958202600479, 0.01961224526166916, 0.07972733676433563], "lr": 0.00025, "grad_norm": 0.3224051296710968, "time": 1790361312.257419, "seconds_this_epoch": 45.98219372332096}
{"event": "TRAIN", "epoch": 154, "cursor": 80256, "train_count": 120355, "steps": 144600, "loss": [0.10245104134082794, 0.02322843298316002, 0.07922261208295822], "lr": 0.00025, "grad_norm": 0.28869393467903137, "time": 1790361320.7521753, "seconds_this_epoch": 54.4769504647702}
{"event": "TRAIN", "epoch": 154, "cursor": 93056, "train_count": 120355, "steps": 144700, "loss": [0.09616591036319733, 0.02388131618499756, 0.07228459417819977], "lr": 0.00025, "grad_norm": 0.32748058438301086, "time": 1790361329.2839174, "seconds_this_epoch": 63.00869269669056}
{"event": "TRAIN", "epoch": 154, "cursor": 105856, "train_count": 120355, "steps": 144800, "loss": [0.11975856870412827, 0.02407136559486389, 0.09568720310926437], "lr": 0.00025, "grad_norm": 0.3091462552547455, "time": 1790361337.8166745, "seconds_this_epoch": 71.54144949279726}
{"event": "TRAIN", "epoch": 154, "cursor": 118656, "train_count": 120355, "steps": 144900, "loss": [0.10519886761903763, 0.024492351338267326, 0.08070651441812515], "lr": 0.00025, "grad_norm": 0.3545014262199402, "time": 1790361346.435945, "seconds_this_epoch": 80.16071966849267}
{"epoch": 154, "train": [0.10308626075400794, 0.021779020996221473, 0.08130723972302678], "val": [0.6157597515563782, 0.030271962387562513, 0.5854877861466837], "lr": 0.00025, "best_val": 0.53043719986189, "best_epoch": 33, "seconds": 82.55935413576663, "steps": 144914, "peak_memory_bytes": 3222636544, "time": 1790361348.8348184}
{"event": "TRAIN", "epoch": 155, "cursor": 11008, "train_count": 120355, "steps": 145000, "loss": [0.10109122097492218, 0.02179908938705921, 0.07929213345050812], "lr": 0.00025, "grad_norm": 0.3053129017353058, "time": 1790361356.4910033, "seconds_this_epoch": 7.571751955896616}
{"event": "TRAIN", "epoch": 155, "cursor": 23808, "train_count": 120355, "steps": 145100, "loss": [0.09597185254096985, 0.02040671557188034, 0.07556513696908951], "lr": 0.00025, "grad_norm": 0.31390580534935, "time": 1790361365.5682104, "seconds_this_epoch": 16.648959163576365}
{"event": "TRAIN", "epoch": 155, "cursor": 36608, "train_count": 120355, "steps": 145200, "loss": [0.11500033736228943, 0.022812724113464355, 0.09218761324882507], "lr": 0.00025, "grad_norm": 0.27917367219924927, "time": 1790361374.0609617, "seconds_this_epoch": 25.141710164025426}
{"event": "TRAIN", "epoch": 155, "cursor": 49408, "train_count": 120355, "steps": 145300, "loss": [0.09351350367069244, 0.01806442253291607, 0.07544907927513123], "lr": 0.00025, "grad_norm": 0.28612661361694336, "time": 1790361382.6035109, "seconds_this_epoch": 33.68425986729562}
{"event": "TRAIN", "epoch": 155, "cursor": 62208, "train_count": 120355, "steps": 145400, "loss": [0.101975217461586, 0.02145990915596485, 0.0805153101682663], "lr": 0.00025, "grad_norm": 0.30092111229896545, "time": 1790361391.1454628, "seconds_this_epoch": 42.22621141374111}
{"event": "TRAIN", "epoch": 155, "cursor": 75008, "train_count": 120355, "steps": 145500, "loss": [0.10525691509246826, 0.021239925175905228, 0.08401699364185333], "lr": 0.00025, "grad_norm": 0.26944682002067566, "time": 1790361399.584433, "seconds_this_epoch": 50.66518157161772}
{"event": "TRAIN", "epoch": 155, "cursor": 87808, "train_count": 120355, "steps": 145600, "loss": [0.09980857372283936, 0.019334912300109863, 0.08047366142272949], "lr": 0.00025, "grad_norm": 0.2869113087654114, "time": 1790361408.1632779, "seconds_this_epoch": 59.24402709491551}
{"event": "TRAIN", "epoch": 155, "cursor": 100608, "train_count": 120355, "steps": 145700, "loss": [0.09749405831098557, 0.021768709644675255, 0.07572534680366516], "lr": 0.00025, "grad_norm": 0.28178200125694275, "time": 1790361416.7454145, "seconds_this_epoch": 67.82616334594786}
{"event": "TRAIN", "epoch": 155, "cursor": 113408, "train_count": 120355, "steps": 145800, "loss": [0.11879836022853851, 0.02312673255801201, 0.0956716313958168], "lr": 0.00025, "grad_norm": 0.3473227024078369, "time": 1790361425.348219, "seconds_this_epoch": 76.42896797694266}
{"epoch": 155, "train": [0.1028801394850517, 0.021771229045256427, 0.08110891048644073], "val": [0.6142455309834481, 0.030258108123205323, 0.5839874215230163], "lr": 0.00025, "best_val": 0.53043719986189, "best_epoch": 33, "seconds": 82.44389839656651, "steps": 145855, "peak_memory_bytes": 3222636544, "time": 1790361431.363397}
{"event": "TRAIN", "epoch": 156, "cursor": 5760, "train_count": 120355, "steps": 145900, "loss": [0.11270087957382202, 0.02253122441470623, 0.09016965329647064], "lr": 0.00025, "grad_norm": 0.22085101902484894, "time": 1790361435.183243, "seconds_this_epoch": 3.7363581135869026}
{"event": "TRAIN", "epoch": 156, "cursor": 18560, "train_count": 120355, "steps": 146000, "loss": [0.10095500200986862, 0.02139258198440075, 0.07956241816282272], "lr": 0.00025, "grad_norm": 0.268395334482193, "time": 1790361443.85636, "seconds_this_epoch": 12.4094755128026}
{"event": "TRAIN", "epoch": 156, "cursor": 31360, "train_count": 120355, "steps": 146100, "loss": [0.09705395996570587, 0.021709775552153587, 0.07534418255090714], "lr": 0.00025, "grad_norm": 0.3308091163635254, "time": 1790361452.4459953, "seconds_this_epoch": 20.999110627919436}
{"event": "TRAIN", "epoch": 156, "cursor": 44160, "train_count": 120355, "steps": 146200, "loss": [0.10749673843383789, 0.023589078336954117, 0.08390765637159348], "lr": 0.00025, "grad_norm": 0.33428922295570374, "time": 1790361460.9144354, "seconds_this_epoch": 29.467550169676542}
{"event": "TRAIN", "epoch": 156, "cursor": 56960, "train_count": 120355, "steps": 146300, "loss": [0.11487741768360138, 0.02075323835015297, 0.09412417560815811], "lr": 0.00025, "grad_norm": 0.3736705482006073, "time": 1790361469.4074802, "seconds_this_epoch": 37.960595643147826}
{"event": "TRAIN", "epoch": 156, "cursor": 69760, "train_count": 120355, "steps": 146400, "loss": [0.09628081321716309, 0.022056803107261658, 0.07422401010990143], "lr": 0.00025, "grad_norm": 0.2555721402168274, "time": 1790361477.950885, "seconds_this_epoch": 46.50400044769049}
{"event": "TRAIN", "epoch": 156, "cursor": 82560, "train_count": 120355, "steps": 146500, "loss": [0.10474520176649094, 0.022610904648900032, 0.08213429898023605], "lr": 0.00025, "grad_norm": 0.3543970584869385, "time": 1790361486.5561748, "seconds_this_epoch": 55.10929013043642}
{"event": "TRAIN", "epoch": 156, "cursor": 95360, "train_count": 120355, "steps": 146600, "loss": [0.08983714133501053, 0.02113998867571354, 0.06869715452194214], "lr": 0.00025, "grad_norm": 0.2853069305419922, "time": 1790361495.0194328, "seconds_this_epoch": 63.57254809513688}
{"event": "TRAIN", "epoch": 156, "cursor": 108160, "train_count": 120355, "steps": 146700, "loss": [0.10181044042110443, 0.022372471168637276, 0.0794379711151123], "lr": 0.00025, "grad_norm": 0.3134252727031708, "time": 1790361503.620362, "seconds_this_epoch": 72.17347785271704}
{"epoch": 156, "train": [0.10261043919434769, 0.021737606248779916, 0.08087283287821509], "val": [0.6169593559208653, 0.030265969936625885, 0.5866933853156261], "lr": 0.00025, "best_val": 0.53043719986189, "best_epoch": 33, "seconds": 81.64099553786218, "steps": 146796, "peak_memory_bytes": 3222636544, "time": 1790361513.0881236}
{"event": "TRAIN", "epoch": 157, "cursor": 512, "train_count": 120355, "steps": 146800, "loss": [0.10571172833442688, 0.020097993314266205, 0.08561373502016068], "lr": 0.00025, "grad_norm": 0.2508937418460846, "time": 1790361513.4673471, "seconds_this_epoch": 0.2936198841780424}
{"event": "TRAIN", "epoch": 157, "cursor": 13312, "train_count": 120355, "steps": 146900, "loss": [0.09912530332803726, 0.020631341263651848, 0.07849396020174026], "lr": 0.00025, "grad_norm": 0.3315289616584778, "time": 1790361521.939347, "seconds_this_epoch": 8.765620097517967}
{"event": "TRAIN", "epoch": 157, "cursor": 26112, "train_count": 120355, "steps": 147000, "loss": [0.10355118662118912, 0.02440805546939373, 0.07914312928915024], "lr": 0.00025, "grad_norm": 0.27865520119667053, "time": 1790361530.4775229, "seconds_this_epoch": 17.303796216845512}
{"event": "TRAIN", "epoch": 157, "cursor": 38912, "train_count": 120355, "steps": 147100, "loss": [0.10464424639940262, 0.019009655341506004, 0.08563458919525146], "lr": 0.00025, "grad_norm": 0.3224901258945465, "time": 1790361538.9820976, "seconds_this_epoch": 25.80837122350931}
{"event": "TRAIN", "epoch": 157, "cursor": 51712, "train_count": 120355, "steps": 147200, "loss": [0.09849502891302109, 0.021553384140133858, 0.07694164663553238], "lr": 0.00025, "grad_norm": 0.2732231020927429, "time": 1790361547.5655265, "seconds_this_epoch": 34.391799503937364}
{"event": "TRAIN", "epoch": 157, "cursor": 64512, "train_count": 120355, "steps": 147300, "loss": [0.09780547022819519, 0.020520340651273727, 0.07728513330221176], "lr": 0.00025, "grad_norm": 0.25770729780197144, "time": 1790361556.0956624, "seconds_this_epoch": 42.92193580791354}
{"event": "TRAIN", "epoch": 157, "cursor": 77312, "train_count": 120355, "steps": 147400, "loss": [0.10753253102302551, 0.020892875269055367, 0.0866396576166153], "lr": 0.00025, "grad_norm": 0.3486267626285553, "time": 1790361564.6271248, "seconds_this_epoch": 51.45339838042855}
{"event": "TRAIN", "epoch": 157, "cursor": 90112, "train_count": 120355, "steps": 147500, "loss": [0.11197850853204727, 0.0233315397053957, 0.08864697068929672], "lr": 0.00025, "grad_norm": 0.2993015646934509, "time": 1790361573.0845442, "seconds_this_epoch": 59.91081771068275}
{"event": "TRAIN", "epoch": 157, "cursor": 102912, "train_count": 120355, "steps": 147600, "loss": [0.10258925706148148, 0.022315597161650658, 0.08027365803718567], "lr": 0.00025, "grad_norm": 0.4114880859851837, "time": 1790361581.576729, "seconds_this_epoch": 68.40300234034657}
{"event": "TRAIN", "epoch": 157, "cursor": 115712, "train_count": 120355, "steps": 147700, "loss": [0.10082678496837616, 0.022004831582307816, 0.07882194966077805], "lr": 0.00025, "grad_norm": 0.29829490184783936, "time": 1790361590.056225, "seconds_this_epoch": 76.88249800540507}
{"epoch": 157, "train": [0.10247518230864297, 0.021724979143111053, 0.0807502032298203], "val": [0.6173914750108026, 0.030290605046240614, 0.5871008657032667], "lr": 0.00025, "best_val": 0.53043719986189, "best_epoch": 33, "seconds": 81.24737295880914, "steps": 147737, "peak_memory_bytes": 3222636544, "time": 1790361594.4213436}
{"event": "TRAIN", "epoch": 158, "cursor": 8064, "train_count": 120355, "steps": 147800, "loss": [0.11917058378458023, 0.019768215715885162, 0.09940236806869507], "lr": 0.00025, "grad_norm": 0.42683467268943787, "time": 1790361599.7660682, "seconds_this_epoch": 5.260628886520863}
{"event": "TRAIN", "epoch": 158, "cursor": 20864, "train_count": 120355, "steps": 147900, "loss": [0.1034184992313385, 0.023628022521734238, 0.07979047298431396], "lr": 0.00025, "grad_norm": 0.3788025975227356, "time": 1790361608.4404173, "seconds_this_epoch": 13.934977723285556}
{"event": "TRAIN", "epoch": 158, "cursor": 33664, "train_count": 120355, "steps": 148000, "loss": [0.10888105630874634, 0.024323131889104843, 0.0845579206943512], "lr": 0.00025, "grad_norm": 0.31045863032341003, "time": 1790361616.9339306, "seconds_this_epoch": 22.428491106256843}
{"event": "TRAIN", "epoch": 158, "cursor": 46464, "train_count": 120355, "steps": 148100, "loss": [0.10179043561220169, 0.022133124992251396, 0.07965730875730515], "lr": 0.00025, "grad_norm": 0.32427141070365906, "time": 1790361625.4418018, "seconds_this_epoch": 30.936362151056528}
{"event": "TRAIN", "epoch": 158, "cursor": 59264, "train_count": 120355, "steps": 148200, "loss": [0.09684884548187256, 0.022521687671542168, 0.07432715594768524], "lr": 0.00025, "grad_norm": 0.30102837085723877, "time": 1790361633.96663, "seconds_this_epoch": 39.46119032613933}
{"event": "TRAIN", "epoch": 158, "cursor": 72064, "train_count": 120355, "steps": 148300, "loss": [0.10073008388280869, 0.01983424834907055, 0.08089583367109299], "lr": 0.00025, "grad_norm": 0.3748338520526886, "time": 1790361642.5382261, "seconds_this_epoch": 48.0327866692096}
{"event": "TRAIN", "epoch": 158, "cursor": 84864, "train_count": 120355, "steps": 148400, "loss": [0.10033226013183594, 0.021263791248202324, 0.07906846702098846], "lr": 0.00025, "grad_norm": 0.28369036316871643, "time": 1790361651.1393504, "seconds_this_epoch": 56.63391078822315}
{"event": "TRAIN", "epoch": 158, "cursor": 97664, "train_count": 120355, "steps": 148500, "loss": [0.10773765295743942, 0.0212931539863348, 0.08644449710845947], "lr": 0.00025, "grad_norm": 0.3247615098953247, "time": 1790361659.736751, "seconds_this_epoch": 65.23131158016622}
{"event": "TRAIN", "epoch": 158, "cursor": 110464, "train_count": 120355, "steps": 148600, "loss": [0.10172046720981598, 0.020842894911766052, 0.08087757229804993], "lr": 0.00025, "grad_norm": 0.25448864698410034, "time": 1790361668.325232, "seconds_this_epoch": 73.81979249231517}
{"epoch": 158, "train": [0.102270049323623, 0.02170338103595127, 0.08056666818772606], "val": [0.6176208975854977, 0.030420709041432282, 0.5872001926805529], "lr": 0.00025, "best_val": 0.53043719986189, "best_epoch": 33, "seconds": 81.690903916955, "steps": 148678, "peak_memory_bytes": 3222636544, "time": 1790361676.1965883}
{"event": "TRAIN", "epoch": 159, "cursor": 2816, "train_count": 120355, "steps": 148700, "loss": [0.10787437111139297, 0.021903233602643013, 0.08597113937139511], "lr": 0.00025, "grad_norm": 0.37409156560897827, "time": 1790361677.999489, "seconds_this_epoch": 1.7190023381263018}
{"event": "TRAIN", "epoch": 159, "cursor": 15616, "train_count": 120355, "steps": 148800, "loss": [0.09728588163852692, 0.019729379564523697, 0.07755650579929352], "lr": 0.00025, "grad_norm": 0.277818888425827, "time": 1790361686.5208375, "seconds_this_epoch": 10.240350782871246}
{"event": "TRAIN", "epoch": 159, "cursor": 28416, "train_count": 120355, "steps": 148900, "loss": [0.0997038409113884, 0.021619834005832672, 0.07808400690555573], "lr": 0.00025, "grad_norm": 0.34581777453422546, "time": 1790361695.0745816, "seconds_this_epoch": 18.794095028191805}
{"event": "TRAIN", "epoch": 159, "cursor": 41216, "train_count": 120355, "steps": 149000, "loss": [0.09784497320652008, 0.021713029593229294, 0.07613193988800049], "lr": 0.00025, "grad_norm": 0.24418815970420837, "time": 1790361703.5570498, "seconds_this_epoch": 27.276563243940473}
{"event": "TRAIN", "epoch": 159, "cursor": 54016, "train_count": 120355, "steps": 149100, "loss": [0.10663369297981262, 0.020915407687425613, 0.08571828156709671], "lr": 0.00025, "grad_norm": 0.30442938208580017, "time": 1790361712.0109408, "seconds_this_epoch": 35.730453725904226}
{"event": "TRAIN", "epoch": 159, "cursor": 66816, "train_count": 120355, "steps": 149200, "loss": [0.09665323793888092, 0.02220214530825615, 0.07445108890533447], "lr": 0.00025, "grad_norm": 0.28634411096572876, "time": 1790361720.6485362, "seconds_this_epoch": 44.368049409240484}
{"event": "TRAIN", "epoch": 159, "cursor": 79616, "train_count": 120355, "steps": 149300, "loss": [0.09343506395816803, 0.021532287821173668, 0.07190277427434921], "lr": 0.00025, "grad_norm": 0.26031091809272766, "time": 1790361729.2663, "seconds_this_epoch": 52.9858127143234}
{"event": "TRAIN", "epoch": 159, "cursor": 92416, "train_count": 120355, "steps": 149400, "loss": [0.08720177412033081, 0.02060008980333805, 0.06660168617963791], "lr": 0.00025, "grad_norm": 0.29276371002197266, "time": 1790361737.847891, "seconds_this_epoch": 61.567403906956315}
{"event": "TRAIN", "epoch": 159, "cursor": 105216, "train_count": 120355, "steps": 149500, "loss": [0.10509330034255981, 0.022580381482839584, 0.08251291513442993], "lr": 0.00025, "grad_norm": 0.2932475209236145, "time": 1790361746.3767514, "seconds_this_epoch": 70.09626443311572}
{"event": "TRAIN", "epoch": 159, "cursor": 118016, "train_count": 120355, "steps": 149600, "loss": [0.09935945272445679, 0.021656949073076248, 0.07770250737667084], "lr": 0.00025, "grad_norm": 0.29920610785484314, "time": 1790361754.9645176, "seconds_this_epoch": 78.68403036519885}
{"epoch": 159, "train": [0.10213403023835416, 0.021689443430417565, 0.0804445868466582], "val": [0.6173047228127656, 0.030296297878196345, 0.5870084285807403], "lr": 0.00025, "best_val": 0.53043719986189, "best_epoch": 33, "seconds": 81.51230552233756, "steps": 149619, "peak_memory_bytes": 3222636544, "time": 1790361757.7930021}
{"event": "TRAIN", "epoch": 160, "cursor": 10368, "train_count": 120355, "steps": 149700, "loss": [0.11438419669866562, 0.022119790315628052, 0.09226440638303757], "lr": 0.00025, "grad_norm": 0.27625662088394165, "time": 1790361764.6740584, "seconds_this_epoch": 6.805631196126342}
{"event": "TRAIN", "epoch": 160, "cursor": 23168, "train_count": 120355, "steps": 149800, "loss": [0.09892576187849045, 0.020552853122353554, 0.07837291061878204], "lr": 0.00025, "grad_norm": 0.32104024291038513, "time": 1790361773.2188742, "seconds_this_epoch": 15.350446630269289}
{"event": "TRAIN", "epoch": 160, "cursor": 35968, "train_count": 120355, "steps": 149900, "loss": [0.09867444634437561, 0.021602410823106766, 0.07707203179597855], "lr": 0.00025, "grad_norm": 0.2825716435909271, "time": 1790361781.464922, "seconds_this_epoch": 23.596494195982814}
{"event": "TRAIN", "epoch": 160, "cursor": 48768, "train_count": 120355, "steps": 150000, "loss": [0.09432872384786606, 0.02149210125207901, 0.07283662259578705], "lr": 0.00025, "grad_norm": 0.31777605414390564, "time": 1790361789.3444228, "seconds_this_epoch": 31.475995745509863}
{"event": "TRAIN", "epoch": 160, "cursor": 61568, "train_count": 120355, "steps": 150100, "loss": [0.09484399110078812, 0.020502133294939995, 0.07434185594320297], "lr": 0.00025, "grad_norm": 0.2769336402416229, "time": 1790361797.2361178, "seconds_this_epoch": 39.36769049242139}
{"event": "TRAIN", "epoch": 160, "cursor": 74368, "train_count": 120355, "steps": 150200, "loss": [0.09073272347450256, 0.02151506021618843, 0.06921766698360443], "lr": 0.00025, "grad_norm": 0.34377825260162354, "time": 1790361805.1818953, "seconds_this_epoch": 47.313468124717474}
{"event": "TRAIN", "epoch": 160, "cursor": 87168, "train_count": 120355, "steps": 150300, "loss": [0.0921679139137268, 0.021242687478661537, 0.07092522829771042], "lr": 0.00025, "grad_norm": 0.24708357453346252, "time": 1790361813.6274083, "seconds_this_epoch": 55.75898122228682}
{"event": "TRAIN", "epoch": 160, "cursor": 99968, "train_count": 120355, "steps": 150400, "loss": [0.1086522713303566, 0.023256639018654823, 0.08539563417434692], "lr": 0.00025, "grad_norm": 0.30533891916275024, "time": 1790361822.551461, "seconds_this_epoch": 64.6830335855484}
{"event": "TRAIN", "epoch": 160, "cursor": 112768, "train_count": 120355, "steps": 150500, "loss": [0.10343341529369354, 0.02283659763634205, 0.08059681951999664], "lr": 0.00025, "grad_norm": 0.3031056225299835, "time": 1790361831.4298732, "seconds_this_epoch": 73.56144580431283}
{"epoch": 160, "train": [0.1019816725564624, 0.02166320959160332, 0.08031846292523986], "val": [0.6190251469291187, 0.030352496910052422, 0.5886726515613343], "lr": 0.00025, "best_val": 0.53043719986189, "best_epoch": 33, "seconds": 80.09300525672734, "steps": 150560, "peak_memory_bytes": 3222636544, "time": 1790361837.9616501}
{"event": "TRAIN", "epoch": 161, "cursor": 5120, "train_count": 120355, "steps": 150600, "loss": [0.11150573939085007, 0.021374961361289024, 0.0901307761669159], "lr": 0.00025, "grad_norm": 0.2622114419937134, "time": 1790361841.5114765, "seconds_this_epoch": 3.4744165502488613}
{"event": "TRAIN", "epoch": 161, "cursor": 17920, "train_count": 120355, "steps": 150700, "loss": [0.09703350067138672, 0.022038551047444344, 0.07499495148658752], "lr": 0.00025, "grad_norm": 0.2844823896884918, "time": 1790361850.4139688, "seconds_this_epoch": 12.37690869346261}
{"event": "TRAIN", "epoch": 161, "cursor": 30720, "train_count": 120355, "steps": 150800, "loss": [0.10030774772167206, 0.023882174864411354, 0.07642557471990585], "lr": 0.00025, "grad_norm": 0.3186640441417694, "time": 1790361859.3592055, "seconds_this_epoch": 21.32214567065239}
{"event": "TRAIN", "epoch": 161, "cursor": 43520, "train_count": 120355, "steps": 150900, "loss": [0.08695171028375626, 0.02002193033695221, 0.06692977994680405], "lr": 0.00025, "grad_norm": 0.3096589148044586, "time": 1790361868.1312702, "seconds_this_epoch": 30.09421033039689}
{"event": "TRAIN", "epoch": 161, "cursor": 56320, "train_count": 120355, "steps": 151000, "loss": [0.10474790632724762, 0.022705357521772385, 0.08204254508018494], "lr": 0.00025, "grad_norm": 0.28219348192214966, "time": 1790361876.6907654, "seconds_this_epoch": 38.65370526909828}
{"event": "TRAIN", "epoch": 161, "cursor": 69120, "train_count": 120355, "steps": 151100, "loss": [0.10305236279964447, 0.024506133049726486, 0.07854623347520828], "lr": 0.00025, "grad_norm": 0.2794666588306427, "time": 1790361885.2335029, "seconds_this_epoch": 47.196443093940616}
{"event": "TRAIN", "epoch": 161, "cursor": 81920, "train_count": 120355, "steps": 151200, "loss": [0.10776996612548828, 0.022181617096066475, 0.08558835089206696], "lr": 0.00025, "grad_norm": 0.25651028752326965, "time": 1790361893.7831888, "seconds_this_epoch": 55.74612881988287}
{"event": "TRAIN", "epoch": 161, "cursor": 94720, "train_count": 120355, "steps": 151300, "loss": [0.10293419659137726, 0.019304100424051285, 0.08363009989261627], "lr": 0.00025, "grad_norm": 0.3961408734321594, "time": 1790361902.2932699, "seconds_this_epoch": 64.25620989128947}
{"event": "TRAIN", "epoch": 161, "cursor": 107520, "train_count": 120355, "steps": 151400, "loss": [0.10924189537763596, 0.022824393585324287, 0.08641750365495682], "lr": 0.00025, "grad_norm": 0.44741612672805786, "time": 1790361910.762441, "seconds_this_epoch": 72.72538094036281}
{"event": "TRAIN", "epoch": 161, "cursor": 120320, "train_count": 120355, "steps": 151500, "loss": [0.10558531433343887, 0.0200263112783432, 0.08555900305509567], "lr": 0.00025, "grad_norm": 0.25945568084716797, "time": 1790361919.2907543, "seconds_this_epoch": 81.25369443744421}
{"epoch": 161, "train": [0.10178013001988216, 0.02164413575890104, 0.08013599429321816], "val": [0.6186070767769798, 0.03037292820730503, 0.5882341488727795], "lr": 0.00025, "best_val": 0.53043719986189, "best_epoch": 33, "seconds": 82.54296758212149, "steps": 151501, "peak_memory_bytes": 3222636544, "time": 1790361920.5802479}
{"event": "TRAIN", "epoch": 162, "cursor": 12672, "train_count": 120355, "steps": 151600, "loss": [0.09559626132249832, 0.020843015983700752, 0.07475324720144272], "lr": 0.00025, "grad_norm": 0.25629591941833496, "time": 1790361929.0118284, "seconds_this_epoch": 8.354871241375804}
{"event": "TRAIN", "epoch": 162, "cursor": 25472, "train_count": 120355, "steps": 151700, "loss": [0.10106891393661499, 0.020086785778403282, 0.08098212629556656], "lr": 0.00025, "grad_norm": 0.27383798360824585, "time": 1790361937.5283184, "seconds_this_epoch": 16.871361684054136}
{"event": "TRAIN", "epoch": 162, "cursor": 38272, "train_count": 120355, "steps": 151800, "loss": [0.10005473345518112, 0.020110661163926125, 0.07994407415390015], "lr": 0.00025, "grad_norm": 0.2607943117618561, "time": 1790361946.0910914, "seconds_this_epoch": 25.43413447216153}
{"event": "TRAIN", "epoch": 162, "cursor": 51072, "train_count": 120355, "steps": 151900, "loss": [0.10232440382242203, 0.019885331392288208, 0.08243907243013382], "lr": 0.00025, "grad_norm": 0.28026309609413147, "time": 1790361954.6182213, "seconds_this_epoch": 33.96126394160092}
{"event": "TRAIN", "epoch": 162, "cursor": 63872, "train_count": 120355, "steps": 152000, "loss": [0.10570359230041504, 0.01918059214949608, 0.08652299642562866], "lr": 0.00025, "grad_norm": 0.2630630433559418, "time": 1790361963.1187446, "seconds_this_epoch": 42.46178736910224}
{"event": "TRAIN", "epoch": 162, "cursor": 76672, "train_count": 120355, "steps": 152100, "loss": [0.11414658278226852, 0.021952921524643898, 0.09219366312026978], "lr": 0.00025, "grad_norm": 0.3024134635925293, "time": 1790361971.5825474, "seconds_this_epoch": 50.925590850412846}
{"event": "TRAIN", "epoch": 162, "cursor": 89472, "train_count": 120355, "steps": 152200, "loss": [0.09404891729354858, 0.019824478775262833, 0.07422444224357605], "lr": 0.00025, "grad_norm": 0.2689969837665558, "time": 1790361980.194636, "seconds_this_epoch": 59.53767888620496}
{"event": "TRAIN", "epoch": 162, "cursor": 102272, "train_count": 120355, "steps": 152300, "loss": [0.09727198630571365, 0.02252204716205597, 0.07474993914365768], "lr": 0.00025, "grad_norm": 0.374421626329422, "time": 1790361988.700962, "seconds_this_epoch": 68.04400527104735}
{"event": "TRAIN", "epoch": 162, "cursor": 115072, "train_count": 120355, "steps": 152400, "loss": [0.09437914192676544, 0.021236633881926537, 0.07314250618219376], "lr": 0.00025, "grad_norm": 0.2783827781677246, "time": 1790361997.3023677, "seconds_this_epoch": 76.64541072398424}
{"epoch": 162, "train": [0.10164188954123808, 0.021627608799987253, 0.0800142808487644], "val": [0.620124582077549, 0.030361407421108065, 0.5897631727575792], "lr": 0.00025, "best_val": 0.53043719986189, "best_epoch": 33, "seconds": 81.40967750549316, "steps": 152442, "peak_memory_bytes": 3222636544, "time": 1790362002.0668194}
{"event": "TRAIN", "epoch": 163, "cursor": 7424, "train_count": 120355, "steps": 152500, "loss": [0.10155992209911346, 0.021780075505375862, 0.07977984845638275], "lr": 0.00025, "grad_norm": 0.31714051961898804, "time": 1790362006.8967915, "seconds_this_epoch": 4.7550790924578905}
{"event": "TRAIN", "epoch": 163, "cursor": 20224, "train_count": 120355, "steps": 152600, "loss": [0.09151777625083923, 0.01981353759765625, 0.07170423865318298], "lr": 0.00025, "grad_norm": 0.26364603638648987, "time": 1790362015.5326614, "seconds_this_epoch": 13.390948763117194}
{"event": "TRAIN", "epoch": 163, "cursor": 33024, "train_count": 120355, "steps": 152700, "loss": [0.1028999388217926, 0.021492794156074524, 0.08140714466571808], "lr": 0.00025, "grad_norm": 0.2953062653541565, "time": 1790362024.147585, "seconds_this_epoch": 22.005872394889593}
{"event": "TRAIN", "epoch": 163, "cursor": 45824, "train_count": 120355, "steps": 152800, "loss": [0.09359373152256012, 0.02205554023385048, 0.07153818756341934], "lr": 0.00025, "grad_norm": 0.26551416516304016, "time": 1790362032.7610853, "seconds_this_epoch": 30.61937253922224}
{"event": "TRAIN", "epoch": 163, "cursor": 58624, "train_count": 120355, "steps": 152900, "loss": [0.11129218339920044, 0.020840493962168694, 0.0904516875743866], "lr": 0.00025, "grad_norm": 0.3715633749961853, "time": 1790362041.3592968, "seconds_this_epoch": 39.21758406981826}
{"event": "TRAIN", "epoch": 163, "cursor": 71424, "train_count": 120355, "steps": 153000, "loss": [0.10111413896083832, 0.02331446297466755, 0.07779967784881592], "lr": 0.00025, "grad_norm": 0.3563830554485321, "time": 1790362049.890091, "seconds_this_epoch": 47.74837840907276}
{"event": "TRAIN", "epoch": 163, "cursor": 84224, "train_count": 120355, "steps": 153100, "loss": [0.09720459580421448, 0.02085428312420845, 0.07635030895471573], "lr": 0.00025, "grad_norm": 0.3002890348434448, "time": 1790362058.4053006, "seconds_this_epoch": 56.26358770765364}
{"event": "TRAIN", "epoch": 163, "cursor": 97024, "train_count": 120355, "steps": 153200, "loss": [0.09903647005558014, 0.020336072891950607, 0.07870039343833923], "lr": 0.00025, "grad_norm": 0.26362207531929016, "time": 1790362066.8830824, "seconds_this_epoch": 64.74136977270246}
{"event": "TRAIN", "epoch": 163, "cursor": 109824, "train_count": 120355, "steps": 153300, "loss": [0.09540539979934692, 0.01958065666258335, 0.07582474499940872], "lr": 0.00025, "grad_norm": 0.2592429518699646, "time": 1790362075.4079146, "seconds_this_epoch": 73.26620230451226}
{"epoch": 163, "train": [0.10147259812504159, 0.02161475841408963, 0.07985783975111285], "val": [0.6180749310371657, 0.030311906574872878, 0.5877630205308467], "lr": 0.00025, "best_val": 0.53043719986189, "best_epoch": 33, "seconds": 81.57142773270607, "steps": 153383, "peak_memory_bytes": 3222636544, "time": 1790362083.7133417}
{"event": "TRAIN", "epoch": 164, "cursor": 2176, "train_count": 120355, "steps": 153400, "loss": [0.0916101261973381, 0.02008230797946453, 0.07152781635522842], "lr": 0.00025, "grad_norm": 0.325371652841568, "time": 1790362085.1203077, "seconds_this_epoch": 1.331664090976119}
{"event": "TRAIN", "epoch": 164, "cursor": 14976, "train_count": 120355, "steps": 153500, "loss": [0.11038675904273987, 0.022248420864343643, 0.08813833445310593], "lr": 0.00025, "grad_norm": 0.4364652931690216, "time": 1790362093.6691487, "seconds_this_epoch": 9.880505500361323}
{"event": "TRAIN", "epoch": 164, "cursor": 27776, "train_count": 120355, "steps": 153600, "loss": [0.10611254721879959, 0.023240013048052788, 0.08287253230810165], "lr": 0.00025, "grad_norm": 0.3248884677886963, "time": 1790362102.308862, "seconds_this_epoch": 18.52021859958768}
{"event": "TRAIN", "epoch": 164, "cursor": 40576, "train_count": 120355, "steps": 153700, "loss": [0.08828409016132355, 0.020796451717615128, 0.06748764216899872], "lr": 0.00025, "grad_norm": 0.23110532760620117, "time": 1790362110.856316, "seconds_this_epoch": 27.06767271645367}
{"event": "TRAIN", "epoch": 164, "cursor": 53376, "train_count": 120355, "steps": 153800, "loss": [0.09470656514167786, 0.021271687000989914, 0.07343487441539764], "lr": 0.00025, "grad_norm": 0.3536476492881775, "time": 1790362119.43567, "seconds_this_epoch": 35.647026469931006}
{"event": "TRAIN", "epoch": 164, "cursor": 66176, "train_count": 120355, "steps": 153900, "loss": [0.10604340583086014, 0.021330535411834717, 0.08471287041902542], "lr": 0.00025, "grad_norm": 0.3143734633922577, "time": 1790362128.0646873, "seconds_this_epoch": 44.276043655350804}
{"event": "TRAIN", "epoch": 164, "cursor": 78976, "train_count": 120355, "steps": 154000, "loss": [0.10690871626138687, 0.021111762151122093, 0.08579695224761963], "lr": 0.00025, "grad_norm": 0.32620948553085327, "time": 1790362136.620792, "seconds_this_epoch": 52.832148253917694}
{"event": "TRAIN", "epoch": 164, "cursor": 91776, "train_count": 120355, "steps": 154100, "loss": [0.10421966761350632, 0.021610500290989876, 0.08260916918516159], "lr": 0.00025, "grad_norm": 0.3114732503890991, "time": 1790362145.1923125, "seconds_this_epoch": 61.40366912446916}
{"event": "TRAIN", "epoch": 164, "cursor": 104576, "train_count": 120355, "steps": 154200, "loss": [0.10345208644866943, 0.020386716350913048, 0.08306536823511124], "lr": 0.00025, "grad_norm": 0.3624081313610077, "time": 1790362153.665096, "seconds_this_epoch": 69.87645255215466}
{"event": "TRAIN", "epoch": 164, "cursor": 117376, "train_count": 120355, "steps": 154300, "loss": [0.1025124341249466, 0.02196810021996498, 0.08054433017969131], "lr": 0.00025, "grad_norm": 0.28749528527259827, "time": 1790362162.2511134, "seconds_this_epoch": 78.46246974729002}
{"epoch": 164, "train": [0.10129519781332003, 0.021595606234311997, 0.07969959166310603], "val": [0.6212496620575325, 0.030370358646254748, 0.590879295245281], "lr": 0.00025, "best_val": 0.53043719986189, "best_epoch": 33, "seconds": 81.69326074421406, "steps": 154324, "peak_memory_bytes": 3222636544, "time": 1790362165.4821053}
{"event": "TRAIN", "epoch": 165, "cursor": 9728, "train_count": 120355, "steps": 154400, "loss": [0.09609879553318024, 0.020880626514554024, 0.07521817088127136], "lr": 0.00025, "grad_norm": 0.3772583305835724, "time": 1790362171.9886146, "seconds_this_epoch": 6.431291276589036}
{"event": "TRAIN", "epoch": 165, "cursor": 22528, "train_count": 120355, "steps": 154500, "loss": [0.09429390728473663, 0.02168513648211956, 0.07260876893997192], "lr": 0.00025, "grad_norm": 0.27235713601112366, "time": 1790362180.6194282, "seconds_this_epoch": 15.062104837968946}
{"event": "TRAIN", "epoch": 165, "cursor": 35328, "train_count": 120355, "steps": 154600, "loss": [0.10571873188018799, 0.021014904603362083, 0.08470382541418076], "lr": 0.00025, "grad_norm": 0.3198460042476654, "time": 1790362189.1724887, "seconds_this_epoch": 23.61516520753503}
{"event": "TRAIN", "epoch": 165, "cursor": 48128, "train_count": 120355, "steps": 154700, "loss": [0.09460082650184631, 0.02108978107571602, 0.0735110491514206], "lr": 0.00025, "grad_norm": 0.23220282793045044, "time": 1790362197.6792538, "seconds_this_epoch": 32.12193055264652}
{"event": "TRAIN", "epoch": 165, "cursor": 60928, "train_count": 120355, "steps": 154800, "loss": [0.09281651675701141, 0.018848277628421783, 0.07396823912858963], "lr": 0.00025, "grad_norm": 0.30194196105003357, "time": 1790362206.212545, "seconds_this_epoch": 40.65522170998156}
{"event": "TRAIN", "epoch": 165, "cursor": 73728, "train_count": 120355, "steps": 154900, "loss": [0.0973828136920929, 0.018888279795646667, 0.07849453389644623], "lr": 0.00025, "grad_norm": 0.282733291387558, "time": 1790362214.7668462, "seconds_this_epoch": 49.20953281596303}
{"event": "TRAIN", "epoch": 165, "cursor": 86528, "train_count": 120355, "steps": 155000, "loss": [0.0979023352265358, 0.022037724032998085, 0.07586461305618286], "lr": 0.00025, "grad_norm": 0.2814224064350128, "time": 1790362223.23645, "seconds_this_epoch": 57.67912683263421}
{"event": "TRAIN", "epoch": 165, "cursor": 99328, "train_count": 120355, "steps": 155100, "loss": [0.10160064697265625, 0.022025426849722862, 0.07957521826028824], "lr": 0.00025, "grad_norm": 0.3897603452205658, "time": 1790362231.7398806, "seconds_this_epoch": 66.18255720101297}
{"event": "TRAIN", "epoch": 165, "cursor": 112128, "train_count": 120355, "steps": 155200, "loss": [0.10283362120389938, 0.020600328221917152, 0.08223329484462738], "lr": 0.00025, "grad_norm": 0.38329705595970154, "time": 1790362240.3200839, "seconds_this_epoch": 74.76276078820229}
{"epoch": 165, "train": [0.10111599894295671, 0.021572201717899513, 0.07954379727547885], "val": [0.6187452485452253, 0.03033447763964761, 0.588410769862541], "lr": 0.00025, "best_val": 0.53043719986189, "best_epoch": 33, "seconds": 81.56301821768284, "steps": 155265, "peak_memory_bytes": 3222636544, "time": 1790362247.120529}
{"event": "TRAIN", "epoch": 166, "cursor": 4480, "train_count": 120355, "steps": 155300, "loss": [0.10662657022476196, 0.0222188550978899, 0.08440771698951721], "lr": 0.00025, "grad_norm": 0.4096938967704773, "time": 1790362250.0475419, "seconds_this_epoch": 2.8516812790185213}
{"event": "TRAIN", "epoch": 166, "cursor": 17280, "train_count": 120355, "steps": 155400, "loss": [0.09426671266555786, 0.021959619596600533, 0.07230709493160248], "lr": 0.00025, "grad_norm": 0.3447667062282562, "time": 1790362258.7551203, "seconds_this_epoch": 11.559260118752718}
{"event": "TRAIN", "epoch": 166, "cursor": 30080, "train_count": 120355, "steps": 155500, "loss": [0.10178903490304947, 0.020216690376400948, 0.08157234638929367], "lr": 0.00025, "grad_norm": 0.26176396012306213, "time": 1790362267.1721425, "seconds_this_epoch": 19.976281927898526}
{"event": "TRAIN", "epoch": 166, "cursor": 42880, "train_count": 120355, "steps": 155600, "loss": [0.09878568351268768, 0.0219784677028656, 0.07680721580982208], "lr": 0.00025, "grad_norm": 0.31028297543525696, "time": 1790362275.6349325, "seconds_this_epoch": 28.439072286710143}
{"event": "TRAIN", "epoch": 166, "cursor": 55680, "train_count": 120355, "steps": 155700, "loss": [0.09163088351488113, 0.02191554754972458, 0.06971533596515656], "lr": 0.00025, "grad_norm": 0.48262184858322144, "time": 1790362284.1085758, "seconds_this_epoch": 36.91271526739001}
{"event": "TRAIN", "epoch": 166, "cursor": 68480, "train_count": 120355, "steps": 155800, "loss": [0.09333667904138565, 0.021998582407832146, 0.07133809477090836], "lr": 0.00025, "grad_norm": 0.2501157522201538, "time": 1790362292.556568, "seconds_this_epoch": 45.36070729792118}
{"event": "TRAIN", "epoch": 166, "cursor": 81280, "train_count": 120355, "steps": 155900, "loss": [0.10411901026964188, 0.020962918177247047, 0.08315609395503998], "lr": 0.00025, "grad_norm": 0.30852586030960083, "time": 1790362301.0137672, "seconds_this_epoch": 53.81790693849325}
{"event": "TRAIN", "epoch": 166, "cursor": 94080, "train_count": 120355, "steps": 156000, "loss": [0.1066618412733078, 0.021989956498146057, 0.08467188477516174], "lr": 0.00025, "grad_norm": 0.2999093532562256, "time": 1790362309.4083881, "seconds_this_epoch": 62.212528022006154}
{"event": "TRAIN", "epoch": 166, "cursor": 106880, "train_count": 120355, "steps": 156100, "loss": [0.10318808257579803, 0.021686963737010956, 0.08150111883878708], "lr": 0.00025, "grad_norm": 0.3193163573741913, "time": 1790362317.8605945, "seconds_this_epoch": 70.6647338680923}
{"event": "TRAIN", "epoch": 166, "cursor": 119680, "train_count": 120355, "steps": 156200, "loss": [0.09990432858467102, 0.019671868532896042, 0.08023245632648468], "lr": 0.00025, "grad_norm": 0.3625839948654175, "time": 1790362326.3814619, "seconds_this_epoch": 79.18560125678778}
{"epoch": 166, "train": [0.10102210177473808, 0.021548654835922366, 0.0794734470373221], "val": [0.6222183633770659, 0.03023718414711731, 0.5919811797291799], "lr": 0.00025, "best_val": 0.53043719986189, "best_epoch": 33, "seconds": 80.89973401837051, "steps": 156206, "peak_memory_bytes": 3222636544, "time": 1790362328.0958335}
{"event": "TRAIN", "epoch": 167, "cursor": 12032, "train_count": 120355, "steps": 156300, "loss": [0.10786011815071106, 0.019721155986189842, 0.08813896030187607], "lr": 0.00025, "grad_norm": 0.27672281861305237, "time": 1790362335.9101746, "seconds_this_epoch": 7.738530848175287}
{"event": "TRAIN", "epoch": 167, "cursor": 24832, "train_count": 120355, "steps": 156400, "loss": [0.11289168149232864, 0.021426329389214516, 0.09146535396575928], "lr": 0.00025, "grad_norm": 0.3834775686264038, "time": 1790362344.2732375, "seconds_this_epoch": 16.10159357637167}
{"event": "TRAIN", "epoch": 167, "cursor": 37632, "train_count": 120355, "steps": 156500, "loss": [0.08550344407558441, 0.01749410107731819, 0.06800933927297592], "lr": 0.00025, "grad_norm": 0.3630208969116211, "time": 1790362352.7380135, "seconds_this_epoch": 24.566369416192174}
{"event": "TRAIN", "epoch": 167, "cursor": 50432, "train_count": 120355, "steps": 156600, "loss": [0.09966139495372772, 0.019821718335151672, 0.07983967661857605], "lr": 0.00025, "grad_norm": 0.2620975375175476, "time": 1790362361.2281585, "seconds_this_epoch": 33.056514425203204}
{"event": "TRAIN", "epoch": 167, "cursor": 63232, "train_count": 120355, "steps": 156700, "loss": [0.10527756065130234, 0.023756006732583046, 0.08152155578136444], "lr": 0.00025, "grad_norm": 0.3040497303009033, "time": 1790362369.7589028, "seconds_this_epoch": 41.58725881949067}
{"event": "TRAIN", "epoch": 167, "cursor": 76032, "train_count": 120355, "steps": 156800, "loss": [0.09152071923017502, 0.021071268245577812, 0.07044944912195206], "lr": 0.00025, "grad_norm": 0.28071877360343933, "time": 1790362378.238129, "seconds_this_epoch": 50.06648485176265}
{"event": "TRAIN", "epoch": 167, "cursor": 88832, "train_count": 120355, "steps": 156900, "loss": [0.10181769728660583, 0.02076810784637928, 0.0810495913028717], "lr": 0.00025, "grad_norm": 0.30748283863067627, "time": 1790362386.7089665, "seconds_this_epoch": 58.53732273168862}
{"event": "TRAIN", "epoch": 167, "cursor": 101632, "train_count": 120355, "steps": 157000, "loss": [0.11581636965274811, 0.02065097913146019, 0.09516539424657822], "lr": 0.00025, "grad_norm": 0.2866196036338806, "time": 1790362395.2008963, "seconds_this_epoch": 67.02925245836377}
{"event": "TRAIN", "epoch": 167, "cursor": 114432, "train_count": 120355, "steps": 157100, "loss": [0.10385142266750336, 0.022690773010253906, 0.08116064965724945], "lr": 0.00025, "grad_norm": 0.3253597617149353, "time": 1790362403.7243524, "seconds_this_epoch": 75.55270845629275}
{"epoch": 167, "train": [0.10091189573038045, 0.021544632564277258, 0.07936726308596713], "val": [0.6172835110833536, 0.03033160862008362, 0.5869519064392902], "lr": 0.00025, "best_val": 0.53043719986189, "best_epoch": 33, "seconds": 80.72643123939633, "steps": 157147, "peak_memory_bytes": 3222636544, "time": 1790362408.898326}
{"event": "TRAIN", "epoch": 168, "cursor": 6784, "train_count": 120355, "steps": 157200, "loss": [0.09981796890497208, 0.021433353424072266, 0.07838461548089981], "lr": 0.00025, "grad_norm": 0.30648893117904663, "time": 1790362413.2153995, "seconds_this_epoch": 4.240319956094027}
{"event": "TRAIN", "epoch": 168, "cursor": 19584, "train_count": 120355, "steps": 157300, "loss": [0.09585577249526978, 0.022986462339758873, 0.07286930829286575], "lr": 0.00025, "grad_norm": 0.27347561717033386, "time": 1790362421.6996503, "seconds_this_epoch": 12.724570339545608}
{"event": "TRAIN", "epoch": 168, "cursor": 32384, "train_count": 120355, "steps": 157400, "loss": [0.11313506215810776, 0.01900194026529789, 0.09413312375545502], "lr": 0.00025, "grad_norm": 0.38728246092796326, "time": 1790362430.1809442, "seconds_this_epoch": 21.205863811075687}
{"event": "TRAIN", "epoch": 168, "cursor": 45184, "train_count": 120355, "steps": 157500, "loss": [0.09354900568723679, 0.020057313144207, 0.07349169254302979], "lr": 0.00025, "grad_norm": 0.34676405787467957, "time": 1790362438.6338034, "seconds_this_epoch": 29.658723276108503}
{"event": "TRAIN", "epoch": 168, "cursor": 57984, "train_count": 120355, "steps": 157600, "loss": [0.10437565296888351, 0.024207228794693947, 0.08016842603683472], "lr": 0.00025, "grad_norm": 0.3454127609729767, "time": 1790362447.1372912, "seconds_this_epoch": 38.16221141256392}
{"event": "TRAIN", "epoch": 168, "cursor": 70784, "train_count": 120355, "steps": 157700, "loss": [0.11177590489387512, 0.024380523711442947, 0.08739538490772247], "lr": 0.00025, "grad_norm": 0.3614690899848938, "time": 1790362455.579652, "seconds_this_epoch": 46.60457226075232}
{"event": "TRAIN", "epoch": 168, "cursor": 83584, "train_count": 120355, "steps": 157800, "loss": [0.09546306729316711, 0.01999429427087307, 0.0754687711596489], "lr": 0.00025, "grad_norm": 0.34597307443618774, "time": 1790362463.987316, "seconds_this_epoch": 55.01223586127162}
{"event": "TRAIN", "epoch": 168, "cursor": 96384, "train_count": 120355, "steps": 157900, "loss": [0.10217226296663284, 0.02351112850010395, 0.07866113632917404], "lr": 0.00025, "grad_norm": 0.34503135085105896, "time": 1790362472.4871721, "seconds_this_epoch": 63.51209216564894}
{"event": "TRAIN", "epoch": 168, "cursor": 109184, "train_count": 120355, "steps": 158000, "loss": [0.10005819797515869, 0.020335737615823746, 0.07972246408462524], "lr": 0.00025, "grad_norm": 0.31495851278305054, "time": 1790362480.934043, "seconds_this_epoch": 71.9589630626142}
{"epoch": 168, "train": [0.10066922534082137, 0.021517285137547127, 0.07915194022560648], "val": [0.6213538093977691, 0.030316244261442384, 0.5910375647797329], "lr": 0.00025, "best_val": 0.53043719986189, "best_epoch": 33, "seconds": 80.58806481398642, "steps": 158088, "peak_memory_bytes": 3222636544, "time": 1790362489.5633879}
{"event": "TRAIN", "epoch": 169, "cursor": 1536, "train_count": 120355, "steps": 158100, "loss": [0.1010051965713501, 0.02232104167342186, 0.07868415117263794], "lr": 0.00025, "grad_norm": 0.3504045307636261, "time": 1790362490.4990106, "seconds_this_epoch": 0.8583181537687778}
{"event": "TRAIN", "epoch": 169, "cursor": 14336, "train_count": 120355, "steps": 158200, "loss": [0.09679894894361496, 0.019656680524349213, 0.07714226841926575], "lr": 0.00025, "grad_norm": 0.36110857129096985, "time": 1790362498.8492723, "seconds_this_epoch": 9.208579767495394}
{"event": "TRAIN", "epoch": 169, "cursor": 27136, "train_count": 120355, "steps": 158300, "loss": [0.09991417080163956, 0.020155325531959534, 0.07975884526968002], "lr": 0.00025, "grad_norm": 0.4274764358997345, "time": 1790362507.2852983, "seconds_this_epoch": 17.644606217741966}
{"event": "TRAIN", "epoch": 169, "cursor": 39936, "train_count": 120355, "steps": 158400, "loss": [0.10049889981746674, 0.02143222466111183, 0.0790666714310646], "lr": 0.00025, "grad_norm": 0.45298075675964355, "time": 1790362515.6696415, "seconds_this_epoch": 26.02894912660122}
{"event": "TRAIN", "epoch": 169, "cursor": 52736, "train_count": 120355, "steps": 158500, "loss": [0.09183259308338165, 0.01885334588587284, 0.07297924906015396], "lr": 0.00025, "grad_norm": 0.2835061252117157, "time": 1790362524.0823696, "seconds_this_epoch": 34.44167743809521}
{"event": "TRAIN", "epoch": 169, "cursor": 65536, "train_count": 120355, "steps": 158600, "loss": [0.10496147722005844, 0.020685143768787384, 0.08427633345127106], "lr": 0.00025, "grad_norm": 0.4045451581478119, "time": 1790362532.4586923, "seconds_this_epoch": 42.8179998267442}
{"event": "TRAIN", "epoch": 169, "cursor": 78336, "train_count": 120355, "steps": 158700, "loss": [0.088548943400383, 0.01902899518609047, 0.06951995193958282], "lr": 0.00025, "grad_norm": 0.3035954535007477, "time": 1790362540.8314912, "seconds_this_epoch": 51.19079924561083}
{"event": "TRAIN", "epoch": 169, "cursor": 91136, "train_count": 120355, "steps": 158800, "loss": [0.10331256687641144, 0.02203722670674324, 0.0812753438949585], "lr": 0.00025, "grad_norm": 0.32938912510871887, "time": 1790362549.2677639, "seconds_this_epoch": 59.627071525901556}
{"event": "TRAIN", "epoch": 169, "cursor": 103936, "train_count": 120355, "steps": 158900, "loss": [0.100627601146698, 0.021248970180749893, 0.0793786346912384], "lr": 0.00025, "grad_norm": 0.3541174829006195, "time": 1790362557.6844406, "seconds_this_epoch": 68.04374808445573}
{"event": "TRAIN", "epoch": 169, "cursor": 116736, "train_count": 120355, "steps": 159000, "loss": [0.1012418195605278, 0.023611797019839287, 0.07763002067804337], "lr": 0.00025, "grad_norm": 0.29619738459587097, "time": 1790362566.1111531, "seconds_this_epoch": 76.47046049311757}
{"epoch": 169, "train": [0.10057003297046979, 0.02149345879890447, 0.07907657417264866], "val": [0.6212084567942664, 0.030537818421726984, 0.5906706381942425], "lr": 0.00025, "best_val": 0.53043719986189, "best_epoch": 33, "seconds": 80.13391635008156, "steps": 159029, "peak_memory_bytes": 3222636544, "time": 1790362569.7748585}
{"event": "TRAIN", "epoch": 170, "cursor": 9088, "train_count": 120355, "steps": 159100, "loss": [0.09707650542259216, 0.021435368806123734, 0.07564114034175873], "lr": 0.00025, "grad_norm": 0.24242927134037018, "time": 1790362575.7209003, "seconds_this_epoch": 5.869265807792544}
{"event": "TRAIN", "epoch": 170, "cursor": 21888, "train_count": 120355, "steps": 159200, "loss": [0.10559289157390594, 0.020042356103658676, 0.08555053919553757], "lr": 0.00025, "grad_norm": 0.30139046907424927, "time": 1790362584.4057982, "seconds_this_epoch": 14.554163383319974}
{"event": "TRAIN", "epoch": 170, "cursor": 34688, "train_count": 120355, "steps": 159300, "loss": [0.10292516648769379, 0.01968485489487648, 0.08324030786752701], "lr": 0.00025, "grad_norm": 0.2741209864616394, "time": 1790362592.942213, "seconds_this_epoch": 23.090578651055694}
{"event": "TRAIN", "epoch": 170, "cursor": 47488, "train_count": 120355, "steps": 159400, "loss": [0.09780427813529968, 0.0222272090613842, 0.07557706534862518], "lr": 0.00025, "grad_norm": 0.34720101952552795, "time": 1790362601.382789, "seconds_this_epoch": 31.5311542712152}
{"event": "TRAIN", "epoch": 170, "cursor": 60288, "train_count": 120355, "steps": 159500, "loss": [0.09893125295639038, 0.021063726395368576, 0.0778675228357315], "lr": 0.00025, "grad_norm": 0.3505159914493561, "time": 1790362609.92506, "seconds_this_epoch": 40.07342545501888}
{"event": "TRAIN", "epoch": 170, "cursor": 73088, "train_count": 120355, "steps": 159600, "loss": [0.10378079116344452, 0.022719811648130417, 0.0810609832406044], "lr": 0.00025, "grad_norm": 0.33341744542121887, "time": 1790362618.5647078, "seconds_this_epoch": 48.71307339891791}
{"event": "TRAIN", "epoch": 170, "cursor": 85888, "train_count": 120355, "steps": 159700, "loss": [0.11314940452575684, 0.021008843556046486, 0.0921405628323555], "lr": 0.00025, "grad_norm": 0.3223690092563629, "time": 1790362627.0341485, "seconds_this_epoch": 57.1825139913708}
{"event": "TRAIN", "epoch": 170, "cursor": 98688, "train_count": 120355, "steps": 159800, "loss": [0.0970660150051117, 0.020121006295084953, 0.07694500684738159], "lr": 0.00025, "grad_norm": 0.28747081756591797, "time": 1790362635.5535831, "seconds_this_epoch": 65.70194902271032}
{"event": "TRAIN", "epoch": 170, "cursor": 111488, "train_count": 120355, "steps": 159900, "loss": [0.09253350645303726, 0.022027714177966118, 0.070505790412426], "lr": 0.00025, "grad_norm": 0.31858423352241516, "time": 1790362644.1090956, "seconds_this_epoch": 74.25746152363718}
{"epoch": 170, "train": [0.10037809224791305, 0.021478095108694324, 0.07889999709365662], "val": [0.6197913061741616, 0.030259117925377475, 0.5895321899426044], "lr": 0.00025, "best_val": 0.53043719986189, "best_epoch": 33, "seconds": 81.44348410703242, "steps": 159970, "peak_memory_bytes": 3222636544, "time": 1790362651.2954943}
{"event": "TRAIN", "epoch": 171, "cursor": 3840, "train_count": 120355, "steps": 160000, "loss": [0.10826461017131805, 0.022564612329006195, 0.08569999784231186], "lr": 0.00025, "grad_norm": 0.3311464488506317, "time": 1790362653.846271, "seconds_this_epoch": 2.473212795332074}
{"event": "TRAIN", "epoch": 171, "cursor": 16640, "train_count": 120355, "steps": 160100, "loss": [0.08559118211269379, 0.019592665135860443, 0.06599851697683334], "lr": 0.00025, "grad_norm": 0.37973952293395996, "time": 1790362662.393013, "seconds_this_epoch": 11.019955024123192}
{"event": "TRAIN", "epoch": 171, "cursor": 29440, "train_count": 120355, "steps": 160200, "loss": [0.09766341000795364, 0.020807096734642982, 0.07685631513595581], "lr": 0.00025, "grad_norm": 0.4048631489276886, "time": 1790362671.0173957, "seconds_this_epoch": 19.64433805271983}
{"event": "TRAIN", "epoch": 171, "cursor": 42240, "train_count": 120355, "steps": 160300, "loss": [0.09746857732534409, 0.019286351278424263, 0.07818222790956497], "lr": 0.00025, "grad_norm": 0.3230961561203003, "time": 1790362679.5246668, "seconds_this_epoch": 28.15160891599953}
{"event": "TRAIN", "epoch": 171, "cursor": 55040, "train_count": 120355, "steps": 160400, "loss": [0.09688138216733932, 0.021336497738957405, 0.07554488629102707], "lr": 0.00025, "grad_norm": 0.4070761799812317, "time": 1790362688.0974214, "seconds_this_epoch": 36.72436330653727}
{"event": "TRAIN", "epoch": 171, "cursor": 67840, "train_count": 120355, "steps": 160500, "loss": [0.09358853846788406, 0.02296644262969494, 0.07062209397554398], "lr": 0.00025, "grad_norm": 0.33188924193382263, "time": 1790362696.6375191, "seconds_this_epoch": 45.26446099951863}
{"event": "TRAIN", "epoch": 171, "cursor": 80640, "train_count": 120355, "steps": 160600, "loss": [0.09871459007263184, 0.022886505350470543, 0.07582808285951614], "lr": 0.00025, "grad_norm": 0.2947731912136078, "time": 1790362705.2002876, "seconds_this_epoch": 53.82722941972315}
{"event": "TRAIN", "epoch": 171, "cursor": 93440, "train_count": 120355, "steps": 160700, "loss": [0.10615383833646774, 0.022769523784518242, 0.08338431268930435], "lr": 0.00025, "grad_norm": 0.2850165069103241, "time": 1790362713.7670383, "seconds_this_epoch": 62.393980480730534}
{"event": "TRAIN", "epoch": 171, "cursor": 106240, "train_count": 120355, "steps": 160800, "loss": [0.09359917044639587, 0.02073640562593937, 0.07286276668310165], "lr": 0.00025, "grad_norm": 0.29440927505493164, "time": 1790362722.3014958, "seconds_this_epoch": 70.9284377284348}
{"event": "TRAIN", "epoch": 171, "cursor": 119040, "train_count": 120355, "steps": 160900, "loss": [0.09580187499523163, 0.020227499306201935, 0.0755743756890297], "lr": 0.00025, "grad_norm": 0.26190105080604553, "time": 1790362730.7889428, "seconds_this_epoch": 79.41588462889194}
{"epoch": 171, "train": [0.10025433290355608, 0.021464684135290416, 0.07878964872720715], "val": [0.6234364829090516, 0.03025111195001993, 0.5931853722427692], "lr": 0.00025, "best_val": 0.53043719986189, "best_epoch": 33, "seconds": 81.52341547049582, "steps": 160911, "peak_memory_bytes": 3222636544, "time": 1790362732.8967135}
{"event": "TRAIN", "epoch": 172, "cursor": 11392, "train_count": 120355, "steps": 161000, "loss": [0.0913996621966362, 0.019245823845267296, 0.07215383648872375], "lr": 0.00025, "grad_norm": 0.2796988785266876, "time": 1790362740.4957569, "seconds_this_epoch": 7.522486723959446}
{"event": "TRAIN", "epoch": 172, "cursor": 24192, "train_count": 120355, "steps": 161100, "loss": [0.08968544006347656, 0.016688736155629158, 0.07299670577049255], "lr": 0.00025, "grad_norm": 0.410797119140625, "time": 1790362749.0525012, "seconds_this_epoch": 16.079231122508645}
{"event": "TRAIN", "epoch": 172, "cursor": 36992, "train_count": 120355, "steps": 161200, "loss": [0.09317461401224136, 0.021456262096762657, 0.07171835005283356], "lr": 0.00025, "grad_norm": 0.29555484652519226, "time": 1790362757.5565662, "seconds_this_epoch": 24.5832958240062}
{"event": "TRAIN", "epoch": 172, "cursor": 49792, "train_count": 120355, "steps": 161300, "loss": [0.09896606206893921, 0.023191068321466446, 0.07577499002218246], "lr": 0.00025, "grad_norm": 0.30781838297843933, "time": 1790362766.084641, "seconds_this_epoch": 33.11137053184211}
{"event": "TRAIN", "epoch": 172, "cursor": 62592, "train_count": 120355, "steps": 161400, "loss": [0.09532863646745682, 0.02171003818511963, 0.07361859828233719], "lr": 0.00025, "grad_norm": 0.3083488941192627, "time": 1790362774.6244106, "seconds_this_epoch": 41.65114012360573}
{"event": "TRAIN", "epoch": 172, "cursor": 75392, "train_count": 120355, "steps": 161500, "loss": [0.10682421922683716, 0.022708922624588013, 0.08411529660224915], "lr": 0.00025, "grad_norm": 0.3412916958332062, "time": 1790362783.1272025, "seconds_this_epoch": 50.15393251553178}
{"event": "TRAIN", "epoch": 172, "cursor": 88192, "train_count": 120355, "steps": 161600, "loss": [0.10650067031383514, 0.024445071816444397, 0.08205559849739075], "lr": 0.00025, "grad_norm": 0.2619592845439911, "time": 1790362791.698248, "seconds_this_epoch": 58.72497756779194}
{"event": "TRAIN", "epoch": 172, "cursor": 100992, "train_count": 120355, "steps": 161700, "loss": [0.09427999705076218, 0.02169889211654663, 0.07258110493421555], "lr": 0.00025, "grad_norm": 0.30696791410446167, "time": 1790362800.2805085, "seconds_this_epoch": 67.3072380758822}
{"event": "TRAIN", "epoch": 172, "cursor": 113792, "train_count": 120355, "steps": 161800, "loss": [0.10156531631946564, 0.018678057938814163, 0.08288726210594177], "lr": 0.00025, "grad_norm": 0.2837275266647339, "time": 1790362808.731273, "seconds_this_epoch": 75.75800263509154}
{"epoch": 172, "train": [0.10012627036130937, 0.02144828777555826, 0.07867798261438219], "val": [0.6253674969928478, 0.03034729105143215, 0.5950202060751383], "lr": 0.00025, "best_val": 0.53043719986189, "best_epoch": 33, "seconds": 81.40105015598238, "steps": 161852, "peak_memory_bytes": 3222636544, "time": 1790362814.3745022}
{"event": "TRAIN", "epoch": 173, "cursor": 6144, "train_count": 120355, "steps": 161900, "loss": [0.09899652004241943, 0.02258339151740074, 0.0764131247997284], "lr": 0.00025, "grad_norm": 0.32490915060043335, "time": 1790362818.3513584, "seconds_this_epoch": 3.901653502136469}
{"event": "TRAIN", "epoch": 173, "cursor": 18944, "train_count": 120355, "steps": 162000, "loss": [0.09746118634939194, 0.022413605824112892, 0.0750475823879242], "lr": 0.00025, "grad_norm": 0.32717469334602356, "time": 1790362826.943559, "seconds_this_epoch": 12.493853928521276}
{"event": "TRAIN", "epoch": 173, "cursor": 31744, "train_count": 120355, "steps": 162100, "loss": [0.08819140493869781, 0.021445101127028465, 0.0667463019490242], "lr": 0.00025, "grad_norm": 0.30601930618286133, "time": 1790362835.4827468, "seconds_this_epoch": 21.0330421179533}
{"event": "TRAIN", "epoch": 173, "cursor": 44544, "train_count": 120355, "steps": 162200, "loss": [0.09511521458625793, 0.019515877589583397, 0.07559933513402939], "lr": 0.00025, "grad_norm": 0.27151745557785034, "time": 1790362843.9341247, "seconds_this_epoch": 29.484419610351324}
{"event": "TRAIN", "epoch": 173, "cursor": 57344, "train_count": 120355, "steps": 162300, "loss": [0.10531704127788544, 0.020617427304387093, 0.0846996158361435], "lr": 0.00025, "grad_norm": 0.3966020345687866, "time": 1790362852.4001563, "seconds_this_epoch": 37.950450863689184}
{"event": "TRAIN", "epoch": 173, "cursor": 70144, "train_count": 120355, "steps": 162400, "loss": [0.09936477243900299, 0.0228528194129467, 0.07651195675134659], "lr": 0.00025, "grad_norm": 0.28115636110305786, "time": 1790362860.960439, "seconds_this_epoch": 46.51073426567018}
{"event": "TRAIN", "epoch": 173, "cursor": 82944, "train_count": 120355, "steps": 162500, "loss": [0.10258091241121292, 0.02246840111911297, 0.0801125094294548], "lr": 0.00025, "grad_norm": 0.3232169449329376, "time": 1790362869.4741187, "seconds_this_epoch": 55.02441362850368}
{"event": "TRAIN", "epoch": 173, "cursor": 95744, "train_count": 120355, "steps": 162600, "loss": [0.10334347933530807, 0.02092834748327732, 0.0824151337146759], "lr": 0.00025, "grad_norm": 0.43020299077033997, "time": 1790362877.9693038, "seconds_this_epoch": 63.51959899067879}
{"event": "TRAIN", "epoch": 173, "cursor": 108544, "train_count": 120355, "steps": 162700, "loss": [0.09457086771726608, 0.02023240178823471, 0.07433846592903137], "lr": 0.00025, "grad_norm": 0.3292536735534668, "time": 1790362886.5760977, "seconds_this_epoch": 72.12639279291034}
{"epoch": 173, "train": [0.09987993831877635, 0.02142734636338015, 0.07845259189938762], "val": [0.6235072321781954, 0.030397102990052032, 0.593110131033516], "lr": 0.00025, "best_val": 0.53043719986189, "best_epoch": 33, "seconds": 81.36480769887567, "steps": 162793, "peak_memory_bytes": 3222636544, "time": 1790362895.8148584}
{"event": "TRAIN", "epoch": 174, "cursor": 896, "train_count": 120355, "steps": 162800, "loss": [0.09542061388492584, 0.02164202742278576, 0.07377858459949493], "lr": 0.00025, "grad_norm": 0.3877999484539032, "time": 1790362896.4023995, "seconds_this_epoch": 0.5112199243158102}
{"event": "TRAIN", "epoch": 174, "cursor": 13696, "train_count": 120355, "steps": 162900, "loss": [0.08430995047092438, 0.01927221193909645, 0.06503773480653763], "lr": 0.00025, "grad_norm": 0.29256510734558105, "time": 1790362904.9693406, "seconds_this_epoch": 9.078161619603634}
{"event": "TRAIN", "epoch": 174, "cursor": 26496, "train_count": 120355, "steps": 163000, "loss": [0.0992436334490776, 0.023187806829810143, 0.07605582475662231], "lr": 0.00025, "grad_norm": 0.31538623571395874, "time": 1790362913.5438964, "seconds_this_epoch": 17.65271701104939}
{"event": "TRAIN", "epoch": 174, "cursor": 39296, "train_count": 120355, "steps": 163100, "loss": [0.09611324220895767, 0.021891629323363304, 0.07422161102294922], "lr": 0.00025, "grad_norm": 0.33259400725364685, "time": 1790362922.1197565, "seconds_this_epoch": 26.228577623143792}
{"event": "TRAIN", "epoch": 174, "cursor": 52096, "train_count": 120355, "steps": 163200, "loss": [0.09847831726074219, 0.021381858736276627, 0.07709645479917526], "lr": 0.00025, "grad_norm": 0.26201826333999634, "time": 1790362930.6346602, "seconds_this_epoch": 34.74348089285195}
{"event": "TRAIN", "epoch": 174, "cursor": 64896, "train_count": 120355, "steps": 163300, "loss": [0.10174023360013962, 0.020296610891819, 0.08144362270832062], "lr": 0.00025, "grad_norm": 0.4050106704235077, "time": 1790362939.129687, "seconds_this_epoch": 43.23850789666176}
{"event": "TRAIN", "epoch": 174, "cursor": 77696, "train_count": 120355, "steps": 163400, "loss": [0.10394962877035141, 0.020430738106369972, 0.08351889252662659], "lr": 0.00025, "grad_norm": 0.3462812304496765, "time": 1790362947.67363, "seconds_this_epoch": 51.782450603321195}
{"event": "TRAIN", "epoch": 174, "cursor": 90496, "train_count": 120355, "steps": 163500, "loss": [0.10186462104320526, 0.02212761715054512, 0.07973700761795044], "lr": 0.00025, "grad_norm": 0.35373786091804504, "time": 1790362956.1519468, "seconds_this_epoch": 60.26076738908887}
{"event": "TRAIN", "epoch": 174, "cursor": 103296, "train_count": 120355, "steps": 163600, "loss": [0.08540268242359161, 0.01981552317738533, 0.06558715552091599], "lr": 0.00025, "grad_norm": 0.27638450264930725, "time": 1790362964.651767, "seconds_this_epoch": 68.76058762893081}
{"event": "TRAIN", "epoch": 174, "cursor": 116096, "train_count": 120355, "steps": 163700, "loss": [0.10686948150396347, 0.02057012729346752, 0.0862993523478508], "lr": 0.00025, "grad_norm": 0.4332365393638611, "time": 1790362973.1558404, "seconds_this_epoch": 77.26466116309166}
{"epoch": 174, "train": [0.09972255791205768, 0.02140915272124045, 0.07831340511355975], "val": [0.624935476750697, 0.030359594605477526, 0.5945758844185046], "lr": 0.00025, "best_val": 0.53043719986189, "best_epoch": 33, "seconds": 81.39579495973885, "steps": 163734, "peak_memory_bytes": 3222636544, "time": 1790362977.287171}
{"event": "TRAIN", "epoch": 175, "cursor": 8448, "train_count": 120355, "steps": 163800, "loss": [0.0992647111415863, 0.019984906539320946, 0.07927980273962021], "lr": 0.00025, "grad_norm": 0.41663238406181335, "time": 1790362982.8820548, "seconds_this_epoch": 5.517754063010216}
{"event": "TRAIN", "epoch": 175, "cursor": 21248, "train_count": 120355, "steps": 163900, "loss": [0.09912310540676117, 0.019621826708316803, 0.07950127869844437], "lr": 0.00025, "grad_norm": 0.2812584340572357, "time": 1790362991.4570806, "seconds_this_epoch": 14.092779833823442}
{"event": "TRAIN", "epoch": 175, "cursor": 34048, "train_count": 120355, "steps": 164000, "loss": [0.11047329753637314, 0.022443054243922234, 0.08803024142980576], "lr": 0.00025, "grad_norm": 0.35711199045181274, "time": 1790363000.0547063, "seconds_this_epoch": 22.6904056109488}
{"event": "TRAIN", "epoch": 175, "cursor": 46848, "train_count": 120355, "steps": 164100, "loss": [0.10403084754943848, 0.02011200040578842, 0.08391884714365005], "lr": 0.00025, "grad_norm": 0.34504014253616333, "time": 1790363008.464007, "seconds_this_epoch": 31.099706238135695}
{"event": "TRAIN", "epoch": 175, "cursor": 59648, "train_count": 120355, "steps": 164200, "loss": [0.09386342763900757, 0.020190993323922157, 0.07367243617773056], "lr": 0.00025, "grad_norm": 0.25810131430625916, "time": 1790363017.0638895, "seconds_this_epoch": 39.69958870485425}
{"event": "TRAIN", "epoch": 175, "cursor": 72448, "train_count": 120355, "steps": 164300, "loss": [0.09381625801324844, 0.019964484497904778, 0.07385177165269852], "lr": 0.00025, "grad_norm": 0.275531530380249, "time": 1790363025.625743, "seconds_this_epoch": 48.26144267246127}
{"event": "TRAIN", "epoch": 175, "cursor": 85248, "train_count": 120355, "steps": 164400, "loss": [0.09777466952800751, 0.02180844359099865, 0.07596622407436371], "lr": 0.00025, "grad_norm": 0.33100858330726624, "time": 1790363034.0917575, "seconds_this_epoch": 56.727457012981176}
{"event": "TRAIN", "epoch": 175, "cursor": 98048, "train_count": 120355, "steps": 164500, "loss": [0.09633685648441315, 0.02131737396121025, 0.0750194862484932], "lr": 0.00025, "grad_norm": 0.3066045343875885, "time": 1790363042.645101, "seconds_this_epoch": 65.28080044873059}
{"event": "TRAIN", "epoch": 175, "cursor": 110848, "train_count": 120355, "steps": 164600, "loss": [0.10556492209434509, 0.020501434803009033, 0.08506348729133606], "lr": 0.00025, "grad_norm": 0.2972787320613861, "time": 1790363051.1811323, "seconds_this_epoch": 73.81683145835996}
{"epoch": 175, "train": [0.09959442188351904, 0.02138837809633391, 0.07820604367481201], "val": [0.6222714290553283, 0.03040543696033787, 0.5918659863984054], "lr": 0.00025, "best_val": 0.53043719986189, "best_epoch": 33, "seconds": 81.41116059198976, "steps": 164675, "peak_memory_bytes": 3222636544, "time": 1790363058.77568}
{"event": "TRAIN", "epoch": 176, "cursor": 3200, "train_count": 120355, "steps": 164700, "loss": [0.10853585600852966, 0.021624382585287094, 0.08691146969795227], "lr": 0.00025, "grad_norm": 0.3693075180053711, "time": 1790363060.8804057, "seconds_this_epoch": 2.028508245944977}
{"event": "TRAIN", "epoch": 176, "cursor": 16000, "train_count": 120355, "steps": 164800, "loss": [0.09641776233911514, 0.020103849470615387, 0.07631391286849976], "lr": 0.00025, "grad_norm": 0.3649679124355316, "time": 1790363069.4808, "seconds_this_epoch": 10.628902500495315}
{"event": "TRAIN", "epoch": 176, "cursor": 28800, "train_count": 120355, "steps": 164900, "loss": [0.10854864120483398, 0.022162124514579773, 0.08638651669025421], "lr": 0.00025, "grad_norm": 0.3313155472278595, "time": 1790363077.948552, "seconds_this_epoch": 19.096654320135713}
{"event": "TRAIN", "epoch": 176, "cursor": 41600, "train_count": 120355, "steps": 165000, "loss": [0.09309045225381851, 0.0219644233584404, 0.07112602889537811], "lr": 0.00025, "grad_norm": 0.3001435399055481, "time": 1790363086.363485, "seconds_this_epoch": 27.51158786006272}
{"event": "TRAIN", "epoch": 176, "cursor": 54400, "train_count": 120355, "steps": 165100, "loss": [0.10110364109277725, 0.020787307992577553, 0.08031633496284485], "lr": 0.00025, "grad_norm": 0.25648197531700134, "time": 1790363094.8033044, "seconds_this_epoch": 35.95140705443919}
{"event": "TRAIN", "epoch": 176, "cursor": 67200, "train_count": 120355, "steps": 165200, "loss": [0.10455498099327087, 0.023626815527677536, 0.08092816919088364], "lr": 0.00025, "grad_norm": 0.33074313402175903, "time": 1790363103.2058098, "seconds_this_epoch": 44.353912591934204}
{"event": "TRAIN", "epoch": 176, "cursor": 80000, "train_count": 120355, "steps": 165300, "loss": [0.09223320335149765, 0.021401219069957733, 0.07083198428153992], "lr": 0.00025, "grad_norm": 0.28301262855529785, "time": 1790363111.6507862, "seconds_this_epoch": 52.7988885845989}
{"event": "TRAIN", "epoch": 176, "cursor": 92800, "train_count": 120355, "steps": 165400, "loss": [0.09629403054714203, 0.02155953273177147, 0.07473450154066086], "lr": 0.00025, "grad_norm": 0.3574565649032593, "time": 1790363120.1240518, "seconds_this_epoch": 61.27215466834605}
{"event": "TRAIN", "epoch": 176, "cursor": 105600, "train_count": 120355, "steps": 165500, "loss": [0.09685107320547104, 0.020694931969046593, 0.0761561393737793], "lr": 0.00025, "grad_norm": 0.281657338142395, "time": 1790363128.532805, "seconds_this_epoch": 69.68090719543397}
{"event": "TRAIN", "epoch": 176, "cursor": 118400, "train_count": 120355, "steps": 165600, "loss": [0.08920690417289734, 0.019388165324926376, 0.06981874257326126], "lr": 0.00025, "grad_norm": 0.28028151392936707, "time": 1790363136.982593, "seconds_this_epoch": 78.13069573044777}
{"epoch": 176, "train": [0.09950182238834895, 0.021371975731627555, 0.07812984667148574], "val": [0.6244471174779853, 0.030286437989778942, 0.5941606855948742], "lr": 0.00025, "best_val": 0.53043719986189, "best_epoch": 33, "seconds": 80.67583252862096, "steps": 165616, "peak_memory_bytes": 3222636544, "time": 1790363139.5279415}
{"event": "TRAIN", "epoch": 177, "cursor": 10752, "train_count": 120355, "steps": 165700, "loss": [0.10896527767181396, 0.020929817110300064, 0.0880354568362236], "lr": 0.00025, "grad_norm": 0.3254025876522064, "time": 1790363146.5512338, "seconds_this_epoch": 6.947211185470223}
{"event": "TRAIN", "epoch": 177, "cursor": 23552, "train_count": 120355, "steps": 165800, "loss": [0.09842929989099503, 0.019132161512970924, 0.07929714024066925], "lr": 0.00025, "grad_norm": 0.34498870372772217, "time": 1790363154.922625, "seconds_this_epoch": 15.318602262064815}
{"event": "TRAIN", "epoch": 177, "cursor": 36352, "train_count": 120355, "steps": 165900, "loss": [0.09388463199138641, 0.021418994292616844, 0.07246563583612442], "lr": 0.00025, "grad_norm": 0.3366037607192993, "time": 1790363163.2986512, "seconds_this_epoch": 23.694628566503525}
{"event": "TRAIN", "epoch": 177, "cursor": 49152, "train_count": 120355, "steps": 166000, "loss": [0.10708816349506378, 0.02441992238163948, 0.082668237388134], "lr": 0.00025, "grad_norm": 0.2997475266456604, "time": 1790363171.7151804, "seconds_this_epoch": 32.11115759424865}
{"event": "TRAIN", "epoch": 177, "cursor": 61952, "train_count": 120355, "steps": 166100, "loss": [0.09013070911169052, 0.022217577323317528, 0.06791312992572784], "lr": 0.00025, "grad_norm": 0.31679394841194153, "time": 1790363180.1376255, "seconds_this_epoch": 40.533602779731154}
{"event": "TRAIN", "epoch": 177, "cursor": 74752, "train_count": 120355, "steps": 166200, "loss": [0.09662087261676788, 0.02100689895451069, 0.07561397552490234], "lr": 0.00025, "grad_norm": 0.3031700849533081, "time": 1790363188.4465437, "seconds_this_epoch": 48.84252101927996}
{"event": "TRAIN", "epoch": 177, "cursor": 87552, "train_count": 120355, "steps": 166300, "loss": [0.10888782143592834, 0.02156052365899086, 0.08732729405164719], "lr": 0.00025, "grad_norm": 0.38492488861083984, "time": 1790363196.8566573, "seconds_this_epoch": 57.25263416580856}
{"event": "TRAIN", "epoch": 177, "cursor": 100352, "train_count": 120355, "steps": 166400, "loss": [0.09574715793132782, 0.021764006465673447, 0.07398315519094467], "lr": 0.00025, "grad_norm": 0.294277548789978, "time": 1790363205.2164123, "seconds_this_epoch": 65.61238995939493}
{"event": "TRAIN", "epoch": 177, "cursor": 113152, "train_count": 120355, "steps": 166500, "loss": [0.10373122245073318, 0.022388217970728874, 0.08134300261735916], "lr": 0.00025, "grad_norm": 0.3305347263813019, "time": 1790363213.6103482, "seconds_this_epoch": 74.00632571615279}
{"epoch": 177, "train": [0.09930798707473491, 0.021359311340478183, 0.07794867574074128], "val": [0.6263202893815994, 0.030418350931559, 0.5959019381023616], "lr": 0.00025, "best_val": 0.53043719986189, "best_epoch": 33, "seconds": 80.03933711349964, "steps": 166557, "peak_memory_bytes": 3222636544, "time": 1790363219.6436043}
{"event": "TRAIN", "epoch": 178, "cursor": 5504, "train_count": 120355, "steps": 166600, "loss": [0.09166443347930908, 0.02121787890791893, 0.07044655829668045], "lr": 0.00025, "grad_norm": 0.306617796421051, "time": 1790363223.169663, "seconds_this_epoch": 3.4503306075930595}
{"event": "TRAIN", "epoch": 178, "cursor": 18304, "train_count": 120355, "steps": 166700, "loss": [0.10432380437850952, 0.021272342652082443, 0.08305145800113678], "lr": 0.00025, "grad_norm": 0.3356439769268036, "time": 1790363231.5432942, "seconds_this_epoch": 11.82396187633276}
{"event": "TRAIN", "epoch": 178, "cursor": 31104, "train_count": 120355, "steps": 166800, "loss": [0.10265673696994781, 0.020371465012431145, 0.08228527009487152], "lr": 0.00025, "grad_norm": 0.3828389048576355, "time": 1790363239.9839888, "seconds_this_epoch": 20.264656472951174}
{"event": "TRAIN", "epoch": 178, "cursor": 43904, "train_count": 120355, "steps": 166900, "loss": [0.09266093373298645, 0.020151808857917786, 0.07250912487506866], "lr": 0.00025, "grad_norm": 0.2847828269004822, "time": 1790363248.339133, "seconds_this_epoch": 28.61980108730495}
{"event": "TRAIN", "epoch": 178, "cursor": 56704, "train_count": 120355, "steps": 167000, "loss": [0.10886497795581818, 0.020105253905057907, 0.08875972032546997], "lr": 0.00025, "grad_norm": 0.28901880979537964, "time": 1790363256.7748363, "seconds_this_epoch": 37.05550402216613}
{"event": "TRAIN", "epoch": 178, "cursor": 69504, "train_count": 120355, "steps": 167100, "loss": [0.10119515657424927, 0.022251678630709648, 0.07894347608089447], "lr": 0.00025, "grad_norm": 0.3100324869155884, "time": 1790363265.2063417, "seconds_this_epoch": 45.48700927570462}
{"event": "TRAIN", "epoch": 178, "cursor": 82304, "train_count": 120355, "steps": 167200, "loss": [0.10367944836616516, 0.021089056506752968, 0.08259039372205734], "lr": 0.00025, "grad_norm": 0.3430533707141876, "time": 1790363273.667419, "seconds_this_epoch": 53.94808650761843}
{"event": "TRAIN", "epoch": 178, "cursor": 95104, "train_count": 120355, "steps": 167300, "loss": [0.09567558765411377, 0.02001347206532955, 0.07566211372613907], "lr": 0.00025, "grad_norm": 0.33688366413116455, "time": 1790363282.0840342, "seconds_this_epoch": 62.36470203101635}
{"event": "TRAIN", "epoch": 178, "cursor": 107904, "train_count": 120355, "steps": 167400, "loss": [0.09677229821681976, 0.021671757102012634, 0.07510054111480713], "lr": 0.00025, "grad_norm": 0.29539039731025696, "time": 1790363290.521106, "seconds_this_epoch": 70.80177363194525}
{"epoch": 178, "train": [0.0992255614718919, 0.021336464021280782, 0.07788909750409707], "val": [0.626530925848867, 0.03036644042090959, 0.5961644862748676], "lr": 0.00025, "best_val": 0.53043719986189, "best_epoch": 33, "seconds": 80.24293779209256, "steps": 167498, "peak_memory_bytes": 3222636544, "time": 1790363299.9624875}
{"event": "TRAIN", "epoch": 179, "cursor": 256, "train_count": 120355, "steps": 167500, "loss": [0.0975603461265564, 0.022026974707841873, 0.07553337514400482], "lr": 0.00025, "grad_norm": 0.33186644315719604, "time": 1790363300.195064, "seconds_this_epoch": 0.15560488030314445}
{"event": "TRAIN", "epoch": 179, "cursor": 13056, "train_count": 120355, "steps": 167600, "loss": [0.1018504649400711, 0.02362097054719925, 0.07822949439287186], "lr": 0.00025, "grad_norm": 0.3094591200351715, "time": 1790363308.514811, "seconds_this_epoch": 8.475351855158806}
{"event": "TRAIN", "epoch": 179, "cursor": 25856, "train_count": 120355, "steps": 167700, "loss": [0.10061474144458771, 0.02056634984910488, 0.08004838973283768], "lr": 0.00025, "grad_norm": 0.2839083671569824, "time": 1790363316.8275614, "seconds_this_epoch": 16.788102125748992}
{"event": "TRAIN", "epoch": 179, "cursor": 38656, "train_count": 120355, "steps": 167800, "loss": [0.10522492974996567, 0.02246159128844738, 0.08276333659887314], "lr": 0.00025, "grad_norm": 0.3274940848350525, "time": 1790363325.1392066, "seconds_this_epoch": 25.099747439846396}
{"event": "TRAIN", "epoch": 179, "cursor": 51456, "train_count": 120355, "steps": 167900, "loss": [0.09098870307207108, 0.02081790752708912, 0.0701707974076271], "lr": 0.00025, "grad_norm": 0.3365006446838379, "time": 1790363333.6564312, "seconds_this_epoch": 33.61697196401656}
{"event": "TRAIN", "epoch": 179, "cursor": 64256, "train_count": 120355, "steps": 168000, "loss": [0.09790594130754471, 0.021783441305160522, 0.07612250000238419], "lr": 0.00025, "grad_norm": 0.37386617064476013, "time": 1790363342.0942068, "seconds_this_epoch": 42.05474754795432}
{"event": "TRAIN", "epoch": 179, "cursor": 77056, "train_count": 120355, "steps": 168100, "loss": [0.095683254301548, 0.020161541178822517, 0.07552171498537064], "lr": 0.00025, "grad_norm": 0.36234331130981445, "time": 1790363350.4841294, "seconds_this_epoch": 50.444670559838414}
{"event": "TRAIN", "epoch": 179, "cursor": 89856, "train_count": 120355, "steps": 168200, "loss": [0.09905847162008286, 0.022162899374961853, 0.076895572245121], "lr": 0.00025, "grad_norm": 0.32560864090919495, "time": 1790363358.8797722, "seconds_this_epoch": 58.840313240885735}
{"event": "TRAIN", "epoch": 179, "cursor": 102656, "train_count": 120355, "steps": 168300, "loss": [0.10197683423757553, 0.02405482530593872, 0.07792200893163681], "lr": 0.00025, "grad_norm": 0.3475811779499054, "time": 1790363367.3001637, "seconds_this_epoch": 67.26070454157889}
{"event": "TRAIN", "epoch": 179, "cursor": 115456, "train_count": 120355, "steps": 168400, "loss": [0.1045842170715332, 0.022590477019548416, 0.08199374377727509], "lr": 0.00025, "grad_norm": 0.3449898660182953, "time": 1790363375.697531, "seconds_this_epoch": 75.65807177871466}
{"epoch": 179, "train": [0.09901519439856664, 0.021329833159575207, 0.077685361379098], "val": [0.6240516116866586, 0.03032143303922219, 0.5937301818032911], "lr": 0.00025, "best_val": 0.53043719986189, "best_epoch": 33, "seconds": 80.1265659276396, "steps": 168439, "peak_memory_bytes": 3222636544, "time": 1790363380.1662283}
{"event": "TRAIN", "epoch": 180, "cursor": 7808, "train_count": 120355, "steps": 168500, "loss": [0.09638530761003494, 0.02219303697347641, 0.07419227063655853], "lr": 0.00025, "grad_norm": 0.38691872358322144, "time": 1790363385.2038682, "seconds_this_epoch": 4.962296379730105}
{"event": "TRAIN", "epoch": 180, "cursor": 20608, "train_count": 120355, "steps": 168600, "loss": [0.1050969660282135, 0.022736791521310806, 0.0823601707816124], "lr": 0.00025, "grad_norm": 0.3773970305919647, "time": 1790363393.564303, "seconds_this_epoch": 13.322731042280793}
{"event": "TRAIN", "epoch": 180, "cursor": 33408, "train_count": 120355, "steps": 168700, "loss": [0.09782177954912186, 0.02215275913476944, 0.07566902041435242], "lr": 0.00025, "grad_norm": 0.3498866856098175, "time": 1790363402.016473, "seconds_this_epoch": 21.774901324883103}
{"event": "TRAIN", "epoch": 180, "cursor": 46208, "train_count": 120355, "steps": 168800, "loss": [0.09300462901592255, 0.02123968116939068, 0.07176494598388672], "lr": 0.00025, "grad_norm": 0.3036390244960785, "time": 1790363410.4158134, "seconds_this_epoch": 30.17424145154655}
{"event": "TRAIN", "epoch": 180, "cursor": 59008, "train_count": 120355, "steps": 168900, "loss": [0.09606139361858368, 0.020724017173051834, 0.07533737272024155], "lr": 0.00025, "grad_norm": 0.4072510302066803, "time": 1790363418.8739982, "seconds_this_epoch": 38.63242620974779}
{"event": "TRAIN", "epoch": 180, "cursor": 71808, "train_count": 120355, "steps": 169000, "loss": [0.09384061396121979, 0.021484332159161568, 0.07235628366470337], "lr": 0.00025, "grad_norm": 0.36406850814819336, "time": 1790363427.3167589, "seconds_this_epoch": 47.07518701814115}
{"event": "TRAIN", "epoch": 180, "cursor": 84608, "train_count": 120355, "steps": 169100, "loss": [0.08608916401863098, 0.020573977380990982, 0.0655151903629303], "lr": 0.00025, "grad_norm": 0.38653260469436646, "time": 1790363435.744778, "seconds_this_epoch": 55.50320648960769}
{"event": "TRAIN", "epoch": 180, "cursor": 97408, "train_count": 120355, "steps": 169200, "loss": [0.11193495988845825, 0.021398060023784637, 0.09053689986467361], "lr": 0.00025, "grad_norm": 0.4035426378250122, "time": 1790363444.2185202, "seconds_this_epoch": 63.97694854810834}
{"event": "TRAIN", "epoch": 180, "cursor": 110208, "train_count": 120355, "steps": 169300, "loss": [0.08983372896909714, 0.021035360172390938, 0.06879837065935135], "lr": 0.00025, "grad_norm": 0.2862619161605835, "time": 1790363452.6501906, "seconds_this_epoch": 72.40861898288131}
{"epoch": 180, "train": [0.09891789607419851, 0.021308164892250115, 0.07760973118843295], "val": [0.6232058385015425, 0.03036478689570574, 0.5928410505271408], "lr": 0.00025, "best_val": 0.53043719986189, "best_epoch": 33, "seconds": 80.3178134355694, "steps": 169380, "peak_memory_bytes": 3222636544, "time": 1790363460.5596058}
{"event": "TRAIN", "epoch": 181, "cursor": 2560, "train_count": 120355, "steps": 169400, "loss": [0.09482566267251968, 0.022335508838295937, 0.0724901556968689], "lr": 0.00025, "grad_norm": 0.3418094515800476, "time": 1790363462.1638997, "seconds_this_epoch": 1.5280911643058062}
{"event": "TRAIN", "epoch": 181, "cursor": 15360, "train_count": 120355, "steps": 169500, "loss": [0.13954579830169678, 0.023046374320983887, 0.1164994165301323], "lr": 0.00025, "grad_norm": 0.378395140171051, "time": 1790363470.6232681, "seconds_this_epoch": 9.987459739670157}
{"event": "TRAIN", "epoch": 181, "cursor": 28160, "train_count": 120355, "steps": 169600, "loss": [0.10996023565530777, 0.022751951590180397, 0.08720828592777252], "lr": 0.00025, "grad_norm": 0.36977389454841614, "time": 1790363479.0305371, "seconds_this_epoch": 18.394728595390916}
{"event": "TRAIN", "epoch": 181, "cursor": 40960, "train_count": 120355, "steps": 169700, "loss": [0.09599938988685608, 0.020778050646185875, 0.07522133737802505], "lr": 0.00025, "grad_norm": 0.3180857300758362, "time": 1790363487.4338982, "seconds_this_epoch": 26.798090120777488}
{"event": "TRAIN", "epoch": 181, "cursor": 53760, "train_count": 120355, "steps": 169800, "loss": [0.08659897744655609, 0.021186284720897675, 0.06541269272565842], "lr": 0.00025, "grad_norm": 0.361232727766037, "time": 1790363495.935845, "seconds_this_epoch": 35.30004652775824}
{"event": "TRAIN", "epoch": 181, "cursor": 66560, "train_count": 120355, "steps": 169900, "loss": [0.0975613072514534, 0.02012128196656704, 0.07744002342224121], "lr": 0.00025, "grad_norm": 0.2962583601474762, "time": 1790363504.3412778, "seconds_this_epoch": 43.70546945370734}
{"event": "TRAIN", "epoch": 181, "cursor": 79360, "train_count": 120355, "steps": 170000, "loss": [0.09860070794820786, 0.022286558523774147, 0.07631415128707886], "lr": 0.00025, "grad_norm": 0.34669697284698486, "time": 1790363512.7944486, "seconds_this_epoch": 52.158640176057816}
{"event": "TRAIN", "epoch": 181, "cursor": 92160, "train_count": 120355, "steps": 170100, "loss": [0.09591422975063324, 0.021019870415329933, 0.07489436119794846], "lr": 0.00025, "grad_norm": 0.39233869314193726, "time": 1790363521.2454262, "seconds_this_epoch": 60.60961774736643}
{"event": "TRAIN", "epoch": 181, "cursor": 104960, "train_count": 120355, "steps": 170200, "loss": [0.10742916166782379, 0.022277994081377983, 0.08515116572380066], "lr": 0.00025, "grad_norm": 0.3298472762107849, "time": 1790363529.7108278, "seconds_this_epoch": 69.07501953840256}
{"event": "TRAIN", "epoch": 181, "cursor": 117760, "train_count": 120355, "steps": 170300, "loss": [0.1014852225780487, 0.01942898891866207, 0.08205623179674149], "lr": 0.00025, "grad_norm": 0.3181418478488922, "time": 1790363538.211858, "seconds_this_epoch": 77.57604961656034}
{"epoch": 181, "train": [0.0987524540671546, 0.021288976914043797, 0.07746347711997614], "val": [0.6257332951730858, 0.03037801548958966, 0.5953552839893658], "lr": 0.00025, "best_val": 0.53043719986189, "best_epoch": 33, "seconds": 80.55599816329777, "steps": 170321, "peak_memory_bytes": 3222636544, "time": 1790363541.1920362}
{"event": "TRAIN", "epoch": 182, "cursor": 10112, "train_count": 120355, "steps": 170400, "loss": [0.09155406802892685, 0.019770106300711632, 0.07178395986557007], "lr": 0.00025, "grad_norm": 0.2902657091617584, "time": 1790363547.7551634, "seconds_this_epoch": 6.485905909910798}
{"event": "TRAIN", "epoch": 182, "cursor": 22912, "train_count": 120355, "steps": 170500, "loss": [0.10222677886486053, 0.023843713104724884, 0.07838306576013565], "lr": 0.00025, "grad_norm": 0.3036155104637146, "time": 1790363556.1977673, "seconds_this_epoch": 14.928509593009949}
{"event": "TRAIN", "epoch": 182, "cursor": 35712, "train_count": 120355, "steps": 170600, "loss": [0.09513382613658905, 0.021582093089818954, 0.0735517293214798], "lr": 0.00025, "grad_norm": 0.27487823367118835, "time": 1790363564.6296043, "seconds_this_epoch": 23.360346956178546}
{"event": "TRAIN", "epoch": 182, "cursor": 48512, "train_count": 120355, "steps": 170700, "loss": [0.10006490349769592, 0.0219420213252306, 0.07812288403511047], "lr": 0.00025, "grad_norm": 0.3657766282558441, "time": 1790363573.0187597, "seconds_this_epoch": 31.749502044171095}
{"event": "TRAIN", "epoch": 182, "cursor": 61312, "train_count": 120355, "steps": 170800, "loss": [0.10268478095531464, 0.020502228289842606, 0.08218255639076233], "lr": 0.00025, "grad_norm": 0.32068100571632385, "time": 1790363581.4415224, "seconds_this_epoch": 40.17226534895599}
{"event": "TRAIN", "epoch": 182, "cursor": 74112, "train_count": 120355, "steps": 170900, "loss": [0.10170945525169373, 0.02080978825688362, 0.0808996707201004], "lr": 0.00025, "grad_norm": 0.3415432870388031, "time": 1790363589.851133, "seconds_this_epoch": 48.581875720992684}
{"event": "TRAIN", "epoch": 182, "cursor": 86912, "train_count": 120355, "steps": 171000, "loss": [0.10114102810621262, 0.021736102178692818, 0.07940492779016495], "lr": 0.00025, "grad_norm": 0.2799499034881592, "time": 1790363598.326976, "seconds_this_epoch": 57.0577187333256}
{"event": "TRAIN", "epoch": 182, "cursor": 99712, "train_count": 120355, "steps": 171100, "loss": [0.09988374263048172, 0.0221690833568573, 0.07771465927362442], "lr": 0.00025, "grad_norm": 0.34380754828453064, "time": 1790363606.7895653, "seconds_this_epoch": 65.52030811272562}
{"event": "TRAIN", "epoch": 182, "cursor": 112512, "train_count": 120355, "steps": 171200, "loss": [0.08937594294548035, 0.020299268886446953, 0.06907667219638824], "lr": 0.00025, "grad_norm": 0.3046039044857025, "time": 1790363615.1877604, "seconds_this_epoch": 73.91850297152996}
{"epoch": 182, "train": [0.09856950719136848, 0.02127055391826512, 0.07729895324032464], "val": [0.6262783830193678, 0.030387270086866418, 0.5958911166232466], "lr": 0.00025, "best_val": 0.53043719986189, "best_epoch": 33, "seconds": 80.35116029903293, "steps": 171262, "peak_memory_bytes": 3222636544, "time": 1790363621.6206017}
{"event": "TRAIN", "epoch": 183, "cursor": 4864, "train_count": 120355, "steps": 171300, "loss": [0.10457959771156311, 0.018968483433127403, 0.08561111241579056], "lr": 0.00025, "grad_norm": 0.3276515007019043, "time": 1790363624.690086, "seconds_this_epoch": 2.994067160412669}
{"event": "TRAIN", "epoch": 183, "cursor": 17664, "train_count": 120355, "steps": 171400, "loss": [0.10467679798603058, 0.02150120958685875, 0.08317559212446213], "lr": 0.00025, "grad_norm": 0.403526246547699, "time": 1790363633.1199505, "seconds_this_epoch": 11.423932202160358}
{"event": "TRAIN", "epoch": 183, "cursor": 30464, "train_count": 120355, "steps": 171500, "loss": [0.09411898255348206, 0.02096872217953205, 0.07315026223659515], "lr": 0.00025, "grad_norm": 0.35966992378234863, "time": 1790363641.4354868, "seconds_this_epoch": 19.739468155428767}
{"event": "TRAIN", "epoch": 183, "cursor": 43264, "train_count": 120355, "steps": 171600, "loss": [0.09972232580184937, 0.0195812676101923, 0.08014106005430222], "lr": 0.00025, "grad_norm": 0.32947760820388794, "time": 1790363649.8623655, "seconds_this_epoch": 28.1663466244936}
{"event": "TRAIN", "epoch": 183, "cursor": 56064, "train_count": 120355, "steps": 171700, "loss": [0.11041778326034546, 0.01979130320250988, 0.09062647819519043], "lr": 0.00025, "grad_norm": 0.40760257840156555, "time": 1790363658.3252702, "seconds_this_epoch": 36.62925144843757}
{"event": "TRAIN", "epoch": 183, "cursor": 68864, "train_count": 120355, "steps": 171800, "loss": [0.09929478913545609, 0.020984351634979248, 0.07831043750047684], "lr": 0.00025, "grad_norm": 0.3292953670024872, "time": 1790363666.6227539, "seconds_this_epoch": 44.92673509567976}
{"event": "TRAIN", "epoch": 183, "cursor": 81664, "train_count": 120355, "steps": 171900, "loss": [0.09800395369529724, 0.021814873442053795, 0.0761890783905983], "lr": 0.00025, "grad_norm": 0.2937205135822296, "time": 1790363675.0835228, "seconds_this_epoch": 53.38750424422324}
{"event": "TRAIN", "epoch": 183, "cursor": 94464, "train_count": 120355, "steps": 172000, "loss": [0.10151746869087219, 0.020342187955975533, 0.08117528259754181], "lr": 0.00025, "grad_norm": 0.3586304783821106, "time": 1790363683.4678087, "seconds_this_epoch": 61.77179000340402}
{"event": "TRAIN", "epoch": 183, "cursor": 107264, "train_count": 120355, "steps": 172100, "loss": [0.09504139423370361, 0.022183023393154144, 0.07285837084054947], "lr": 0.00025, "grad_norm": 0.40605756640434265, "time": 1790363692.0214987, "seconds_this_epoch": 70.32547979988158}
{"event": "TRAIN", "epoch": 183, "cursor": 120064, "train_count": 120355, "steps": 172200, "loss": [0.09721234440803528, 0.020655417814850807, 0.07655692845582962], "lr": 0.00025, "grad_norm": 0.3295912444591522, "time": 1790363700.5543795, "seconds_this_epoch": 78.8583606928587}
{"epoch": 183, "train": [0.09838542763635459, 0.02124217240294837, 0.07714325544987265], "val": [0.6230935868552229, 0.03034408856322585, 0.5927494963307314], "lr": 0.00025, "best_val": 0.53043719986189, "best_epoch": 33, "seconds": 80.30096316337585, "steps": 172203, "peak_memory_bytes": 3222636544, "time": 1790363701.997168}
{"event": "TRAIN", "epoch": 184, "cursor": 12416, "train_count": 120355, "steps": 172300, "loss": [0.09844575822353363, 0.019255414605140686, 0.07919034361839294], "lr": 0.00025, "grad_norm": 0.37874898314476013, "time": 1790363710.3135767, "seconds_this_epoch": 8.240247551351786}
{"event": "TRAIN", "epoch": 184, "cursor": 25216, "train_count": 120355, "steps": 172400, "loss": [0.11340487003326416, 0.020341819152235985, 0.09306304901838303], "lr": 0.00025, "grad_norm": 0.3670594096183777, "time": 1790363718.9483404, "seconds_this_epoch": 16.875011421740055}
{"event": "TRAIN", "epoch": 184, "cursor": 38016, "train_count": 120355, "steps": 172500, "loss": [0.09965244680643082, 0.02325364388525486, 0.0763988047838211], "lr": 0.00025, "grad_norm": 0.3463531732559204, "time": 1790363727.3734705, "seconds_this_epoch": 25.300141368061304}
{"event": "TRAIN", "epoch": 184, "cursor": 50816, "train_count": 120355, "steps": 172600, "loss": [0.10046668350696564, 0.019532451406121254, 0.08093423396348953], "lr": 0.00025, "grad_norm": 0.41290393471717834, "time": 1790363735.8276918, "seconds_this_epoch": 33.75436239503324}
{"event": "TRAIN", "epoch": 184, "cursor": 63616, "train_count": 120355, "steps": 172700, "loss": [0.09517759084701538, 0.021710483357310295, 0.07346710562705994], "lr": 0.00025, "grad_norm": 0.31767624616622925, "time": 1790363744.2858396, "seconds_this_epoch": 42.212510250508785}
{"event": "TRAIN", "epoch": 184, "cursor": 76416, "train_count": 120355, "steps": 172800, "loss": [0.10723398625850677, 0.021442489698529243, 0.08579149842262268], "lr": 0.00025, "grad_norm": 0.338458776473999, "time": 1790363752.6557078, "seconds_this_epoch": 50.58237841166556}
{"event": "TRAIN", "epoch": 184, "cursor": 89216, "train_count": 120355, "steps": 172900, "loss": [0.10964806377887726, 0.020422179251909256, 0.0892258808016777], "lr": 0.00025, "grad_norm": 0.3531304895877838, "time": 1790363761.0664043, "seconds_this_epoch": 58.993074994534254}
{"event": "TRAIN", "epoch": 184, "cursor": 102016, "train_count": 120355, "steps": 173000, "loss": [0.10632288455963135, 0.02075321599841118, 0.08556967228651047], "lr": 0.00025, "grad_norm": 0.3217742145061493, "time": 1790363769.5304112, "seconds_this_epoch": 67.45708197169006}
{"event": "TRAIN", "epoch": 184, "cursor": 114816, "train_count": 120355, "steps": 173100, "loss": [0.08990825712680817, 0.021215789020061493, 0.06869246810674667], "lr": 0.00025, "grad_norm": 0.3555283546447754, "time": 1790363777.9879274, "seconds_this_epoch": 75.91459834761918}
{"epoch": 184, "train": [0.09828406244034751, 0.021232367131694553, 0.07705169539473192], "val": [0.6244359784877981, 0.030326911513761885, 0.5941090705756331], "lr": 0.00025, "best_val": 0.53043719986189, "best_epoch": 33, "seconds": 80.82803722470999, "steps": 173144, "peak_memory_bytes": 3222636544, "time": 1790363782.901565}
{"event": "TRAIN", "epoch": 185, "cursor": 7168, "train_count": 120355, "steps": 173200, "loss": [0.10672053694725037, 0.020519111305475235, 0.08620142191648483], "lr": 0.00025, "grad_norm": 0.35326775908470154, "time": 1790363787.5249083, "seconds_this_epoch": 4.548523858189583}
{"event": "TRAIN", "epoch": 185, "cursor": 19968, "train_count": 120355, "steps": 173300, "loss": [0.10207416117191315, 0.02069452777504921, 0.08137962967157364], "lr": 0.00025, "grad_norm": 0.3941797614097595, "time": 1790363795.8953073, "seconds_this_epoch": 12.91892277635634}
{"event": "TRAIN", "epoch": 185, "cursor": 32768, "train_count": 120355, "steps": 173400, "loss": [0.09579548984766006, 0.02092575840651989, 0.07486972957849503], "lr": 0.00025, "grad_norm": 0.5737152695655823, "time": 1790363804.3510394, "seconds_this_epoch": 21.374654542654753}
{"event": "TRAIN", "epoch": 185, "cursor": 45568, "train_count": 120355, "steps": 173500, "loss": [0.09293195605278015, 0.01941884681582451, 0.07351310551166534], "lr": 0.00025, "grad_norm": 0.42345401644706726, "time": 1790363812.784289, "seconds_this_epoch": 29.80790428444743}
{"event": "TRAIN", "epoch": 185, "cursor": 58368, "train_count": 120355, "steps": 173600, "loss": [0.09814605116844177, 0.020050903782248497, 0.07809514552354813], "lr": 0.00025, "grad_norm": 0.4154450297355652, "time": 1790363821.2539148, "seconds_this_epoch": 38.277530236169696}
{"event": "TRAIN", "epoch": 185, "cursor": 71168, "train_count": 120355, "steps": 173700, "loss": [0.10520459711551666, 0.02209024503827095, 0.08311434835195541], "lr": 0.00025, "grad_norm": 0.36445486545562744, "time": 1790363829.75382, "seconds_this_epoch": 46.7774352543056}
{"event": "TRAIN", "epoch": 185, "cursor": 83968, "train_count": 120355, "steps": 173800, "loss": [0.09628500789403915, 0.021933913230895996, 0.07435109466314316], "lr": 0.00025, "grad_norm": 0.2933725118637085, "time": 1790363838.207002, "seconds_this_epoch": 55.23061713390052}
{"event": "TRAIN", "epoch": 185, "cursor": 96768, "train_count": 120355, "steps": 173900, "loss": [0.09190405905246735, 0.021019883453845978, 0.07088417559862137], "lr": 0.00025, "grad_norm": 0.2964218556880951, "time": 1790363846.6739678, "seconds_this_epoch": 63.69758309237659}
{"event": "TRAIN", "epoch": 185, "cursor": 109568, "train_count": 120355, "steps": 174000, "loss": [0.09890143573284149, 0.019703585654497147, 0.07919784635305405], "lr": 0.00025, "grad_norm": 0.3850293755531311, "time": 1790363855.04053, "seconds_this_epoch": 72.06414512172341}
{"epoch": 185, "train": [0.09818222875575729, 0.02121905222727658, 0.07696317656809994], "val": [0.6266321417388894, 0.030437446455380678, 0.5961946976102829], "lr": 0.00025, "best_val": 0.53043719986189, "best_epoch": 33, "seconds": 80.46755005046725, "steps": 174085, "peak_memory_bytes": 3222636544, "time": 1790363863.4442487}
{"event": "TRAIN", "epoch": 186, "cursor": 1920, "train_count": 120355, "steps": 174100, "loss": [0.08929772675037384, 0.020351890474557877, 0.06894584000110626], "lr": 0.00025, "grad_norm": 0.23873084783554077, "time": 1790363864.634096, "seconds_this_epoch": 1.1121291350573301}
{"event": "TRAIN", "epoch": 186, "cursor": 14720, "train_count": 120355, "steps": 174200, "loss": [0.09060393273830414, 0.021257475018501282, 0.06934645771980286], "lr": 0.00025, "grad_norm": 0.3449194133281708, "time": 1790363872.9864461, "seconds_this_epoch": 9.464479673653841}
{"event": "TRAIN", "epoch": 186, "cursor": 27520, "train_count": 120355, "steps": 174300, "loss": [0.09573908150196075, 0.020480837672948837, 0.07525824755430222], "lr": 0.00025, "grad_norm": 0.3176640570163727, "time": 1790363881.392195, "seconds_this_epoch": 17.870228761807084}
{"event": "TRAIN", "epoch": 186, "cursor": 40320, "train_count": 120355, "steps": 174400, "loss": [0.10338568687438965, 0.02153998799622059, 0.08184570074081421], "lr": 0.00025, "grad_norm": 0.32323095202445984, "time": 1790363889.778788, "seconds_this_epoch": 26.256821433082223}
{"event": "TRAIN", "epoch": 186, "cursor": 53120, "train_count": 120355, "steps": 174500, "loss": [0.09727975726127625, 0.022405706346035004, 0.07487405091524124], "lr": 0.00025, "grad_norm": 0.35460662841796875, "time": 1790363898.2543368, "seconds_this_epoch": 34.73237047530711}
{"event": "TRAIN", "epoch": 186, "cursor": 65920, "train_count": 120355, "steps": 174600, "loss": [0.10672584921121597, 0.021652644500136375, 0.08507320284843445], "lr": 0.00025, "grad_norm": 0.43117788434028625, "time": 1790363906.722899, "seconds_this_epoch": 43.20093243941665}
{"event": "TRAIN", "epoch": 186, "cursor": 78720, "train_count": 120355, "steps": 174700, "loss": [0.1000533252954483, 0.0210130475461483, 0.0790402740240097], "lr": 0.00025, "grad_norm": 0.4095979630947113, "time": 1790363915.1592212, "seconds_this_epoch": 51.63725499436259}
{"event": "TRAIN", "epoch": 186, "cursor": 91520, "train_count": 120355, "steps": 174800, "loss": [0.17667090892791748, 0.019602768123149872, 0.1570681482553482], "lr": 0.00025, "grad_norm": 0.40133723616600037, "time": 1790363923.5377579, "seconds_this_epoch": 60.01579152606428}
{"event": "TRAIN", "epoch": 186, "cursor": 104320, "train_count": 120355, "steps": 174900, "loss": [0.10830700397491455, 0.024003487080335617, 0.08430351316928864], "lr": 0.00025, "grad_norm": 0.3269304931163788, "time": 1790363931.9765596, "seconds_this_epoch": 68.45459332317114}
{"event": "TRAIN", "epoch": 186, "cursor": 117120, "train_count": 120355, "steps": 175000, "loss": [0.1069110855460167, 0.022853069007396698, 0.08405801653862], "lr": 0.00025, "grad_norm": 0.3594568967819214, "time": 1790363940.3816977, "seconds_this_epoch": 76.8597314208746}
{"epoch": 186, "train": [0.09803536460630013, 0.021204582530656775, 0.07683078214389366], "val": [0.6232276443874554, 0.03039536445289895, 0.5928322787488822], "lr": 0.000125, "best_val": 0.53043719986189, "best_epoch": 33, "seconds": 80.20685890875757, "steps": 175026, "peak_memory_bytes": 3222636544, "time": 1790363943.7290728}
{"event": "TRAIN", "epoch": 187, "cursor": 9472, "train_count": 120355, "steps": 175100, "loss": [0.0921277403831482, 0.01956995204091072, 0.07255779206752777], "lr": 0.000125, "grad_norm": 0.37494730949401855, "time": 1790363949.8833144, "seconds_this_epoch": 6.0773612931370735}
{"event": "TRAIN", "epoch": 187, "cursor": 22272, "train_count": 120355, "steps": 175200, "loss": [0.09009581059217453, 0.018553854897618294, 0.07154195755720139], "lr": 0.000125, "grad_norm": 0.3178067207336426, "time": 1790363958.330694, "seconds_this_epoch": 14.524740472435951}
{"event": "TRAIN", "epoch": 187, "cursor": 35072, "train_count": 120355, "steps": 175300, "loss": [0.10069878399372101, 0.021704277023673058, 0.0789945051074028], "lr": 0.000125, "grad_norm": 0.4024220407009125, "time": 1790363966.7824779, "seconds_this_epoch": 22.976524844765663}
{"event": "TRAIN", "epoch": 187, "cursor": 47872, "train_count": 120355, "steps": 175400, "loss": [0.1088467389345169, 0.022054944187402725, 0.08679179102182388], "lr": 0.000125, "grad_norm": 0.2683042287826538, "time": 1790363975.2555215, "seconds_this_epoch": 31.449568225070834}
{"event": "TRAIN", "epoch": 187, "cursor": 60672, "train_count": 120355, "steps": 175500, "loss": [0.09205006808042526, 0.01908423937857151, 0.0729658305644989], "lr": 0.000125, "grad_norm": 0.31671565771102905, "time": 1790363983.7016456, "seconds_this_epoch": 39.89569237269461}
{"event": "TRAIN", "epoch": 187, "cursor": 73472, "train_count": 120355, "steps": 175600, "loss": [0.08766011893749237, 0.020467963069677353, 0.06719215959310532], "lr": 0.000125, "grad_norm": 0.28407707810401917, "time": 1790363992.1131241, "seconds_this_epoch": 48.307170648127794}
{"event": "TRAIN", "epoch": 187, "cursor": 86272, "train_count": 120355, "steps": 175700, "loss": [0.09390917420387268, 0.019771620631217957, 0.07413755357265472], "lr": 0.000125, "grad_norm": 0.2254590094089508, "time": 1790364000.473342, "seconds_this_epoch": 56.667388554662466}
{"event": "TRAIN", "epoch": 187, "cursor": 99072, "train_count": 120355, "steps": 175800, "loss": [0.0929376557469368, 0.01947602815926075, 0.0734616294503212], "lr": 0.000125, "grad_norm": 0.24947099387645721, "time": 1790364008.970118, "seconds_this_epoch": 65.16416484676301}
{"event": "TRAIN", "epoch": 187, "cursor": 111872, "train_count": 120355, "steps": 175900, "loss": [0.09592066705226898, 0.022883255034685135, 0.07303740829229355], "lr": 0.000125, "grad_norm": 0.26877543330192566, "time": 1790364017.422989, "seconds_this_epoch": 73.61703521944582}
{"epoch": 187, "train": [0.09637255675629215, 0.021066239170965662, 0.0753063177492046], "val": [0.6256747706507695, 0.030338748536208344, 0.5953360248959924], "lr": 0.000125, "best_val": 0.53043719986189, "best_epoch": 33, "seconds": 80.48826456069946, "steps": 175967, "peak_memory_bytes": 3222636544, "time": 1790364024.2944367}
{"event": "TRAIN", "epoch": 188, "cursor": 4224, "train_count": 120355, "steps": 176000, "loss": [0.09564060717821121, 0.020107952877879143, 0.07553265243768692], "lr": 0.000125, "grad_norm": 0.36223718523979187, "time": 1790364026.9939523, "seconds_this_epoch": 2.62349040992558}
{"event": "TRAIN", "epoch": 188, "cursor": 17024, "train_count": 120355, "steps": 176100, "loss": [0.09260265529155731, 0.018539249897003174, 0.07406340539455414], "lr": 0.000125, "grad_norm": 0.2264459878206253, "time": 1790364035.479321, "seconds_this_epoch": 11.108859149739146}
{"event": "TRAIN", "epoch": 188, "cursor": 29824, "train_count": 120355, "steps": 176200, "loss": [0.08882971853017807, 0.022031014785170555, 0.06679870188236237], "lr": 0.000125, "grad_norm": 0.28088903427124023, "time": 1790364043.9515152, "seconds_this_epoch": 19.581053394824266}
{"event": "TRAIN", "epoch": 188, "cursor": 42624, "train_count": 120355, "steps": 176300, "loss": [0.09492462128400803, 0.021921666339039803, 0.07300295680761337], "lr": 0.000125, "grad_norm": 0.23668882250785828, "time": 1790364052.3686268, "seconds_this_epoch": 27.998165234923363}
{"event": "TRAIN", "epoch": 188, "cursor": 55424, "train_count": 120355, "steps": 176400, "loss": [0.08882810920476913, 0.020095093175768852, 0.06873301416635513], "lr": 0.000125, "grad_norm": 0.24267442524433136, "time": 1790364060.761653, "seconds_this_epoch": 36.391191286966205}
{"event": "TRAIN", "epoch": 188, "cursor": 68224, "train_count": 120355, "steps": 176500, "loss": [0.0956779196858406, 0.02039416693150997, 0.07528375089168549], "lr": 0.000125, "grad_norm": 0.28081393241882324, "time": 1790364069.222718, "seconds_this_epoch": 44.85225617699325}
{"event": "TRAIN", "epoch": 188, "cursor": 81024, "train_count": 120355, "steps": 176600, "loss": [0.08951905369758606, 0.02003100886940956, 0.0694880411028862], "lr": 0.000125, "grad_norm": 0.23272879421710968, "time": 1790364077.6373484, "seconds_this_epoch": 53.26688647642732}
{"event": "TRAIN", "epoch": 188, "cursor": 93824, "train_count": 120355, "steps": 176700, "loss": [0.09203951805830002, 0.02185046672821045, 0.07018905133008957], "lr": 0.000125, "grad_norm": 0.2088620960712433, "time": 1790364086.0512948, "seconds_this_epoch": 61.68083306401968}
{"event": "TRAIN", "epoch": 188, "cursor": 106624, "train_count": 120355, "steps": 176800, "loss": [0.09409373998641968, 0.020796190947294235, 0.07329754531383514], "lr": 0.000125, "grad_norm": 0.2331390678882599, "time": 1790364094.4011881, "seconds_this_epoch": 70.03072636574507}
{"event": "TRAIN", "epoch": 188, "cursor": 119424, "train_count": 120355, "steps": 176900, "loss": [0.09405945241451263, 0.021189648658037186, 0.07286980003118515], "lr": 0.000125, "grad_norm": 0.2771184742450714, "time": 1790364102.8669436, "seconds_this_epoch": 78.49648197554052}
{"epoch": 188, "train": [0.0950457590642471, 0.021028799467585176, 0.07401695949419361], "val": [0.6263163586843881, 0.03032934071059859, 0.5959870203718823], "lr": 0.000125, "best_val": 0.53043719986189, "best_epoch": 33, "seconds": 80.38088017329574, "steps": 176908, "peak_memory_bytes": 3222636544, "time": 1790364104.7516031}
{"event": "TRAIN", "epoch": 189, "cursor": 11776, "train_count": 120355, "steps": 177000, "loss": [0.08721275627613068, 0.022010652348399162, 0.06520210206508636], "lr": 0.000125, "grad_norm": 0.21227170526981354, "time": 1790364112.3958948, "seconds_this_epoch": 7.567440846934915}
{"event": "TRAIN", "epoch": 189, "cursor": 24576, "train_count": 120355, "steps": 177100, "loss": [0.09484954178333282, 0.021317506209015846, 0.07353203743696213], "lr": 0.000125, "grad_norm": 0.22795161604881287, "time": 1790364120.8178654, "seconds_this_epoch": 15.989410977810621}
{"event": "TRAIN", "epoch": 189, "cursor": 37376, "train_count": 120355, "steps": 177200, "loss": [0.08282646536827087, 0.01918327435851097, 0.0636431872844696], "lr": 0.000125, "grad_norm": 0.24438564479351044, "time": 1790364129.209531, "seconds_this_epoch": 24.38107679784298}
{"event": "TRAIN", "epoch": 189, "cursor": 50176, "train_count": 120355, "steps": 177300, "loss": [0.1298026740550995, 0.02222874015569687, 0.10757393389940262], "lr": 0.000125, "grad_norm": 0.25585252046585083, "time": 1790364137.651627, "seconds_this_epoch": 32.82317255809903}
{"event": "TRAIN", "epoch": 189, "cursor": 62976, "train_count": 120355, "steps": 177400, "loss": [0.10228721797466278, 0.023305999115109444, 0.07898122072219849], "lr": 0.000125, "grad_norm": 0.2881331443786621, "time": 1790364146.0625641, "seconds_this_epoch": 41.23410988971591}
{"event": "TRAIN", "epoch": 189, "cursor": 75776, "train_count": 120355, "steps": 177500, "loss": [0.1085837259888649, 0.023079292848706245, 0.0855044350028038], "lr": 0.000125, "grad_norm": 0.2241089791059494, "time": 1790364154.4832156, "seconds_this_epoch": 49.65476135537028}
{"event": "TRAIN", "epoch": 189, "cursor": 88576, "train_count": 120355, "steps": 177600, "loss": [0.09638196974992752, 0.02019457332789898, 0.07618739455938339], "lr": 0.000125, "grad_norm": 0.21009185910224915, "time": 1790364162.9175358, "seconds_this_epoch": 58.089081294834614}
{"event": "TRAIN", "epoch": 189, "cursor": 101376, "train_count": 120355, "steps": 177700, "loss": [0.10158547759056091, 0.023160016164183617, 0.07842545956373215], "lr": 0.000125, "grad_norm": 0.23974858224391937, "time": 1790364171.296147, "seconds_this_epoch": 66.46769312024117}
{"event": "TRAIN", "epoch": 189, "cursor": 114176, "train_count": 120355, "steps": 177800, "loss": [0.09487134218215942, 0.023129427805542946, 0.07174191623926163], "lr": 0.000125, "grad_norm": 0.20912675559520721, "time": 1790364179.7174163, "seconds_this_epoch": 74.88896184042096}
{"epoch": 189, "train": [0.09464958254697489, 0.02101806578801369, 0.07363151669016922], "val": [0.6281148522263189, 0.030401494754063237, 0.5977133636591572], "lr": 0.000125, "best_val": 0.53043719986189, "best_epoch": 33, "seconds": 80.204773562029, "steps": 177849, "peak_memory_bytes": 3222636544, "time": 1790364185.033477}
{"event": "TRAIN", "epoch": 190, "cursor": 6528, "train_count": 120355, "steps": 177900, "loss": [0.09156620502471924, 0.02185703068971634, 0.0697091743350029], "lr": 0.000125, "grad_norm": 0.26769810914993286, "time": 1790364189.2565796, "seconds_this_epoch": 4.146377755329013}
{"event": "TRAIN", "epoch": 190, "cursor": 19328, "train_count": 120355, "steps": 178000, "loss": [0.10123574733734131, 0.02216394431889057, 0.07907180488109589], "lr": 0.000125, "grad_norm": 0.20267023146152496, "time": 1790364197.667095, "seconds_this_epoch": 12.556893045082688}
{"event": "TRAIN", "epoch": 190, "cursor": 32128, "train_count": 120355, "steps": 178100, "loss": [0.09380151331424713, 0.02398785576224327, 0.06981366127729416], "lr": 0.000125, "grad_norm": 0.2563740313053131, "time": 1790364206.1085315, "seconds_this_epoch": 20.99832956492901}
{"event": "TRAIN", "epoch": 190, "cursor": 44928, "train_count": 120355, "steps": 178200, "loss": [0.08443651348352432, 0.022240813821554184, 0.06219569966197014], "lr": 0.000125, "grad_norm": 0.23008577525615692, "time": 1790364214.498599, "seconds_this_epoch": 29.388397205621004}
{"event": "TRAIN", "epoch": 190, "cursor": 57728, "train_count": 120355, "steps": 178300, "loss": [0.0920148640871048, 0.020246567204594612, 0.07176829874515533], "lr": 0.000125, "grad_norm": 0.21495375037193298, "time": 1790364222.967062, "seconds_this_epoch": 37.8568602912128}
{"event": "TRAIN", "epoch": 190, "cursor": 70528, "train_count": 120355, "steps": 178400, "loss": [0.1327279955148697, 0.02420870028436184, 0.1085193008184433], "lr": 0.000125, "grad_norm": 0.2928234040737152, "time": 1790364231.4961073, "seconds_this_epoch": 46.38590548746288}
{"event": "TRAIN", "epoch": 190, "cursor": 83328, "train_count": 120355, "steps": 178500, "loss": [0.09178948402404785, 0.019587328657507896, 0.0722021535038948], "lr": 0.000125, "grad_norm": 0.20832902193069458, "time": 1790364240.0506384, "seconds_this_epoch": 54.94043637253344}
{"event": "TRAIN", "epoch": 190, "cursor": 96128, "train_count": 120355, "steps": 178600, "loss": [0.0975290834903717, 0.022570576518774033, 0.07495851069688797], "lr": 0.000125, "grad_norm": 0.2303694784641266, "time": 1790364248.7218735, "seconds_this_epoch": 63.61167184635997}
{"event": "TRAIN", "epoch": 190, "cursor": 108928, "train_count": 120355, "steps": 178700, "loss": [0.08615448325872421, 0.02045043744146824, 0.06570404767990112], "lr": 0.000125, "grad_norm": 0.23837582767009735, "time": 1790364257.262795, "seconds_this_epoch": 72.15259300544858}
{"epoch": 190, "train": [0.09445007112941815, 0.02101053736858176, 0.07343953387033092], "val": [0.6286607954340212, 0.03037884034441504, 0.5982819571667648], "lr": 0.000125, "best_val": 0.53043719986189, "best_epoch": 33, "seconds": 81.03783848136663, "steps": 178790, "peak_memory_bytes": 3222636544, "time": 1790364266.1483235}
{"event": "TRAIN", "epoch": 191, "cursor": 1280, "train_count": 120355, "steps": 178800, "loss": [0.0924539864063263, 0.0215541310608387, 0.0708998590707779], "lr": 0.000125, "grad_norm": 0.24357718229293823, "time": 1790364266.9617758, "seconds_this_epoch": 0.7361260801553726}
{"event": "TRAIN", "epoch": 191, "cursor": 14080, "train_count": 120355, "steps": 178900, "loss": [0.09610047191381454, 0.020520450547337532, 0.07558002322912216], "lr": 0.000125, "grad_norm": 0.23661507666110992, "time": 1790364275.57072, "seconds_this_epoch": 9.345070587471128}
{"event": "TRAIN", "epoch": 191, "cursor": 26880, "train_count": 120355, "steps": 179000, "loss": [0.09267309308052063, 0.019887655973434448, 0.07278543710708618], "lr": 0.000125, "grad_norm": 0.21443027257919312, "time": 1790364284.102461, "seconds_this_epoch": 17.87681140936911}
{"event": "TRAIN", "epoch": 191, "cursor": 39680, "train_count": 120355, "steps": 179100, "loss": [0.09428024291992188, 0.020740695297718048, 0.07353954762220383], "lr": 0.000125, "grad_norm": 0.21841782331466675, "time": 1790364292.5278358, "seconds_this_epoch": 26.302186191082}
{"event": "TRAIN", "epoch": 191, "cursor": 52480, "train_count": 120355, "steps": 179200, "loss": [0.09473966062068939, 0.021162016317248344, 0.0735776424407959], "lr": 0.000125, "grad_norm": 0.24382857978343964, "time": 1790364301.0711784, "seconds_this_epoch": 34.84552891738713}
{"event": "TRAIN", "epoch": 191, "cursor": 65280, "train_count": 120355, "steps": 179300, "loss": [0.09058082103729248, 0.018935468047857285, 0.0716453492641449], "lr": 0.000125, "grad_norm": 0.23875318467617035, "time": 1790364309.5766394, "seconds_this_epoch": 43.35098961368203}
{"event": "TRAIN", "epoch": 191, "cursor": 78080, "train_count": 120355, "steps": 179400, "loss": [0.091911181807518, 0.020449373871088028, 0.07146181166172028], "lr": 0.000125, "grad_norm": 0.23046645522117615, "time": 1790364318.0075276, "seconds_this_epoch": 51.7818782441318}
{"event": "TRAIN", "epoch": 191, "cursor": 90880, "train_count": 120355, "steps": 179500, "loss": [0.10138843953609467, 0.02342655137181282, 0.07796188443899155], "lr": 0.000125, "grad_norm": 0.2203567922115326, "time": 1790364326.5912898, "seconds_this_epoch": 60.365640323609114}
{"event": "TRAIN", "epoch": 191, "cursor": 103680, "train_count": 120355, "steps": 179600, "loss": [0.09842492640018463, 0.02112625166773796, 0.07729867845773697], "lr": 0.000125, "grad_norm": 0.23701071739196777, "time": 1790364335.0271018, "seconds_this_epoch": 68.80145206302404}
{"event": "TRAIN", "epoch": 191, "cursor": 116480, "train_count": 120355, "steps": 179700, "loss": [0.09380537271499634, 0.021807175129652023, 0.07199820131063461], "lr": 0.000125, "grad_norm": 0.2436138093471527, "time": 1790364343.5457203, "seconds_this_epoch": 77.32007087953389}
{"epoch": 191, "train": [0.09430453963969297, 0.021000118947075912, 0.07330442082822003], "val": [0.6286326404677656, 0.03041207564829211, 0.5982205635624804], "lr": 0.000125, "best_val": 0.53043719986189, "best_epoch": 33, "seconds": 81.18180295079947, "steps": 179731, "peak_memory_bytes": 3222636544, "time": 1790364347.407728}
{"event": "TRAIN", "epoch": 192, "cursor": 8832, "train_count": 120355, "steps": 179800, "loss": [0.09533344209194183, 0.02299056574702263, 0.0723428726196289], "lr": 0.000125, "grad_norm": 0.24525123834609985, "time": 1790364353.2668247, "seconds_this_epoch": 5.783149199560285}
{"event": "TRAIN", "epoch": 192, "cursor": 21632, "train_count": 120355, "steps": 179900, "loss": [0.09042061120271683, 0.01959063857793808, 0.07082997262477875], "lr": 0.000125, "grad_norm": 0.26423102617263794, "time": 1790364361.7724571, "seconds_this_epoch": 14.28878148458898}
{"event": "TRAIN", "epoch": 192, "cursor": 34432, "train_count": 120355, "steps": 180000, "loss": [0.09422039985656738, 0.022522345185279846, 0.07169805467128754], "lr": 0.000125, "grad_norm": 0.2845540940761566, "time": 1790364370.3357809, "seconds_this_epoch": 22.85210520029068}
{"event": "TRAIN", "epoch": 192, "cursor": 47232, "train_count": 120355, "steps": 180100, "loss": [0.10508781671524048, 0.022305522114038467, 0.08278229832649231], "lr": 0.000125, "grad_norm": 0.2725374102592468, "time": 1790364378.7967155, "seconds_this_epoch": 31.313039664179087}
{"event": "TRAIN", "epoch": 192, "cursor": 60032, "train_count": 120355, "steps": 180200, "loss": [0.09223069250583649, 0.021820396184921265, 0.07041029632091522], "lr": 0.000125, "grad_norm": 0.2537436783313751, "time": 1790364387.2805293, "seconds_this_epoch": 39.79685351997614}
{"event": "TRAIN", "epoch": 192, "cursor": 72832, "train_count": 120355, "steps": 180300, "loss": [0.08953534811735153, 0.020249851047992706, 0.06928549706935883], "lr": 0.000125, "grad_norm": 0.23521701991558075, "time": 1790364395.8398855, "seconds_this_epoch": 48.3562098313123}
{"event": "TRAIN", "epoch": 192, "cursor": 85632, "train_count": 120355, "steps": 180400, "loss": [0.10265575349330902, 0.021239152178168297, 0.08141659945249557], "lr": 0.000125, "grad_norm": 0.2048211395740509, "time": 1790364404.3408601, "seconds_this_epoch": 56.857184544205666}
{"event": "TRAIN", "epoch": 192, "cursor": 98432, "train_count": 120355, "steps": 180500, "loss": [0.09314960241317749, 0.020196350291371346, 0.0729532539844513], "lr": 0.000125, "grad_norm": 0.24226197600364685, "time": 1790364412.8379717, "seconds_this_epoch": 65.35429593920708}
{"event": "TRAIN", "epoch": 192, "cursor": 111232, "train_count": 120355, "steps": 180600, "loss": [0.09275993704795837, 0.020886704325675964, 0.07187323272228241], "lr": 0.000125, "grad_norm": 0.2172934114933014, "time": 1790364421.3896935, "seconds_this_epoch": 73.90601742826402}
{"epoch": 192, "train": [0.0941735200973627, 0.02098602574041777, 0.07318749442825953], "val": [0.6300705704473644, 0.03038868617412397, 0.5996818837026904], "lr": 0.000125, "best_val": 0.53043719986189, "best_epoch": 33, "seconds": 81.25769206508994, "steps": 180672, "peak_memory_bytes": 3222636544, "time": 1790364428.7416296}
{"event": "TRAIN", "epoch": 193, "cursor": 3584, "train_count": 120355, "steps": 180700, "loss": [0.09135185927152634, 0.019607678055763245, 0.07174418121576309], "lr": 0.000125, "grad_norm": 0.2383963018655777, "time": 1790364431.1514049, "seconds_this_epoch": 2.333895029500127}
{"event": "TRAIN", "epoch": 193, "cursor": 16384, "train_count": 120355, "steps": 180800, "loss": [0.09580597281455994, 0.02100294828414917, 0.07480302453041077], "lr": 0.000125, "grad_norm": 0.23045356571674347, "time": 1790364439.7382922, "seconds_this_epoch": 10.920782281085849}
{"event": "TRAIN", "epoch": 193, "cursor": 29184, "train_count": 120355, "steps": 180900, "loss": [0.09601996093988419, 0.019370833411812782, 0.07664912939071655], "lr": 0.000125, "grad_norm": 0.21613533794879913, "time": 1790364448.3542879, "seconds_this_epoch": 19.536778174340725}
{"event": "TRAIN", "epoch": 193, "cursor": 41984, "train_count": 120355, "steps": 181000, "loss": [0.09906244277954102, 0.021296631544828415, 0.0777658149600029], "lr": 0.000125, "grad_norm": 0.22929203510284424, "time": 1790364457.3321922, "seconds_this_epoch": 28.514682915061712}
{"event": "TRAIN", "epoch": 193, "cursor": 54784, "train_count": 120355, "steps": 181100, "loss": [0.09208492934703827, 0.020441623404622078, 0.07164330780506134], "lr": 0.000125, "grad_norm": 0.2207106500864029, "time": 1790364466.4890106, "seconds_this_epoch": 37.67150309495628}
{"event": "TRAIN", "epoch": 193, "cursor": 67584, "train_count": 120355, "steps": 181200, "loss": [0.09425906091928482, 0.02020099200308323, 0.07405807077884674], "lr": 0.000125, "grad_norm": 0.24509494006633759, "time": 1790364475.151948, "seconds_this_epoch": 46.334438087418675}
{"event": "TRAIN", "epoch": 193, "cursor": 80384, "train_count": 120355, "steps": 181300, "loss": [0.08828157186508179, 0.01922212913632393, 0.06905944645404816], "lr": 0.000125, "grad_norm": 0.2205844521522522, "time": 1790364483.6678255, "seconds_this_epoch": 54.850315771996975}
{"event": "TRAIN", "epoch": 193, "cursor": 93184, "train_count": 120355, "steps": 181400, "loss": [0.09422656148672104, 0.019950734451413155, 0.07427582889795303], "lr": 0.000125, "grad_norm": 0.2354126274585724, "time": 1790364492.2141325, "seconds_this_epoch": 63.39662272296846}
{"event": "TRAIN", "epoch": 193, "cursor": 105984, "train_count": 120355, "steps": 181500, "loss": [0.09188441187143326, 0.02149081975221634, 0.07039359211921692], "lr": 0.000125, "grad_norm": 0.20731176435947418, "time": 1790364500.7071013, "seconds_this_epoch": 71.88959145918489}
{"event": "TRAIN", "epoch": 193, "cursor": 118784, "train_count": 120355, "steps": 181600, "loss": [0.0922861099243164, 0.018751244992017746, 0.07353486865758896], "lr": 0.000125, "grad_norm": 0.249410480260849, "time": 1790364509.2388031, "seconds_this_epoch": 80.42129329405725}
{"epoch": 193, "train": [0.09406682132020519, 0.020976715427829747, 0.07309010590912075], "val": [0.6300410972610049, 0.030395657064812717, 0.5996454356852813], "lr": 0.000125, "best_val": 0.53043719986189, "best_epoch": 33, "seconds": 82.72001954726875, "steps": 181613, "peak_memory_bytes": 3222636544, "time": 1790364511.5378213}
{"event": "TRAIN", "epoch": 194, "cursor": 11136, "train_count": 120355, "steps": 181700, "loss": [0.09025917947292328, 0.020186660811305046, 0.07007251679897308], "lr": 0.000125, "grad_norm": 0.22500209510326385, "time": 1790364518.990416, "seconds_this_epoch": 7.376218171790242}
{"event": "TRAIN", "epoch": 194, "cursor": 23936, "train_count": 120355, "steps": 181800, "loss": [0.09252295643091202, 0.021274061873555183, 0.07124889642000198], "lr": 0.000125, "grad_norm": 0.26885786652565, "time": 1790364527.508505, "seconds_this_epoch": 15.894307205453515}
{"event": "TRAIN", "epoch": 194, "cursor": 36736, "train_count": 120355, "steps": 181900, "loss": [0.09954789280891418, 0.02103867009282112, 0.07850921899080276], "lr": 0.000125, "grad_norm": 0.22305269539356232, "time": 1790364536.0093806, "seconds_this_epoch": 24.395182920619845}
{"event": "TRAIN", "epoch": 194, "cursor": 49536, "train_count": 120355, "steps": 182000, "loss": [0.08347760140895844, 0.020599983632564545, 0.06287761777639389], "lr": 0.000125, "grad_norm": 0.22746947407722473, "time": 1790364544.5858235, "seconds_this_epoch": 32.97162552550435}
{"event": "TRAIN", "epoch": 194, "cursor": 62336, "train_count": 120355, "steps": 182100, "loss": [0.08933988213539124, 0.018376672640442848, 0.07096321135759354], "lr": 0.000125, "grad_norm": 0.22371476888656616, "time": 1790364553.158091, "seconds_this_epoch": 41.54389309324324}
{"event": "TRAIN", "epoch": 194, "cursor": 75136, "train_count": 120355, "steps": 182200, "loss": [0.09406043589115143, 0.02082214131951332, 0.07323829084634781], "lr": 0.000125, "grad_norm": 0.19081123173236847, "time": 1790364561.6485925, "seconds_this_epoch": 50.03439453616738}
{"event": "TRAIN", "epoch": 194, "cursor": 87936, "train_count": 120355, "steps": 182300, "loss": [0.0959719866514206, 0.021462883800268173, 0.07450909912586212], "lr": 0.000125, "grad_norm": 0.22400523722171783, "time": 1790364570.127703, "seconds_this_epoch": 58.513505002483726}
{"event": "TRAIN", "epoch": 194, "cursor": 100736, "train_count": 120355, "steps": 182400, "loss": [0.0993409976363182, 0.02272983454167843, 0.07661116123199463], "lr": 0.000125, "grad_norm": 0.2637624442577362, "time": 1790364578.7056518, "seconds_this_epoch": 67.09145347774029}
{"event": "TRAIN", "epoch": 194, "cursor": 113536, "train_count": 120355, "steps": 182500, "loss": [0.0961027666926384, 0.022352883592247963, 0.07374988496303558], "lr": 0.000125, "grad_norm": 0.220719575881958, "time": 1790364587.3083928, "seconds_this_epoch": 75.6941947042942}
{"epoch": 194, "train": [0.09396202618771649, 0.020967428738497478, 0.07299459742292484], "val": [0.6309902413391333, 0.030403199165194753, 0.6005870372351151], "lr": 0.000125, "best_val": 0.53043719986189, "best_epoch": 33, "seconds": 81.51524725928903, "steps": 182554, "peak_memory_bytes": 3222636544, "time": 1790364593.1297278}
{"event": "TRAIN", "epoch": 195, "cursor": 5888, "train_count": 120355, "steps": 182600, "loss": [0.09376931935548782, 0.021032042801380157, 0.07273727655410767], "lr": 0.000125, "grad_norm": 0.2029387652873993, "time": 1790364597.0772166, "seconds_this_epoch": 3.8708023373037577}
{"event": "TRAIN", "epoch": 195, "cursor": 18688, "train_count": 120355, "steps": 182700, "loss": [0.10083623230457306, 0.022627880796790123, 0.07820834964513779], "lr": 0.000125, "grad_norm": 0.22870934009552002, "time": 1790364605.6665888, "seconds_this_epoch": 12.460174707695842}
{"event": "TRAIN", "epoch": 195, "cursor": 31488, "train_count": 120355, "steps": 182800, "loss": [0.08283352106809616, 0.021698875352740288, 0.06113464757800102], "lr": 0.000125, "grad_norm": 0.22849570214748383, "time": 1790364614.256104, "seconds_this_epoch": 21.049689795821905}
{"event": "TRAIN", "epoch": 195, "cursor": 44288, "train_count": 120355, "steps": 182900, "loss": [0.09101998805999756, 0.020736273378133774, 0.07028371840715408], "lr": 0.000125, "grad_norm": 0.24681422114372253, "time": 1790364622.7990856, "seconds_this_epoch": 29.59267129562795}
{"event": "TRAIN", "epoch": 195, "cursor": 57088, "train_count": 120355, "steps": 183000, "loss": [0.0975426658987999, 0.020365091040730476, 0.07717757672071457], "lr": 0.000125, "grad_norm": 0.21304047107696533, "time": 1790364631.368159, "seconds_this_epoch": 38.161744533106685}
{"event": "TRAIN", "epoch": 195, "cursor": 69888, "train_count": 120355, "steps": 183100, "loss": [0.08828216791152954, 0.02236422710120678, 0.06591793894767761], "lr": 0.000125, "grad_norm": 0.25138339400291443, "time": 1790364639.9485953, "seconds_this_epoch": 46.74218118004501}
{"event": "TRAIN", "epoch": 195, "cursor": 82688, "train_count": 120355, "steps": 183200, "loss": [0.10102754086256027, 0.021652834489941597, 0.07937470823526382], "lr": 0.000125, "grad_norm": 0.1999804973602295, "time": 1790364648.4761076, "seconds_this_epoch": 55.269693495705724}
{"event": "TRAIN", "epoch": 195, "cursor": 95488, "train_count": 120355, "steps": 183300, "loss": [0.0908110961318016, 0.02203006111085415, 0.06878103315830231], "lr": 0.000125, "grad_norm": 0.23789933323860168, "time": 1790364656.9475558, "seconds_this_epoch": 63.741141652688384}
{"event": "TRAIN", "epoch": 195, "cursor": 108288, "train_count": 120355, "steps": 183400, "loss": [0.08627860248088837, 0.01912233605980873, 0.06715626269578934], "lr": 0.000125, "grad_norm": 0.2111523598432541, "time": 1790364665.506208, "seconds_this_epoch": 72.29979374445975}
{"epoch": 195, "train": [0.09385595716980832, 0.020958701408738675, 0.07289725578394357], "val": [0.6312757573226166, 0.030376359744589736, 0.6008994025525097], "lr": 0.000125, "best_val": 0.53043719986189, "best_epoch": 33, "seconds": 81.56109782867134, "steps": 183495, "peak_memory_bytes": 3222636544, "time": 1790364674.7677386}
{"event": "TRAIN", "epoch": 196, "cursor": 640, "train_count": 120355, "steps": 183500, "loss": [0.09973479062318802, 0.023103201761841774, 0.0766315907239914], "lr": 0.000125, "grad_norm": 0.24956515431404114, "time": 1790364675.2151268, "seconds_this_epoch": 0.3709046021103859}
{"event": "TRAIN", "epoch": 196, "cursor": 13440, "train_count": 120355, "steps": 183600, "loss": [0.09735057502985, 0.019580833613872528, 0.07776974141597748], "lr": 0.000125, "grad_norm": 0.20889915525913239, "time": 1790364683.6882262, "seconds_this_epoch": 8.844004796817899}
{"event": "TRAIN", "epoch": 196, "cursor": 26240, "train_count": 120355, "steps": 183700, "loss": [0.0862400084733963, 0.019039040431380272, 0.06720096617937088], "lr": 0.000125, "grad_norm": 0.20265470445156097, "time": 1790364692.285876, "seconds_this_epoch": 17.441654082387686}
{"event": "TRAIN", "epoch": 196, "cursor": 39040, "train_count": 120355, "steps": 183800, "loss": [0.09983833879232407, 0.020846223458647728, 0.07899211347103119], "lr": 0.000125, "grad_norm": 0.2180127203464508, "time": 1790364700.827977, "seconds_this_epoch": 25.983755324035883}
{"event": "TRAIN", "epoch": 196, "cursor": 51840, "train_count": 120355, "steps": 183900, "loss": [0.0859096422791481, 0.016851061955094337, 0.06905858218669891], "lr": 0.000125, "grad_norm": 0.18225446343421936, "time": 1790364709.3053253, "seconds_this_epoch": 34.46110347472131}
{"event": "TRAIN", "epoch": 196, "cursor": 64640, "train_count": 120355, "steps": 184000, "loss": [0.09460708498954773, 0.02291618473827839, 0.07169090211391449], "lr": 0.000125, "grad_norm": 0.235972598195076, "time": 1790364717.7863083, "seconds_this_epoch": 42.94208642281592}
{"event": "TRAIN", "epoch": 196, "cursor": 77440, "train_count": 120355, "steps": 184100, "loss": [0.09911897778511047, 0.02129209041595459, 0.07782688736915588], "lr": 0.000125, "grad_norm": 0.25438210368156433, "time": 1790364726.3637226, "seconds_this_epoch": 51.51950099505484}
{"event": "TRAIN", "epoch": 196, "cursor": 90240, "train_count": 120355, "steps": 184200, "loss": [0.0966387465596199, 0.020348606631159782, 0.07629013806581497], "lr": 0.000125, "grad_norm": 0.22403234243392944, "time": 1790364734.852064, "seconds_this_epoch": 60.00784223712981}
{"event": "TRAIN", "epoch": 196, "cursor": 103040, "train_count": 120355, "steps": 184300, "loss": [0.09838417917490005, 0.021939532831311226, 0.07644464820623398], "lr": 0.000125, "grad_norm": 0.21777044236660004, "time": 1790364743.436122, "seconds_this_epoch": 68.59190041385591}
{"event": "TRAIN", "epoch": 196, "cursor": 115840, "train_count": 120355, "steps": 184400, "loss": [0.09655990451574326, 0.02130303345620632, 0.07525686919689178], "lr": 0.000125, "grad_norm": 0.2242121547460556, "time": 1790364752.0015697, "seconds_this_epoch": 77.15734840556979}
{"epoch": 196, "train": [0.09375142826983135, 0.020948724601725602, 0.07280270354672545], "val": [0.6313001536838031, 0.030429681510651427, 0.6008704728863391], "lr": 0.000125, "best_val": 0.53043719986189, "best_epoch": 33, "seconds": 81.45230039954185, "steps": 184436, "peak_memory_bytes": 3222636544, "time": 1790364756.2967417}
{"event": "TRAIN", "epoch": 197, "cursor": 8192, "train_count": 120355, "steps": 184500, "loss": [0.09153160452842712, 0.023950418457388878, 0.0675811842083931], "lr": 0.000125, "grad_norm": 0.23051950335502625, "time": 1790364761.7821898, "seconds_this_epoch": 5.410086331889033}
{"event": "TRAIN", "epoch": 197, "cursor": 20992, "train_count": 120355, "steps": 184600, "loss": [0.07945572584867477, 0.019394921138882637, 0.060060806572437286], "lr": 0.000125, "grad_norm": 0.184747576713562, "time": 1790364770.3913674, "seconds_this_epoch": 14.0192636474967}
{"event": "TRAIN", "epoch": 197, "cursor": 33792, "train_count": 120355, "steps": 184700, "loss": [0.08729930222034454, 0.020906902849674225, 0.06639239937067032], "lr": 0.000125, "grad_norm": 0.24369177222251892, "time": 1790364778.883118, "seconds_this_epoch": 22.511014096438885}
{"event": "TRAIN", "epoch": 197, "cursor": 46592, "train_count": 120355, "steps": 184800, "loss": [0.09162923693656921, 0.01866799220442772, 0.0729612410068512], "lr": 0.000125, "grad_norm": 0.21358805894851685, "time": 1790364787.3587735, "seconds_this_epoch": 30.98667032830417}
{"event": "TRAIN", "epoch": 197, "cursor": 59392, "train_count": 120355, "steps": 184900, "loss": [0.0971381813287735, 0.019114233553409576, 0.07802394777536392], "lr": 0.000125, "grad_norm": 0.21304692327976227, "time": 1790364795.8813062, "seconds_this_epoch": 39.509202528744936}
{"event": "TRAIN", "epoch": 197, "cursor": 72192, "train_count": 120355, "steps": 185000, "loss": [0.09065153449773788, 0.021520957350730896, 0.06913057714700699], "lr": 0.000125, "grad_norm": 0.24074339866638184, "time": 1790364804.445576, "seconds_this_epoch": 48.073472471907735}
{"event": "TRAIN", "epoch": 197, "cursor": 84992, "train_count": 120355, "steps": 185100, "loss": [0.10050682723522186, 0.019149230793118477, 0.08135759830474854], "lr": 0.000125, "grad_norm": 0.22897405922412872, "time": 1790364812.995123, "seconds_this_epoch": 56.623019460588694}
{"event": "TRAIN", "epoch": 197, "cursor": 97792, "train_count": 120355, "steps": 185200, "loss": [0.09024412930011749, 0.02137015387415886, 0.06887397915124893], "lr": 0.000125, "grad_norm": 0.2045227289199829, "time": 1790364821.5681412, "seconds_this_epoch": 65.19603756442666}
{"event": "TRAIN", "epoch": 197, "cursor": 110592, "train_count": 120355, "steps": 185300, "loss": [0.09105606377124786, 0.019732896238565445, 0.07132316380739212], "lr": 0.000125, "grad_norm": 0.2310647964477539, "time": 1790364830.1023867, "seconds_this_epoch": 73.73028361611068}
{"epoch": 197, "train": [0.09365534774919158, 0.020937515964448282, 0.07271783178978856], "val": [0.6329645340292175, 0.03045477978205417, 0.6025097600863859], "lr": 0.000125, "best_val": 0.53043719986189, "best_epoch": 33, "seconds": 81.54335680790246, "steps": 185377, "peak_memory_bytes": 3222636544, "time": 1790364837.9156463}
{"event": "TRAIN", "epoch": 198, "cursor": 2944, "train_count": 120355, "steps": 185400, "loss": [0.09019100666046143, 0.021199600771069527, 0.06899140775203705], "lr": 0.000125, "grad_norm": 0.23672468960285187, "time": 1790364839.6794736, "seconds_this_epoch": 1.6850654426962137}
{"event": "TRAIN", "epoch": 198, "cursor": 15744, "train_count": 120355, "steps": 185500, "loss": [0.09098169207572937, 0.01956537738442421, 0.07141631841659546], "lr": 0.000125, "grad_norm": 0.23005837202072144, "time": 1790364848.1650467, "seconds_this_epoch": 10.170638559386134}
{"event": "TRAIN", "epoch": 198, "cursor": 28544, "train_count": 120355, "steps": 185600, "loss": [0.10625071823596954, 0.021680492907762527, 0.08457022905349731], "lr": 0.000125, "grad_norm": 0.23933669924736023, "time": 1790364856.6908908, "seconds_this_epoch": 18.696482779458165}
{"event": "TRAIN", "epoch": 198, "cursor": 41344, "train_count": 120355, "steps": 185700, "loss": [0.09952409565448761, 0.0227434653788805, 0.07678063213825226], "lr": 0.000125, "grad_norm": 0.2427481710910797, "time": 1790364865.2326508, "seconds_this_epoch": 27.238242657855153}
{"event": "TRAIN", "epoch": 198, "cursor": 54144, "train_count": 120355, "steps": 185800, "loss": [0.09596960991621017, 0.019193006679415703, 0.07677660137414932], "lr": 0.000125, "grad_norm": 0.2510227560997009, "time": 1790364873.6700916, "seconds_this_epoch": 35.675683449953794}
{"event": "TRAIN", "epoch": 198, "cursor": 66944, "train_count": 120355, "steps": 185900, "loss": [0.08580102771520615, 0.018724143505096436, 0.06707688421010971], "lr": 0.000125, "grad_norm": 0.21690891683101654, "time": 1790364882.1396806, "seconds_this_epoch": 44.14527252689004}
{"event": "TRAIN", "epoch": 198, "cursor": 79744, "train_count": 120355, "steps": 186000, "loss": [0.08503613620996475, 0.01922147534787655, 0.06581465899944305], "lr": 0.000125, "grad_norm": 0.22778356075286865, "time": 1790364890.615954, "seconds_this_epoch": 52.621545834466815}
{"event": "TRAIN", "epoch": 198, "cursor": 92544, "train_count": 120355, "steps": 186100, "loss": [0.09378279745578766, 0.02166173793375492, 0.07212106138467789], "lr": 0.000125, "grad_norm": 0.24075056612491608, "time": 1790364899.1340637, "seconds_this_epoch": 61.1396558675915}
{"event": "TRAIN", "epoch": 198, "cursor": 105344, "train_count": 120355, "steps": 186200, "loss": [0.1071709617972374, 0.019826048985123634, 0.08734491467475891], "lr": 0.000125, "grad_norm": 0.2342556267976761, "time": 1790364907.567172, "seconds_this_epoch": 69.57276409864426}
{"event": "TRAIN", "epoch": 198, "cursor": 118144, "train_count": 120355, "steps": 186300, "loss": [0.0999060720205307, 0.019807588309049606, 0.0800984799861908], "lr": 0.000125, "grad_norm": 0.23537182807922363, "time": 1790364916.1104403, "seconds_this_epoch": 78.11603252217174}
{"epoch": 198, "train": [0.09355655708371327, 0.020928321956286952, 0.07262823517586701], "val": [0.6314295034653906, 0.03042035676246983, 0.6010091489851207], "lr": 0.000125, "best_val": 0.53043719986189, "best_epoch": 33, "seconds": 80.89042882993817, "steps": 186318, "peak_memory_bytes": 3222636544, "time": 1790364918.8850288}
{"event": "TRAIN", "epoch": 199, "cursor": 10496, "train_count": 120355, "steps": 186400, "loss": [0.09850113838911057, 0.0210587028414011, 0.07744243741035461], "lr": 0.000125, "grad_norm": 0.22492969036102295, "time": 1790364925.8804784, "seconds_this_epoch": 6.920509958639741}
{"event": "TRAIN", "epoch": 199, "cursor": 23296, "train_count": 120355, "steps": 186500, "loss": [0.09031499922275543, 0.020138142630457878, 0.0701768547296524], "lr": 0.000125, "grad_norm": 0.24189451336860657, "time": 1790364934.3859942, "seconds_this_epoch": 15.426025498658419}
{"event": "TRAIN", "epoch": 199, "cursor": 36096, "train_count": 120355, "steps": 186600, "loss": [0.08842039108276367, 0.021692972630262375, 0.0667274221777916], "lr": 0.000125, "grad_norm": 0.21997973322868347, "time": 1790364942.8355474, "seconds_this_epoch": 23.875579051673412}
{"event": "TRAIN", "epoch": 199, "cursor": 48896, "train_count": 120355, "steps": 186700, "loss": [0.10868406295776367, 0.023070460185408592, 0.08561360090970993], "lr": 0.000125, "grad_norm": 0.23524849116802216, "time": 1790364951.3740401, "seconds_this_epoch": 32.414071233943105}
{"event": "TRAIN", "epoch": 199, "cursor": 61696, "train_count": 120355, "steps": 186800, "loss": [0.10022534430027008, 0.022294195368885994, 0.07793115079402924], "lr": 0.000125, "grad_norm": 0.23551632463932037, "time": 1790364960.0112758, "seconds_this_epoch": 41.05130730755627}
{"event": "TRAIN", "epoch": 199, "cursor": 74496, "train_count": 120355, "steps": 186900, "loss": [0.0864037573337555, 0.018808765336871147, 0.0675949901342392], "lr": 0.000125, "grad_norm": 0.2073163092136383, "time": 1790364968.5847766, "seconds_this_epoch": 49.6248081587255}
{"event": "TRAIN", "epoch": 199, "cursor": 87296, "train_count": 120355, "steps": 187000, "loss": [0.08862024545669556, 0.020449867472052574, 0.06817037612199783], "lr": 0.000125, "grad_norm": 0.23016460239887238, "time": 1790364977.1573744, "seconds_this_epoch": 58.19740633293986}
{"event": "TRAIN", "epoch": 199, "cursor": 100096, "train_count": 120355, "steps": 187100, "loss": [0.08302422612905502, 0.02014729380607605, 0.06287693232297897], "lr": 0.000125, "grad_norm": 0.23806986212730408, "time": 1790364985.8062112, "seconds_this_epoch": 66.84624272584915}
{"event": "TRAIN", "epoch": 199, "cursor": 112896, "train_count": 120355, "steps": 187200, "loss": [0.08621558547019958, 0.017116433009505272, 0.06909915059804916], "lr": 0.000125, "grad_norm": 0.2171759158372879, "time": 1790364994.403375, "seconds_this_epoch": 75.44340619072318}
{"epoch": 199, "train": [0.09346354666576244, 0.02091616726571386, 0.07254737939806762], "val": [0.6329239771960204, 0.030449600703624277, 0.6024743748609798], "lr": 0.000125, "best_val": 0.53043719986189, "best_epoch": 33, "seconds": 81.7593690380454, "steps": 187259, "peak_memory_bytes": 3222636544, "time": 1790365000.719527}
{"event": "TRAIN", "epoch": 200, "cursor": 5248, "train_count": 120355, "steps": 187300, "loss": [0.09406806528568268, 0.020351413637399673, 0.0737166553735733], "lr": 0.000125, "grad_norm": 0.21942652761936188, "time": 1790365004.1269732, "seconds_this_epoch": 3.3310547936707735}
{"event": "TRAIN", "epoch": 200, "cursor": 18048, "train_count": 120355, "steps": 187400, "loss": [0.10501269996166229, 0.024082697927951813, 0.08093000203371048], "lr": 0.000125, "grad_norm": 0.23610131442546844, "time": 1790365012.6859066, "seconds_this_epoch": 11.889988269656897}
{"event": "TRAIN", "epoch": 200, "cursor": 30848, "train_count": 120355, "steps": 187500, "loss": [0.09062539786100388, 0.019576625898480415, 0.07104877382516861], "lr": 0.000125, "grad_norm": 0.2401648759841919, "time": 1790365021.2600055, "seconds_this_epoch": 20.464087154716253}
{"event": "TRAIN", "epoch": 200, "cursor": 43648, "train_count": 120355, "steps": 187600, "loss": [0.17092417180538177, 0.020358923822641373, 0.1505652517080307], "lr": 0.000125, "grad_norm": 0.21415910124778748, "time": 1790365029.7799711, "seconds_this_epoch": 28.98405266366899}
{"event": "TRAIN", "epoch": 200, "cursor": 56448, "train_count": 120355, "steps": 187700, "loss": [0.08683238923549652, 0.020583458244800568, 0.06624893099069595], "lr": 0.000125, "grad_norm": 0.20211951434612274, "time": 1790365038.2997048, "seconds_this_epoch": 37.50378648377955}
{"event": "TRAIN", "epoch": 200, "cursor": 69248, "train_count": 120355, "steps": 187800, "loss": [0.10429121553897858, 0.02304120734333992, 0.08125000447034836], "lr": 0.000125, "grad_norm": 0.2526407539844513, "time": 1790365046.7891588, "seconds_this_epoch": 45.993240563198924}
{"event": "TRAIN", "epoch": 200, "cursor": 82048, "train_count": 120355, "steps": 187900, "loss": [0.09008324146270752, 0.020808707922697067, 0.06927452981472015], "lr": 0.000125, "grad_norm": 0.24062411487102509, "time": 1790365055.2772357, "seconds_this_epoch": 54.48131739906967}
{"event": "TRAIN", "epoch": 200, "cursor": 94848, "train_count": 120355, "steps": 188000, "loss": [0.10148319602012634, 0.02363152988255024, 0.07785166800022125], "lr": 0.000125, "grad_norm": 0.25012028217315674, "time": 1790365063.8154776, "seconds_this_epoch": 63.0195591263473}
{"event": "TRAIN", "epoch": 200, "cursor": 107648, "train_count": 120355, "steps": 188100, "loss": [0.08953815698623657, 0.019071010872721672, 0.07046714425086975], "lr": 0.000125, "grad_norm": 0.23081883788108826, "time": 1790365072.3581123, "seconds_this_epoch": 71.56219407916069}
{"event": "TRAIN", "epoch": 200, "cursor": 120355, "train_count": 120355, "steps": 188200, "loss": [0.10809171199798584, 0.017321202903985977, 0.09077051281929016], "lr": 0.000125, "grad_norm": 0.46163704991340637, "time": 1790365080.9699018, "seconds_this_epoch": 80.17398369684815}
{"epoch": 200, "train": [0.09335671300916984, 0.02091115580676778, 0.07244555723716174], "val": [0.6330901638604979, 0.03046444566564363, 0.6026257160285473], "lr": 0.000125, "best_val": 0.53043719986189, "best_epoch": 33, "seconds": 81.34940248727798, "steps": 188200, "peak_memory_bytes": 3222636544, "time": 1790365082.1455061}
{"event": "TRAIN", "epoch": 201, "cursor": 12800, "train_count": 120355, "steps": 188300, "loss": [0.08882331848144531, 0.023532135412096977, 0.06529118120670319], "lr": 0.000125, "grad_norm": 0.2814501225948334, "time": 1790365090.7325253, "seconds_this_epoch": 8.511078890413046}
{"event": "TRAIN", "epoch": 201, "cursor": 25600, "train_count": 120355, "steps": 188400, "loss": [0.0899755135178566, 0.020182617008686066, 0.06979289650917053], "lr": 0.000125, "grad_norm": 0.20420891046524048, "time": 1790365099.3759897, "seconds_this_epoch": 17.15454303100705}
{"event": "TRAIN", "epoch": 201, "cursor": 38400, "train_count": 120355, "steps": 188500, "loss": [0.09695709496736526, 0.01979874260723591, 0.0771583542227745], "lr": 0.000125, "grad_norm": 0.2215900719165802, "time": 1790365107.8931136, "seconds_this_epoch": 25.671667091548443}
{"event": "TRAIN", "epoch": 201, "cursor": 51200, "train_count": 120355, "steps": 188600, "loss": [0.09145646542310715, 0.02172830142080784, 0.06972816586494446], "lr": 0.000125, "grad_norm": 0.2138315588235855, "time": 1790365116.4149885, "seconds_this_epoch": 34.193541863933206}
{"event": "TRAIN", "epoch": 201, "cursor": 64000, "train_count": 120355, "steps": 188700, "loss": [0.09091714769601822, 0.020574480295181274, 0.07034266740083694], "lr": 0.000125, "grad_norm": 0.21581347286701202, "time": 1790365124.8781672, "seconds_this_epoch": 42.6567205991596}
{"event": "TRAIN", "epoch": 201, "cursor": 76800, "train_count": 120355, "steps": 188800, "loss": [0.09775245189666748, 0.022014951333403587, 0.07573749870061874], "lr": 0.000125, "grad_norm": 0.23996002972126007, "time": 1790365133.401093, "seconds_this_epoch": 51.17964643985033}
{"event": "TRAIN", "epoch": 201, "cursor": 89600, "train_count": 120355, "steps": 188900, "loss": [0.09092710167169571, 0.02130614034831524, 0.06962095946073532], "lr": 0.000125, "grad_norm": 0.2049480527639389, "time": 1790365141.989425, "seconds_this_epoch": 59.76797838881612}
{"event": "TRAIN", "epoch": 201, "cursor": 102400, "train_count": 120355, "steps": 189000, "loss": [0.08481503278017044, 0.01931842416524887, 0.06549660861492157], "lr": 0.000125, "grad_norm": 0.22126494348049164, "time": 1790365150.4475446, "seconds_this_epoch": 68.22609816119075}
{"event": "TRAIN", "epoch": 201, "cursor": 115200, "train_count": 120355, "steps": 189100, "loss": [0.09705450385808945, 0.021278543397784233, 0.07577595859766006], "lr": 0.000125, "grad_norm": 0.2671193480491638, "time": 1790365158.9713242, "seconds_this_epoch": 76.74987738020718}
{"epoch": 201, "train": [0.0932792873107289, 0.02090110876387954, 0.07237817863455333], "val": [0.634586233276826, 0.030442946780202207, 0.6041432828415378], "lr": 0.000125, "best_val": 0.53043719986189, "best_epoch": 33, "seconds": 81.42671402916312, "steps": 189141, "peak_memory_bytes": 3222636544, "time": 1790365163.6484075}
{"event": "TRAIN", "epoch": 202, "cursor": 7552, "train_count": 120355, "steps": 189200, "loss": [0.08764072507619858, 0.020024685189127922, 0.0676160380244255], "lr": 0.000125, "grad_norm": 0.19799557328224182, "time": 1790365168.7338161, "seconds_this_epoch": 5.007907530292869}
{"event": "TRAIN", "epoch": 202, "cursor": 20352, "train_count": 120355, "steps": 189300, "loss": [0.09463158994913101, 0.020527586340904236, 0.07410400360822678], "lr": 0.000125, "grad_norm": 0.21993036568164825, "time": 1790365177.2175293, "seconds_this_epoch": 13.491620752960443}
{"event": "TRAIN", "epoch": 202, "cursor": 33152, "train_count": 120355, "steps": 189400, "loss": [0.09632737189531326, 0.02073126845061779, 0.07559610158205032], "lr": 0.000125, "grad_norm": 0.21943287551403046, "time": 1790365185.809184, "seconds_this_epoch": 22.08327542245388}
{"event": "TRAIN", "epoch": 202, "cursor": 45952, "train_count": 120355, "steps": 189500, "loss": [0.08531579375267029, 0.021757811307907104, 0.06355798244476318], "lr": 0.000125, "grad_norm": 0.2542553246021271, "time": 1790365194.3981607, "seconds_this_epoch": 30.67225212045014}
{"event": "TRAIN", "epoch": 202, "cursor": 58752, "train_count": 120355, "steps": 189600, "loss": [0.08628401160240173, 0.02074756845831871, 0.06553643941879272], "lr": 0.000125, "grad_norm": 0.2401685118675232, "time": 1790365202.9201233, "seconds_this_epoch": 39.19421446323395}
{"event": "TRAIN", "epoch": 202, "cursor": 71552, "train_count": 120355, "steps": 189700, "loss": [0.09573597460985184, 0.02262895554304123, 0.07310701906681061], "lr": 0.000125, "grad_norm": 0.234767884016037, "time": 1790365211.4175909, "seconds_this_epoch": 47.69168208166957}
{"event": "TRAIN", "epoch": 202, "cursor": 84352, "train_count": 120355, "steps": 189800, "loss": [0.09078659117221832, 0.02221207693219185, 0.06857451051473618], "lr": 0.000125, "grad_norm": 0.26787954568862915, "time": 1790365219.9501903, "seconds_this_epoch": 56.22428179346025}
{"event": "TRAIN", "epoch": 202, "cursor": 97152, "train_count": 120355, "steps": 189900, "loss": [0.08327727019786835, 0.020148422569036484, 0.06312884390354156], "lr": 0.000125, "grad_norm": 0.22642257809638977, "time": 1790365228.40718, "seconds_this_epoch": 64.68127136677504}
{"event": "TRAIN", "epoch": 202, "cursor": 109952, "train_count": 120355, "steps": 190000, "loss": [0.09288609027862549, 0.020538363605737686, 0.0723477229475975], "lr": 0.000125, "grad_norm": 0.2653956115245819, "time": 1790365236.8692443, "seconds_this_epoch": 73.14333584904671}
{"epoch": 202, "train": [0.0931751702620463, 0.020892148473120552, 0.07228302178496383], "val": [0.6341952889257301, 0.03043564294684693, 0.6037596491614823], "lr": 0.000125, "best_val": 0.53043719986189, "best_epoch": 33, "seconds": 81.28842397406697, "steps": 190082, "peak_memory_bytes": 3222636544, "time": 1790365245.0145288}
{"event": "TRAIN", "epoch": 203, "cursor": 2304, "train_count": 120355, "steps": 190100, "loss": [0.08739927411079407, 0.023401182144880295, 0.06399809569120407], "lr": 0.000125, "grad_norm": 0.21331056952476501, "time": 1790365246.4576528, "seconds_this_epoch": 1.3676114175468683}
{"event": "TRAIN", "epoch": 203, "cursor": 15104, "train_count": 120355, "steps": 190200, "loss": [0.09005004167556763, 0.018921783193945885, 0.07112825661897659], "lr": 0.000125, "grad_norm": 0.22602787613868713, "time": 1790365255.0607467, "seconds_this_epoch": 9.970705233514309}
{"event": "TRAIN", "epoch": 203, "cursor": 27904, "train_count": 120355, "steps": 190300, "loss": [0.09286247938871384, 0.022207245230674744, 0.07065523415803909], "lr": 0.000125, "grad_norm": 0.25338947772979736, "time": 1790365263.569074, "seconds_this_epoch": 18.479032292962074}
{"event": "TRAIN", "epoch": 203, "cursor": 40704, "train_count": 120355, "steps": 190400, "loss": [0.09850770980119705, 0.02331492491066456, 0.07519278675317764], "lr": 0.000125, "grad_norm": 0.2256098836660385, "time": 1790365272.0622394, "seconds_this_epoch": 26.97219816595316}
{"event": "TRAIN", "epoch": 203, "cursor": 53504, "train_count": 120355, "steps": 190500, "loss": [0.08598806709051132, 0.021868722513318062, 0.06411934643983841], "lr": 0.000125, "grad_norm": 0.24775901436805725, "time": 1790365280.6120694, "seconds_this_epoch": 35.52202819660306}
{"event": "TRAIN", "epoch": 203, "cursor": 66304, "train_count": 120355, "steps": 190600, "loss": [0.08924601972103119, 0.019116342067718506, 0.07012967765331268], "lr": 0.000125, "grad_norm": 0.256048321723938, "time": 1790365289.1369193, "seconds_this_epoch": 44.046877732500434}
{"event": "TRAIN", "epoch": 203, "cursor": 79104, "train_count": 120355, "steps": 190700, "loss": [0.09003478288650513, 0.019842874258756638, 0.07019190490245819], "lr": 0.000125, "grad_norm": 0.20028884708881378, "time": 1790365297.741378, "seconds_this_epoch": 52.65133689902723}
{"event": "TRAIN", "epoch": 203, "cursor": 91904, "train_count": 120355, "steps": 190800, "loss": [0.08855493366718292, 0.021608291193842888, 0.06694664061069489], "lr": 0.000125, "grad_norm": 0.2932455539703369, "time": 1790365306.3247173, "seconds_this_epoch": 61.23467583581805}
{"event": "TRAIN", "epoch": 203, "cursor": 104704, "train_count": 120355, "steps": 190900, "loss": [0.08756096661090851, 0.020659571513533592, 0.06690139323472977], "lr": 0.000125, "grad_norm": 0.22794508934020996, "time": 1790365314.7257974, "seconds_this_epoch": 69.63575588539243}
{"event": "TRAIN", "epoch": 203, "cursor": 117504, "train_count": 120355, "steps": 191000, "loss": [0.10071199387311935, 0.021018603816628456, 0.07969339191913605], "lr": 0.000125, "grad_norm": 0.2347220927476883, "time": 1790365323.2574217, "seconds_this_epoch": 78.16738050058484}
{"epoch": 203, "train": [0.09308929274414342, 0.02088146119225563, 0.07220783160879399], "val": [0.6349416572534856, 0.030447635105402927, 0.6044940165049867], "lr": 0.000125, "best_val": 0.53043719986189, "best_epoch": 33, "seconds": 81.30478917621076, "steps": 191023, "peak_memory_bytes": 3222636544, "time": 1790365326.395025}
{"event": "TRAIN", "epoch": 204, "cursor": 9856, "train_count": 120355, "steps": 191100, "loss": [0.10231518745422363, 0.020399123430252075, 0.08191606402397156], "lr": 0.000125, "grad_norm": 0.26196613907814026, "time": 1790365332.937073, "seconds_this_epoch": 6.466541185975075}
{"event": "TRAIN", "epoch": 204, "cursor": 22656, "train_count": 120355, "steps": 191200, "loss": [0.10024923831224442, 0.020190836861729622, 0.08005840331315994], "lr": 0.000125, "grad_norm": 0.26123711466789246, "time": 1790365341.5736635, "seconds_this_epoch": 15.103131597861648}
{"event": "TRAIN", "epoch": 204, "cursor": 35456, "train_count": 120355, "steps": 191300, "loss": [0.09116759896278381, 0.019706889986991882, 0.07146070897579193], "lr": 0.000125, "grad_norm": 0.21912063658237457, "time": 1790365350.0634809, "seconds_this_epoch": 23.592948704957962}
{"event": "TRAIN", "epoch": 204, "cursor": 48256, "train_count": 120355, "steps": 191400, "loss": [0.09681824594736099, 0.02066796086728573, 0.07615028321743011], "lr": 0.000125, "grad_norm": 0.2414950281381607, "time": 1790365358.5519476, "seconds_this_epoch": 32.08141565695405}
{"event": "TRAIN", "epoch": 204, "cursor": 61056, "train_count": 120355, "steps": 191500, "loss": [0.08271853625774384, 0.020433612167835236, 0.0622849278151989], "lr": 0.000125, "grad_norm": 0.23167645931243896, "time": 1790365367.0961304, "seconds_this_epoch": 40.62559810094535}
{"event": "TRAIN", "epoch": 204, "cursor": 73856, "train_count": 120355, "steps": 191600, "loss": [0.0941171869635582, 0.021733388304710388, 0.07238379865884781], "lr": 0.000125, "grad_norm": 0.23375262320041656, "time": 1790365375.5389724, "seconds_this_epoch": 49.06844065338373}
{"event": "TRAIN", "epoch": 204, "cursor": 86656, "train_count": 120355, "steps": 191700, "loss": [0.09837807714939117, 0.021113321185112, 0.07726475596427917], "lr": 0.000125, "grad_norm": 0.24104198813438416, "time": 1790365384.1242108, "seconds_this_epoch": 57.65367890894413}
{"event": "TRAIN", "epoch": 204, "cursor": 99456, "train_count": 120355, "steps": 191800, "loss": [0.08827687799930573, 0.022509243339300156, 0.06576763093471527], "lr": 0.000125, "grad_norm": 0.21911737322807312, "time": 1790365392.74597, "seconds_this_epoch": 66.2754382211715}
{"event": "TRAIN", "epoch": 204, "cursor": 112256, "train_count": 120355, "steps": 191900, "loss": [0.09105348587036133, 0.020576152950525284, 0.07047733664512634], "lr": 0.000125, "grad_norm": 0.2580772340297699, "time": 1790365401.2252693, "seconds_this_epoch": 74.75473734922707}
{"epoch": 204, "train": [0.09298814519404731, 0.02087213984586877, 0.07211600540112283], "val": [0.6338908214466393, 0.030454596787058162, 0.6034362250518343], "lr": 0.000125, "best_val": 0.53043719986189, "best_epoch": 33, "seconds": 81.3829089011997, "steps": 191964, "peak_memory_bytes": 3222636544, "time": 1790365407.8536255}
{"event": "TRAIN", "epoch": 205, "cursor": 4608, "train_count": 120355, "steps": 192000, "loss": [0.09991558641195297, 0.022720465436577797, 0.07719512283802032], "lr": 0.000125, "grad_norm": 0.25327596068382263, "time": 1790365410.8979776, "seconds_this_epoch": 2.9683261048048735}
{"event": "TRAIN", "epoch": 205, "cursor": 17408, "train_count": 120355, "steps": 192100, "loss": [0.08673621714115143, 0.020492957904934883, 0.0662432610988617], "lr": 0.000125, "grad_norm": 0.29329994320869446, "time": 1790365419.5422304, "seconds_this_epoch": 11.612579008564353}
{"event": "TRAIN", "epoch": 205, "cursor": 30208, "train_count": 120355, "steps": 192200, "loss": [0.10283424705266953, 0.02144160121679306, 0.08139264583587646], "lr": 0.000125, "grad_norm": 0.23606382310390472, "time": 1790365428.077478, "seconds_this_epoch": 20.14782665297389}
{"event": "TRAIN", "epoch": 205, "cursor": 43008, "train_count": 120355, "steps": 192300, "loss": [0.08194063603878021, 0.01895698718726635, 0.06298364698886871], "lr": 0.000125, "grad_norm": 0.19426515698432922, "time": 1790365436.6665466, "seconds_this_epoch": 28.736895348876715}
{"event": "TRAIN", "epoch": 205, "cursor": 55808, "train_count": 120355, "steps": 192400, "loss": [0.09376827627420425, 0.020156458020210266, 0.07361181825399399], "lr": 0.000125, "grad_norm": 0.21494697034358978, "time": 1790365445.0885568, "seconds_this_epoch": 37.15890537202358}
{"event": "TRAIN", "epoch": 205, "cursor": 68608, "train_count": 120355, "steps": 192500, "loss": [0.08458864688873291, 0.02159246616065502, 0.06299617886543274], "lr": 0.000125, "grad_norm": 0.20831835269927979, "time": 1790365453.639952, "seconds_this_epoch": 45.710300393402576}
{"event": "TRAIN", "epoch": 205, "cursor": 81408, "train_count": 120355, "steps": 192600, "loss": [0.08617588877677917, 0.02009125053882599, 0.06608463823795319], "lr": 0.000125, "grad_norm": 0.2205355167388916, "time": 1790365462.1467285, "seconds_this_epoch": 54.21707693301141}
{"event": "TRAIN", "epoch": 205, "cursor": 94208, "train_count": 120355, "steps": 192700, "loss": [0.09956285357475281, 0.021685602143406868, 0.07787725329399109], "lr": 0.000125, "grad_norm": 0.21364285051822662, "time": 1790365470.668011, "seconds_this_epoch": 62.73835985921323}
{"event": "TRAIN", "epoch": 205, "cursor": 107008, "train_count": 120355, "steps": 192800, "loss": [0.08984676003456116, 0.018870342522859573, 0.07097642123699188], "lr": 0.000125, "grad_norm": 0.21518991887569427, "time": 1790365479.232528, "seconds_this_epoch": 71.30287638306618}
{"event": "TRAIN", "epoch": 205, "cursor": 119808, "train_count": 120355, "steps": 192900, "loss": [0.08786141127347946, 0.01927298493683338, 0.06858842819929123], "lr": 0.000125, "grad_norm": 0.22397148609161377, "time": 1790365487.7503266, "seconds_this_epoch": 79.82067503593862}
{"epoch": 205, "train": [0.09292169468585161, 0.02086231905353673, 0.07205937565410545], "val": [0.6353794641206624, 0.03049675148117517, 0.6048827189868559], "lr": 0.000125, "best_val": 0.53043719986189, "best_epoch": 33, "seconds": 81.45574983768165, "steps": 192905, "peak_memory_bytes": 3222636544, "time": 1790365489.3855877}
{"event": "TRAIN", "epoch": 206, "cursor": 12160, "train_count": 120355, "steps": 193000, "loss": [0.08849114924669266, 0.020893990993499756, 0.0675971582531929], "lr": 0.000125, "grad_norm": 0.20924240350723267, "time": 1790365497.3984728, "seconds_this_epoch": 7.937420727685094}
{"event": "TRAIN", "epoch": 206, "cursor": 24960, "train_count": 120355, "steps": 193100, "loss": [0.09564012289047241, 0.021460238844156265, 0.07417988777160645], "lr": 0.000125, "grad_norm": 0.22851715981960297, "time": 1790365505.9881349, "seconds_this_epoch": 16.527082785964012}
{"event": "TRAIN", "epoch": 206, "cursor": 37760, "train_count": 120355, "steps": 193200, "loss": [0.08797986805438995, 0.02129632979631424, 0.06668353825807571], "lr": 0.000125, "grad_norm": 0.23518405854701996, "time": 1790365514.6363707, "seconds_this_epoch": 25.175318628549576}
{"event": "TRAIN", "epoch": 206, "cursor": 50560, "train_count": 120355, "steps": 193300, "loss": [0.10038091987371445, 0.022585595026612282, 0.07779532670974731], "lr": 0.000125, "grad_norm": 0.24059510231018066, "time": 1790365523.158877, "seconds_this_epoch": 33.69782471656799}
{"event": "TRAIN", "epoch": 206, "cursor": 63360, "train_count": 120355, "steps": 193400, "loss": [0.10057947039604187, 0.018836088478565216, 0.08174338191747665], "lr": 0.000125, "grad_norm": 0.22528968751430511, "time": 1790365531.659765, "seconds_this_epoch": 42.19871263206005}
{"event": "TRAIN", "epoch": 206, "cursor": 76160, "train_count": 120355, "steps": 193500, "loss": [0.09485366195440292, 0.02410217560827732, 0.07075148820877075], "lr": 0.000125, "grad_norm": 0.2669892907142639, "time": 1790365540.1851945, "seconds_this_epoch": 50.7241424806416}
{"event": "TRAIN", "epoch": 206, "cursor": 88960, "train_count": 120355, "steps": 193600, "loss": [0.09560025483369827, 0.018950840458273888, 0.07664941251277924], "lr": 0.000125, "grad_norm": 0.24118274450302124, "time": 1790365548.637648, "seconds_this_epoch": 59.1765958853066}
{"event": "TRAIN", "epoch": 206, "cursor": 101760, "train_count": 120355, "steps": 193700, "loss": [0.09624642878770828, 0.020696913823485374, 0.07554951310157776], "lr": 0.000125, "grad_norm": 0.1992984414100647, "time": 1790365557.1682909, "seconds_this_epoch": 67.70723888836801}
{"event": "TRAIN", "epoch": 206, "cursor": 114560, "train_count": 120355, "steps": 193800, "loss": [0.08809153735637665, 0.02057134173810482, 0.06752019375562668], "lr": 0.000125, "grad_norm": 0.2712467312812805, "time": 1790365565.6911318, "seconds_this_epoch": 76.23007985204458}
{"epoch": 206, "train": [0.09283304278543061, 0.020852529700389085, 0.07198051313600484], "val": [0.6356576670439272, 0.03046115659647561, 0.6051965072202782], "lr": 0.000125, "best_val": 0.53043719986189, "best_epoch": 33, "seconds": 81.40410377085209, "steps": 193846, "peak_memory_bytes": 3222636544, "time": 1790365570.8653376}
{"event": "TRAIN", "epoch": 207, "cursor": 6912, "train_count": 120355, "steps": 193900, "loss": [0.09123111516237259, 0.021521763876080513, 0.06970935314893723], "lr": 0.000125, "grad_norm": 0.2061326950788498, "time": 1790365575.4134254, "seconds_this_epoch": 4.472210867330432}
{"event": "TRAIN", "epoch": 207, "cursor": 19712, "train_count": 120355, "steps": 194000, "loss": [0.07993478327989578, 0.02078159525990486, 0.05915318801999092], "lr": 0.000125, "grad_norm": 0.22081346809864044, "time": 1790365583.9174383, "seconds_this_epoch": 12.976223548874259}
{"event": "TRAIN", "epoch": 207, "cursor": 32512, "train_count": 120355, "steps": 194100, "loss": [0.08905020356178284, 0.020163238048553467, 0.06888696551322937], "lr": 0.000125, "grad_norm": 0.21837034821510315, "time": 1790365592.3841386, "seconds_this_epoch": 21.442923760041595}
{"event": "TRAIN", "epoch": 207, "cursor": 45312, "train_count": 120355, "steps": 194200, "loss": [0.08610185235738754, 0.019512630999088287, 0.06658922135829926], "lr": 0.000125, "grad_norm": 0.2569155991077423, "time": 1790365600.9187617, "seconds_this_epoch": 29.977546855807304}
{"event": "TRAIN", "epoch": 207, "cursor": 58112, "train_count": 120355, "steps": 194300, "loss": [0.09120187163352966, 0.020094100385904312, 0.07110777497291565], "lr": 0.000125, "grad_norm": 0.2305665910243988, "time": 1790365609.4543626, "seconds_this_epoch": 38.513147631660104}
{"event": "TRAIN", "epoch": 207, "cursor": 70912, "train_count": 120355, "steps": 194400, "loss": [0.10570548474788666, 0.020274631679058075, 0.08543085306882858], "lr": 0.000125, "grad_norm": 0.28608304262161255, "time": 1790365617.9630601, "seconds_this_epoch": 47.02184519544244}
{"event": "TRAIN", "epoch": 207, "cursor": 83712, "train_count": 120355, "steps": 194500, "loss": [0.0909254252910614, 0.018785065039992332, 0.07214035838842392], "lr": 0.000125, "grad_norm": 0.2706201374530792, "time": 1790365626.4020789, "seconds_this_epoch": 55.4608641974628}
{"event": "TRAIN", "epoch": 207, "cursor": 96512, "train_count": 120355, "steps": 194600, "loss": [0.08976675570011139, 0.02191052958369255, 0.06785622984170914], "lr": 0.000125, "grad_norm": 0.24157463014125824, "time": 1790365634.8749979, "seconds_this_epoch": 63.93378305993974}
{"event": "TRAIN", "epoch": 207, "cursor": 109312, "train_count": 120355, "steps": 194700, "loss": [0.09373565018177032, 0.019628986716270447, 0.07410666346549988], "lr": 0.000125, "grad_norm": 0.21664740145206451, "time": 1790365643.4576895, "seconds_this_epoch": 72.51647552661598}
{"epoch": 207, "train": [0.09274114510201927, 0.020840534200395607, 0.07190061091836897], "val": [0.6363203218872591, 0.0304700704238531, 0.6058502538882434], "lr": 0.000125, "best_val": 0.53043719986189, "best_epoch": 33, "seconds": 81.05634873360395, "steps": 194787, "peak_memory_bytes": 3222636544, "time": 1790365651.9977536}
{"event": "TRAIN", "epoch": 208, "cursor": 1664, "train_count": 120355, "steps": 194800, "loss": [0.09496656060218811, 0.019136305898427963, 0.07583025842905045], "lr": 0.000125, "grad_norm": 0.2317991852760315, "time": 1790365653.0873559, "seconds_this_epoch": 1.0143684465438128}
{"event": "TRAIN", "epoch": 208, "cursor": 14464, "train_count": 120355, "steps": 194900, "loss": [0.09272065758705139, 0.019441373646259308, 0.07327928394079208], "lr": 0.000125, "grad_norm": 0.21895217895507812, "time": 1790365661.656269, "seconds_this_epoch": 9.583281137049198}
{"event": "TRAIN", "epoch": 208, "cursor": 27264, "train_count": 120355, "steps": 195000, "loss": [0.08730421215295792, 0.02242668718099594, 0.06487752497196198], "lr": 0.000125, "grad_norm": 0.23314735293388367, "time": 1790365670.1676965, "seconds_this_epoch": 18.094708740711212}
{"event": "TRAIN", "epoch": 208, "cursor": 40064, "train_count": 120355, "steps": 195100, "loss": [0.09291281551122665, 0.02034240961074829, 0.07257040590047836], "lr": 0.000125, "grad_norm": 0.27313777804374695, "time": 1790365678.7045033, "seconds_this_epoch": 26.631515454500914}
{"event": "TRAIN", "epoch": 208, "cursor": 52864, "train_count": 120355, "steps": 195200, "loss": [0.10013587772846222, 0.020603161305189133, 0.07953272014856339], "lr": 0.000125, "grad_norm": 0.2823336720466614, "time": 1790365687.2491915, "seconds_this_epoch": 35.17620385065675}
{"event": "TRAIN", "epoch": 208, "cursor": 65664, "train_count": 120355, "steps": 195300, "loss": [0.09420996159315109, 0.01983075775206089, 0.07437920570373535], "lr": 0.000125, "grad_norm": 0.2295723259449005, "time": 1790365695.7555633, "seconds_this_epoch": 43.68257578276098}
{"event": "TRAIN", "epoch": 208, "cursor": 78464, "train_count": 120355, "steps": 195400, "loss": [0.0939478874206543, 0.022284623235464096, 0.0716632604598999], "lr": 0.000125, "grad_norm": 0.2450108826160431, "time": 1790365704.315462, "seconds_this_epoch": 52.242474898695946}
{"event": "TRAIN", "epoch": 208, "cursor": 91264, "train_count": 120355, "steps": 195500, "loss": [0.0943865105509758, 0.02114303596317768, 0.07324347645044327], "lr": 0.000125, "grad_norm": 0.23990121483802795, "time": 1790365712.8597922, "seconds_this_epoch": 60.78680478408933}
{"event": "TRAIN", "epoch": 208, "cursor": 104064, "train_count": 120355, "steps": 195600, "loss": [0.08355723321437836, 0.020211953669786453, 0.0633452832698822], "lr": 0.000125, "grad_norm": 0.22677020728588104, "time": 1790365721.3338006, "seconds_this_epoch": 69.26081287115812}
{"event": "TRAIN", "epoch": 208, "cursor": 116864, "train_count": 120355, "steps": 195700, "loss": [0.09760689735412598, 0.01975243352353573, 0.0778544619679451], "lr": 0.000125, "grad_norm": 0.2014322578907013, "time": 1790365729.8637605, "seconds_this_epoch": 77.79077252931893}
{"epoch": 208, "train": [0.09266024411899597, 0.020831411170459155, 0.07182883293917368], "val": [0.6369195249741783, 0.030486453401446876, 0.606433064182326], "lr": 0.000125, "best_val": 0.53043719986189, "best_epoch": 33, "seconds": 81.35116137750447, "steps": 195728, "peak_memory_bytes": 3222636544, "time": 1790365733.4243338}
{"event": "TRAIN", "epoch": 209, "cursor": 9216, "train_count": 120355, "steps": 195800, "loss": [0.09848126769065857, 0.01896597072482109, 0.07951529324054718], "lr": 0.000125, "grad_norm": 0.2089996188879013, "time": 1790365739.5220604, "seconds_this_epoch": 6.022837655618787}
{"event": "TRAIN", "epoch": 209, "cursor": 22016, "train_count": 120355, "steps": 195900, "loss": [0.09540647268295288, 0.02105715312063694, 0.07434932142496109], "lr": 0.000125, "grad_norm": 0.2168913185596466, "time": 1790365748.146159, "seconds_this_epoch": 14.646936420351267}
{"event": "TRAIN", "epoch": 209, "cursor": 34816, "train_count": 120355, "steps": 196000, "loss": [0.08961178362369537, 0.020275678485631943, 0.06933610886335373], "lr": 0.000125, "grad_norm": 0.2240930050611496, "time": 1790365756.6565828, "seconds_this_epoch": 23.15736034885049}
{"event": "TRAIN", "epoch": 209, "cursor": 47616, "train_count": 120355, "steps": 196100, "loss": [0.0881386399269104, 0.02245403826236725, 0.06568460166454315], "lr": 0.000125, "grad_norm": 0.24350108206272125, "time": 1790365765.1590567, "seconds_this_epoch": 31.6598339099437}
{"event": "TRAIN", "epoch": 209, "cursor": 60416, "train_count": 120355, "steps": 196200, "loss": [0.08625693619251251, 0.020852621644735336, 0.06540431827306747], "lr": 0.000125, "grad_norm": 0.22644950449466705, "time": 1790365773.6522605, "seconds_this_epoch": 40.153037840500474}
{"event": "TRAIN", "epoch": 209, "cursor": 73216, "train_count": 120355, "steps": 196300, "loss": [0.09546476602554321, 0.023085059598088264, 0.0723797082901001], "lr": 0.000125, "grad_norm": 0.24639730155467987, "time": 1790365782.1848927, "seconds_this_epoch": 48.68567002937198}
{"event": "TRAIN", "epoch": 209, "cursor": 86016, "train_count": 120355, "steps": 196400, "loss": [0.09792349487543106, 0.022418120875954628, 0.07550537586212158], "lr": 0.000125, "grad_norm": 0.2556067407131195, "time": 1790365790.6768322, "seconds_this_epoch": 57.17760965041816}
{"event": "TRAIN", "epoch": 209, "cursor": 98816, "train_count": 120355, "steps": 196500, "loss": [0.08794887363910675, 0.020004671066999435, 0.06794420629739761], "lr": 0.000125, "grad_norm": 0.260700523853302, "time": 1790365799.189383, "seconds_this_epoch": 65.6901610083878}
{"event": "TRAIN", "epoch": 209, "cursor": 111616, "train_count": 120355, "steps": 196600, "loss": [0.08941591531038284, 0.01973557285964489, 0.0696803405880928], "lr": 0.000125, "grad_norm": 0.20656268298625946, "time": 1790365807.6993158, "seconds_this_epoch": 74.20009302906692}
{"epoch": 209, "train": [0.09256877399379615, 0.020823206714761133, 0.07174556717548336], "val": [0.6368465562655545, 0.03046333788042471, 0.6063832238588439], "lr": 0.000125, "best_val": 0.53043719986189, "best_epoch": 33, "seconds": 81.25198310799897, "steps": 196669, "peak_memory_bytes": 3222636544, "time": 1790365814.7513943}
{"event": "TRAIN", "epoch": 210, "cursor": 3968, "train_count": 120355, "steps": 196700, "loss": [0.08532562106847763, 0.02088981866836548, 0.06443580240011215], "lr": 0.000125, "grad_norm": 0.22601574659347534, "time": 1790365817.331413, "seconds_this_epoch": 2.5046943482011557}
{"event": "TRAIN", "epoch": 210, "cursor": 16768, "train_count": 120355, "steps": 196800, "loss": [0.09234192222356796, 0.019778473302721977, 0.07256344705820084], "lr": 0.000125, "grad_norm": 0.2425861656665802, "time": 1790365825.8853986, "seconds_this_epoch": 11.058679196983576}
{"event": "TRAIN", "epoch": 210, "cursor": 29568, "train_count": 120355, "steps": 196900, "loss": [0.09838378429412842, 0.020566323772072792, 0.07781746238470078], "lr": 0.000125, "grad_norm": 0.2605617642402649, "time": 1790365834.4049704, "seconds_this_epoch": 19.578251199796796}
{"event": "TRAIN", "epoch": 210, "cursor": 42368, "train_count": 120355, "steps": 197000, "loss": [0.0810638964176178, 0.021288353949785233, 0.059775542467832565], "lr": 0.000125, "grad_norm": 0.2161131352186203, "time": 1790365842.8638844, "seconds_this_epoch": 28.0371652841568}
{"event": "TRAIN", "epoch": 210, "cursor": 55168, "train_count": 120355, "steps": 197100, "loss": [0.08955846726894379, 0.019464412704110146, 0.07009405642747879], "lr": 0.000125, "grad_norm": 0.26673054695129395, "time": 1790365851.336096, "seconds_this_epoch": 36.50937672704458}
{"event": "TRAIN", "epoch": 210, "cursor": 67968, "train_count": 120355, "steps": 197200, "loss": [0.09047604352235794, 0.01951182633638382, 0.07096421718597412], "lr": 0.000125, "grad_norm": 0.26094162464141846, "time": 1790365859.9396963, "seconds_this_epoch": 45.11297734454274}
{"event": "TRAIN", "epoch": 210, "cursor": 80768, "train_count": 120355, "steps": 197300, "loss": [0.0929485335946083, 0.02122793346643448, 0.07172060012817383], "lr": 0.000125, "grad_norm": 0.2604929804801941, "time": 1790365868.5560534, "seconds_this_epoch": 53.729334307834506}
{"event": "TRAIN", "epoch": 210, "cursor": 93568, "train_count": 120355, "steps": 197400, "loss": [0.09659604728221893, 0.0200333409011364, 0.07656270265579224], "lr": 0.000125, "grad_norm": 0.2564578056335449, "time": 1790365877.1256168, "seconds_this_epoch": 62.298897909000516}
{"event": "TRAIN", "epoch": 210, "cursor": 106368, "train_count": 120355, "steps": 197500, "loss": [0.09384824335575104, 0.017706606537103653, 0.07614164054393768], "lr": 0.000125, "grad_norm": 0.22507168352603912, "time": 1790365885.6438093, "seconds_this_epoch": 70.8170899618417}
{"event": "TRAIN", "epoch": 210, "cursor": 119168, "train_count": 120355, "steps": 197600, "loss": [0.0868307575583458, 0.02162025310099125, 0.0652105063199997], "lr": 0.000125, "grad_norm": 0.25313881039619446, "time": 1790365894.0793936, "seconds_this_epoch": 79.25267410837114}
{"epoch": 210, "train": [0.09247873660438077, 0.020813709681201404, 0.0716650270395144], "val": [0.635621800809216, 0.03044027216663412, 0.6051815269665913], "lr": 0.000125, "best_val": 0.53043719986189, "best_epoch": 33, "seconds": 81.29318631254137, "steps": 197610, "peak_memory_bytes": 3222636544, "time": 1790365896.1200924}
{"event": "TRAIN", "epoch": 211, "cursor": 11520, "train_count": 120355, "steps": 197700, "loss": [0.10084918141365051, 0.023183170706033707, 0.0776660144329071], "lr": 0.000125, "grad_norm": 0.24669983983039856, "time": 1790365903.6177964, "seconds_this_epoch": 7.422347852960229}
{"event": "TRAIN", "epoch": 211, "cursor": 24320, "train_count": 120355, "steps": 197800, "loss": [0.08879958093166351, 0.01951119676232338, 0.06928838044404984], "lr": 0.000125, "grad_norm": 0.22177881002426147, "time": 1790365912.1132534, "seconds_this_epoch": 15.917805064469576}
{"event": "TRAIN", "epoch": 211, "cursor": 37120, "train_count": 120355, "steps": 197900, "loss": [0.0869620218873024, 0.01965717040002346, 0.06730484962463379], "lr": 0.000125, "grad_norm": 0.2601468563079834, "time": 1790365920.578596, "seconds_this_epoch": 24.383147766813636}
{"event": "TRAIN", "epoch": 211, "cursor": 49920, "train_count": 120355, "steps": 198000, "loss": [0.09986834973096848, 0.02052937261760235, 0.07933897525072098], "lr": 0.000125, "grad_norm": 0.2605769634246826, "time": 1790365929.086636, "seconds_this_epoch": 32.891187492758036}
{"event": "TRAIN", "epoch": 211, "cursor": 62720, "train_count": 120355, "steps": 198100, "loss": [0.08006663620471954, 0.02002541534602642, 0.060041218996047974], "lr": 0.000125, "grad_norm": 0.24479515850543976, "time": 1790365937.494561, "seconds_this_epoch": 41.29911230504513}
{"event": "TRAIN", "epoch": 211, "cursor": 75520, "train_count": 120355, "steps": 198200, "loss": [0.0910997986793518, 0.020092438906431198, 0.07100735604763031], "lr": 0.000125, "grad_norm": 0.2777032256126404, "time": 1790365945.9937837, "seconds_this_epoch": 49.79833522066474}
{"event": "TRAIN", "epoch": 211, "cursor": 88320, "train_count": 120355, "steps": 198300, "loss": [0.09364048391580582, 0.02280442975461483, 0.07083605229854584], "lr": 0.000125, "grad_norm": 0.22447116672992706, "time": 1790365954.4144108, "seconds_this_epoch": 58.21896264702082}
{"event": "TRAIN", "epoch": 211, "cursor": 101120, "train_count": 120355, "steps": 198400, "loss": [0.0878557339310646, 0.02150094322860241, 0.06635478883981705], "lr": 0.000125, "grad_norm": 0.21392425894737244, "time": 1790365962.8323429, "seconds_this_epoch": 66.63689446821809}
{"event": "TRAIN", "epoch": 211, "cursor": 113920, "train_count": 120355, "steps": 198500, "loss": [0.09082193672657013, 0.01921408623456955, 0.07160785049200058], "lr": 0.000125, "grad_norm": 0.2407560646533966, "time": 1790365971.2801607, "seconds_this_epoch": 75.08471242897213}
{"epoch": 211, "train": [0.0924004933583831, 0.020806022236089402, 0.07159447113759972], "val": [0.6362971963905268, 0.030484624770883668, 0.6058125709866893], "lr": 0.000125, "best_val": 0.53043719986189, "best_epoch": 33, "seconds": 80.56508110836148, "steps": 198551, "peak_memory_bytes": 3222636544, "time": 1790365976.7607303}
{"event": "TRAIN", "epoch": 212, "cursor": 6272, "train_count": 120355, "steps": 198600, "loss": [0.0901716947555542, 0.02006116509437561, 0.07011052966117859], "lr": 0.000125, "grad_norm": 0.2567693889141083, "time": 1790365980.827256, "seconds_this_epoch": 3.9913837034255266}
{"event": "TRAIN", "epoch": 212, "cursor": 19072, "train_count": 120355, "steps": 198700, "loss": [0.09702187031507492, 0.021746346727013588, 0.07527552545070648], "lr": 0.000125, "grad_norm": 0.23444949090480804, "time": 1790365989.2224894, "seconds_this_epoch": 12.38661727681756}
{"event": "TRAIN", "epoch": 212, "cursor": 31872, "train_count": 120355, "steps": 198800, "loss": [0.08853524178266525, 0.02092643268406391, 0.06760881096124649], "lr": 0.000125, "grad_norm": 0.2503076195716858, "time": 1790365997.6195786, "seconds_this_epoch": 20.783706104382873}
{"event": "TRAIN", "epoch": 212, "cursor": 44672, "train_count": 120355, "steps": 198900, "loss": [0.09440812468528748, 0.01963135227560997, 0.0747767761349678], "lr": 0.000125, "grad_norm": 0.2627902328968048, "time": 1790366006.069221, "seconds_this_epoch": 29.233348973095417}
{"event": "TRAIN", "epoch": 212, "cursor": 57472, "train_count": 120355, "steps": 199000, "loss": [0.09262445569038391, 0.023216355592012405, 0.06940809637308121], "lr": 0.000125, "grad_norm": 0.2558608055114746, "time": 1790366014.5943604, "seconds_this_epoch": 37.758488185703754}
{"event": "TRAIN", "epoch": 212, "cursor": 70272, "train_count": 120355, "steps": 199100, "loss": [0.09239677339792252, 0.02054053731262684, 0.07185623794794083], "lr": 0.000125, "grad_norm": 0.2271272987127304, "time": 1790366023.0441737, "seconds_this_epoch": 46.208301436156034}
{"event": "TRAIN", "epoch": 212, "cursor": 83072, "train_count": 120355, "steps": 199200, "loss": [0.0901559442281723, 0.02141564153134823, 0.06874030083417892], "lr": 0.000125, "grad_norm": 0.23432190716266632, "time": 1790366031.458901, "seconds_this_epoch": 54.6230288092047}
{"event": "TRAIN", "epoch": 212, "cursor": 95872, "train_count": 120355, "steps": 199300, "loss": [0.08128918707370758, 0.019627874717116356, 0.061661310493946075], "lr": 0.000125, "grad_norm": 0.30061110854148865, "time": 1790366039.9093013, "seconds_this_epoch": 63.07342896424234}
{"event": "TRAIN", "epoch": 212, "cursor": 108672, "train_count": 120355, "steps": 199400, "loss": [0.09321849793195724, 0.021336905658245087, 0.07188159227371216], "lr": 0.000125, "grad_norm": 0.24209818243980408, "time": 1790366048.3909633, "seconds_this_epoch": 71.55509076081216}
{"epoch": 212, "train": [0.09230425186056891, 0.02079360354243706, 0.0715106484557158], "val": [0.6375043824016424, 0.030462710302174893, 0.6070416691486542], "lr": 0.000125, "best_val": 0.53043719986189, "best_epoch": 33, "seconds": 80.51300092041492, "steps": 199492, "peak_memory_bytes": 3222636544, "time": 1790366057.349152}
{"event": "TRAIN", "epoch": 213, "cursor": 1024, "train_count": 120355, "steps": 199500, "loss": [0.08925014734268188, 0.02073303982615471, 0.06851711124181747], "lr": 0.000125, "grad_norm": 0.2197917103767395, "time": 1790366057.9873943, "seconds_this_epoch": 0.5602969061583281}
{"event": "TRAIN", "epoch": 213, "cursor": 13824, "train_count": 120355, "steps": 199600, "loss": [0.08911250531673431, 0.02034435234963894, 0.06876815110445023], "lr": 0.000125, "grad_norm": 0.25568994879722595, "time": 1790366066.376521, "seconds_this_epoch": 8.949424074962735}
{"event": "TRAIN", "epoch": 213, "cursor": 26624, "train_count": 120355, "steps": 199700, "loss": [0.08258828520774841, 0.018830928951501846, 0.06375735998153687], "lr": 0.000125, "grad_norm": 0.2265583723783493, "time": 1790366074.8157642, "seconds_this_epoch": 17.38866720162332}
{"event": "TRAIN", "epoch": 213, "cursor": 39424, "train_count": 120355, "steps": 199800, "loss": [0.09126924723386765, 0.018476577475667, 0.0727926716208458], "lr": 0.000125, "grad_norm": 0.2309746891260147, "time": 1790366083.223628, "seconds_this_epoch": 25.796530993655324}
{"event": "TRAIN", "epoch": 213, "cursor": 52224, "train_count": 120355, "steps": 199900, "loss": [0.09058039635419846, 0.019437605515122414, 0.07114279270172119], "lr": 0.000125, "grad_norm": 0.2336050271987915, "time": 1790366091.7184877, "seconds_this_epoch": 34.29139061830938}
{"event": "TRAIN", "epoch": 213, "cursor": 65024, "train_count": 120355, "steps": 200000, "loss": [0.09192493557929993, 0.020732861012220383, 0.07119207829236984], "lr": 0.000125, "grad_norm": 0.21511496603488922, "time": 1790366100.1712575, "seconds_this_epoch": 42.74416103027761}
{"event": "TRAIN", "epoch": 213, "cursor": 77824, "train_count": 120355, "steps": 200100, "loss": [0.09591106325387955, 0.022028909996151924, 0.07388215512037277], "lr": 0.000125, "grad_norm": 0.2647789418697357, "time": 1790366108.6180687, "seconds_this_epoch": 51.19097141735256}
{"event": "TRAIN", "epoch": 213, "cursor": 90624, "train_count": 120355, "steps": 200200, "loss": [0.08588091284036636, 0.01989895850419998, 0.06598195433616638], "lr": 0.000125, "grad_norm": 0.2303631454706192, "time": 1790366117.1813703, "seconds_this_epoch": 59.7542744204402}
{"event": "TRAIN", "epoch": 213, "cursor": 103424, "train_count": 120355, "steps": 200300, "loss": [0.09074322879314423, 0.02275010198354721, 0.06799312680959702], "lr": 0.000125, "grad_norm": 0.2808259427547455, "time": 1790366126.2803855, "seconds_this_epoch": 68.85328882932663}
{"event": "TRAIN", "epoch": 213, "cursor": 116224, "train_count": 120355, "steps": 200400, "loss": [0.10724480450153351, 0.020208777859807014, 0.08703602850437164], "lr": 0.000125, "grad_norm": 0.25893211364746094, "time": 1790366135.4966223, "seconds_this_epoch": 78.06952597759664}
{"epoch": 213, "train": [0.0922195891582383, 0.0207868410839502, 0.07143274805249752], "val": [0.6372090129127697, 0.030479694514655438, 0.6067293185942407], "lr": 0.000125, "best_val": 0.53043719986189, "best_epoch": 33, "seconds": 82.26180969551206, "steps": 200433, "peak_memory_bytes": 3222636544, "time": 1790366139.6892772}
{"event": "TRAIN", "epoch": 214, "cursor": 8576, "train_count": 120355, "steps": 200500, "loss": [0.08915916085243225, 0.021222872659564018, 0.06793628633022308], "lr": 0.000125, "grad_norm": 0.24458517134189606, "time": 1790366145.6441612, "seconds_this_epoch": 5.867240346968174}
{"event": "TRAIN", "epoch": 214, "cursor": 21376, "train_count": 120355, "steps": 200600, "loss": [0.08432891964912415, 0.017953883856534958, 0.06637503206729889], "lr": 0.000125, "grad_norm": 0.23887616395950317, "time": 1790366154.7146783, "seconds_this_epoch": 14.93775769136846}
{"event": "TRAIN", "epoch": 214, "cursor": 34176, "train_count": 120355, "steps": 200700, "loss": [0.11198922246694565, 0.019650109112262726, 0.09233911335468292], "lr": 0.000125, "grad_norm": 0.2996387481689453, "time": 1790366163.737248, "seconds_this_epoch": 23.960327241569757}
{"event": "TRAIN", "epoch": 214, "cursor": 46976, "train_count": 120355, "steps": 200800, "loss": [0.08828854560852051, 0.022460371255874634, 0.06582817435264587], "lr": 0.000125, "grad_norm": 0.264227032661438, "time": 1790366172.7739625, "seconds_this_epoch": 32.99704220332205}
{"event": "TRAIN", "epoch": 214, "cursor": 59776, "train_count": 120355, "steps": 200900, "loss": [0.09267739951610565, 0.02259579673409462, 0.07008159905672073], "lr": 0.000125, "grad_norm": 0.2204297035932541, "time": 1790366181.8964884, "seconds_this_epoch": 42.119567949324846}
{"event": "TRAIN", "epoch": 214, "cursor": 72576, "train_count": 120355, "steps": 201000, "loss": [0.09505812078714371, 0.02057347632944584, 0.07448464632034302], "lr": 0.000125, "grad_norm": 0.2453063577413559, "time": 1790366190.9741564, "seconds_this_epoch": 51.19723539613187}
{"event": "TRAIN", "epoch": 214, "cursor": 85376, "train_count": 120355, "steps": 201100, "loss": [0.08638693392276764, 0.02234466001391411, 0.06404227018356323], "lr": 0.000125, "grad_norm": 0.22239811718463898, "time": 1790366199.79519, "seconds_this_epoch": 60.01826892606914}
{"event": "TRAIN", "epoch": 214, "cursor": 98176, "train_count": 120355, "steps": 201200, "loss": [0.0882503017783165, 0.01901196874678135, 0.0692383348941803], "lr": 0.000125, "grad_norm": 0.2612400949001312, "time": 1790366208.3084166, "seconds_this_epoch": 68.53149503841996}
{"event": "TRAIN", "epoch": 214, "cursor": 110976, "train_count": 120355, "steps": 201300, "loss": [0.09397147595882416, 0.021125461906194687, 0.07284601032733917], "lr": 0.000125, "grad_norm": 0.2478993982076645, "time": 1790366216.7577212, "seconds_this_epoch": 76.98079991899431}
{"epoch": 214, "train": [0.09214381812024505, 0.020776273297215375, 0.07136754494080401], "val": [0.6381220436010608, 0.030495334618326222, 0.6076267091877761], "lr": 0.000125, "best_val": 0.53043719986189, "best_epoch": 33, "seconds": 84.50339419208467, "steps": 201374, "peak_memory_bytes": 3222636544, "time": 1790366224.2805877}
{"event": "TRAIN", "epoch": 215, "cursor": 3328, "train_count": 120355, "steps": 201400, "loss": [0.09276552498340607, 0.022360973060131073, 0.070404551923275], "lr": 0.000125, "grad_norm": 0.2802373468875885, "time": 1790366226.4240751, "seconds_this_epoch": 2.0666834451258183}
{"event": "TRAIN", "epoch": 215, "cursor": 16128, "train_count": 120355, "steps": 201500, "loss": [0.09605273604393005, 0.021462110802531242, 0.07459062337875366], "lr": 0.000125, "grad_norm": 0.24063622951507568, "time": 1790366234.9787138, "seconds_this_epoch": 10.621322084218264}
{"event": "TRAIN", "epoch": 215, "cursor": 28928, "train_count": 120355, "steps": 201600, "loss": [0.09440770745277405, 0.019780050963163376, 0.07462766021490097], "lr": 0.000125, "grad_norm": 0.20826469361782074, "time": 1790366243.5419788, "seconds_this_epoch": 19.184587160125375}
{"event": "TRAIN", "epoch": 215, "cursor": 41728, "train_count": 120355, "steps": 201700, "loss": [0.09596505761146545, 0.021421337500214577, 0.07454372197389603], "lr": 0.000125, "grad_norm": 0.2546555995941162, "time": 1790366252.0519354, "seconds_this_epoch": 27.694543834775686}
{"event": "TRAIN", "epoch": 215, "cursor": 54528, "train_count": 120355, "steps": 201800, "loss": [0.09385139495134354, 0.02133186161518097, 0.07251953333616257], "lr": 0.000125, "grad_norm": 0.23660556972026825, "time": 1790366260.5621438, "seconds_this_epoch": 36.20475187711418}
{"event": "TRAIN", "epoch": 215, "cursor": 67328, "train_count": 120355, "steps": 201900, "loss": [0.0913970023393631, 0.0201635230332613, 0.07123348116874695], "lr": 0.000125, "grad_norm": 0.2472659796476364, "time": 1790366269.067415, "seconds_this_epoch": 44.710023269057274}
{"event": "TRAIN", "epoch": 215, "cursor": 80128, "train_count": 120355, "steps": 202000, "loss": [0.08742210268974304, 0.02087029255926609, 0.0665518119931221], "lr": 0.000125, "grad_norm": 0.2526867091655731, "time": 1790366277.56043, "seconds_this_epoch": 53.20303793437779}
{"event": "TRAIN", "epoch": 215, "cursor": 92928, "train_count": 120355, "steps": 202100, "loss": [0.09455236792564392, 0.01985599286854267, 0.0746963769197464], "lr": 0.000125, "grad_norm": 0.23603031039237976, "time": 1790366286.0833647, "seconds_this_epoch": 61.72597268782556}
{"event": "TRAIN", "epoch": 215, "cursor": 105728, "train_count": 120355, "steps": 202200, "loss": [0.08462108671665192, 0.019044116139411926, 0.06557697057723999], "lr": 0.000125, "grad_norm": 0.23746131360530853, "time": 1790366294.5818253, "seconds_this_epoch": 70.22443366795778}
{"event": "TRAIN", "epoch": 215, "cursor": 118528, "train_count": 120355, "steps": 202300, "loss": [0.08520543575286865, 0.022732054814696312, 0.06247338280081749], "lr": 0.000125, "grad_norm": 0.2361803948879242, "time": 1790366303.1096349, "seconds_this_epoch": 78.75224310904741}
{"epoch": 215, "train": [0.09205401906744652, 0.020767497446660853, 0.07128652175098743], "val": [0.6388151300477654, 0.03053804559868822, 0.6082770912511029], "lr": 0.000125, "best_val": 0.53043719986189, "best_epoch": 33, "seconds": 81.2224254552275, "steps": 202315, "peak_memory_bytes": 3222636544, "time": 1790366305.5801094}
{"event": "TRAIN", "epoch": 216, "cursor": 10880, "train_count": 120355, "steps": 202400, "loss": [0.0969918966293335, 0.020381074398756027, 0.07661082595586777], "lr": 0.000125, "grad_norm": 0.23905445635318756, "time": 1790366312.7694976, "seconds_this_epoch": 7.112058321014047}
{"event": "TRAIN", "epoch": 216, "cursor": 23680, "train_count": 120355, "steps": 202500, "loss": [0.09860289096832275, 0.01914919540286064, 0.07945369184017181], "lr": 0.000125, "grad_norm": 0.2642531394958496, "time": 1790366321.1985815, "seconds_this_epoch": 15.541142107918859}
{"event": "TRAIN", "epoch": 216, "cursor": 36480, "train_count": 120355, "steps": 202600, "loss": [0.08227531611919403, 0.018761709332466125, 0.0635136067867279], "lr": 0.000125, "grad_norm": 0.2526676654815674, "time": 1790366329.690826, "seconds_this_epoch": 24.033386761322618}
{"event": "TRAIN", "epoch": 216, "cursor": 49280, "train_count": 120355, "steps": 202700, "loss": [0.09016164392232895, 0.021719349548220634, 0.06844229251146317], "lr": 0.000125, "grad_norm": 0.238252192735672, "time": 1790366338.140639, "seconds_this_epoch": 32.48319946229458}
{"event": "TRAIN", "epoch": 216, "cursor": 62080, "train_count": 120355, "steps": 202800, "loss": [0.0884239673614502, 0.02109287492930889, 0.06733109056949615], "lr": 0.000125, "grad_norm": 0.2617279589176178, "time": 1790366346.559336, "seconds_this_epoch": 40.90189687348902}
{"event": "TRAIN", "epoch": 216, "cursor": 74880, "train_count": 120355, "steps": 202900, "loss": [0.08822669088840485, 0.021651629358530045, 0.0665750652551651], "lr": 0.000125, "grad_norm": 0.2987719178199768, "time": 1790366355.0342376, "seconds_this_epoch": 49.37679788097739}
{"event": "TRAIN", "epoch": 216, "cursor": 87680, "train_count": 120355, "steps": 203000, "loss": [0.08921578526496887, 0.019517775624990463, 0.06969800591468811], "lr": 0.000125, "grad_norm": 0.23035506904125214, "time": 1790366363.4935443, "seconds_this_epoch": 57.83610506542027}
{"event": "TRAIN", "epoch": 216, "cursor": 100480, "train_count": 120355, "steps": 203100, "loss": [0.08890728652477264, 0.02308962121605873, 0.06581766903400421], "lr": 0.000125, "grad_norm": 0.27631765604019165, "time": 1790366372.443161, "seconds_this_epoch": 66.78572181612253}
{"event": "TRAIN", "epoch": 216, "cursor": 113280, "train_count": 120355, "steps": 203200, "loss": [0.09391450881958008, 0.020594198256731033, 0.07332030683755875], "lr": 0.000125, "grad_norm": 0.250526487827301, "time": 1790366380.9490933, "seconds_this_epoch": 75.29165415279567}
{"epoch": 216, "train": [0.09199902047200612, 0.0207573186600133, 0.07124170179308083], "val": [0.6388881515322636, 0.030547803741994818, 0.6083403451693047], "lr": 0.000125, "best_val": 0.53043719986189, "best_epoch": 33, "seconds": 81.21037420630455, "steps": 203256, "peak_memory_bytes": 3222636544, "time": 1790366386.8680935}
{"event": "TRAIN", "epoch": 217, "cursor": 5632, "train_count": 120355, "steps": 203300, "loss": [0.09294174611568451, 0.018484126776456833, 0.07445762306451797], "lr": 0.000125, "grad_norm": 0.2298358976840973, "time": 1790366390.544382, "seconds_this_epoch": 3.5998231563717127}
{"event": "TRAIN", "epoch": 217, "cursor": 18432, "train_count": 120355, "steps": 203400, "loss": [0.08609364181756973, 0.01811034232378006, 0.06798329949378967], "lr": 0.000125, "grad_norm": 0.24434252083301544, "time": 1790366399.5419395, "seconds_this_epoch": 12.59738102555275}
{"event": "TRAIN", "epoch": 217, "cursor": 31232, "train_count": 120355, "steps": 203500, "loss": [0.09209135174751282, 0.018341928720474243, 0.07374942302703857], "lr": 0.000125, "grad_norm": 0.2817990183830261, "time": 1790366408.7698994, "seconds_this_epoch": 21.82534110173583}
{"event": "TRAIN", "epoch": 217, "cursor": 44032, "train_count": 120355, "steps": 203600, "loss": [0.09375505894422531, 0.02040831558406353, 0.07334674149751663], "lr": 0.000125, "grad_norm": 0.3057698905467987, "time": 1790366417.7727718, "seconds_this_epoch": 30.828213265165687}
{"event": "TRAIN", "epoch": 217, "cursor": 56832, "train_count": 120355, "steps": 203700, "loss": [0.09154165536165237, 0.020988330245018005, 0.07055332511663437], "lr": 0.000125, "grad_norm": 0.2608017325401306, "time": 1790366426.8363254, "seconds_this_epoch": 39.891767241060734}
{"event": "TRAIN", "epoch": 217, "cursor": 69632, "train_count": 120355, "steps": 203800, "loss": [0.08458668738603592, 0.02087545581161976, 0.06371123343706131], "lr": 0.000125, "grad_norm": 0.24554263055324554, "time": 1790366435.9555771, "seconds_this_epoch": 49.01101855188608}
{"event": "TRAIN", "epoch": 217, "cursor": 82432, "train_count": 120355, "steps": 203900, "loss": [0.09279842674732208, 0.020060177892446518, 0.07273824512958527], "lr": 0.000125, "grad_norm": 0.29583317041397095, "time": 1790366445.1642735, "seconds_this_epoch": 58.219714814797044}
{"event": "TRAIN", "epoch": 217, "cursor": 95232, "train_count": 120355, "steps": 204000, "loss": [0.0863908901810646, 0.021595308557152748, 0.064795583486557], "lr": 0.000125, "grad_norm": 0.23292484879493713, "time": 1790366454.2149112, "seconds_this_epoch": 67.27035305462778}
{"event": "TRAIN", "epoch": 217, "cursor": 108032, "train_count": 120355, "steps": 204100, "loss": [0.09903431683778763, 0.01986757107079029, 0.07916674762964249], "lr": 0.000125, "grad_norm": 0.23918335139751434, "time": 1790366463.0656989, "seconds_this_epoch": 76.12114007025957}
{"epoch": 217, "train": [0.09191473525055108, 0.020753158590172554, 0.07116157670450134], "val": [0.6387685618641631, 0.03054096604798534, 0.6082275973584457], "lr": 0.000125, "best_val": 0.53043719986189, "best_epoch": 33, "seconds": 86.07476238161325, "steps": 204197, "peak_memory_bytes": 3222636544, "time": 1790366473.0197332}
{"event": "TRAIN", "epoch": 218, "cursor": 384, "train_count": 120355, "steps": 204200, "loss": [0.0852479338645935, 0.01958494447171688, 0.06566298753023148], "lr": 0.000125, "grad_norm": 0.32826709747314453, "time": 1790366473.3416882, "seconds_this_epoch": 0.23532472737133503}
{"event": "TRAIN", "epoch": 218, "cursor": 13184, "train_count": 120355, "steps": 204300, "loss": [0.09611257910728455, 0.019867055118083954, 0.07624552398920059], "lr": 0.000125, "grad_norm": 0.2682965397834778, "time": 1790366481.825088, "seconds_this_epoch": 8.718725230544806}
{"event": "TRAIN", "epoch": 218, "cursor": 25984, "train_count": 120355, "steps": 204400, "loss": [0.08943744003772736, 0.02029326930642128, 0.06914417445659637], "lr": 0.000125, "grad_norm": 0.2337772399187088, "time": 1790366490.4214036, "seconds_this_epoch": 17.31504119373858}
{"event": "TRAIN", "epoch": 218, "cursor": 38784, "train_count": 120355, "steps": 204500, "loss": [0.09474606812000275, 0.023821722716093063, 0.07092434167861938], "lr": 0.000125, "grad_norm": 0.2432473599910736, "time": 1790366498.9639692, "seconds_this_epoch": 25.857606653124094}
{"event": "TRAIN", "epoch": 218, "cursor": 51584, "train_count": 120355, "steps": 204600, "loss": [0.09164004027843475, 0.018811123445630074, 0.07282891869544983], "lr": 0.000125, "grad_norm": 0.23690710961818695, "time": 1790366507.5078852, "seconds_this_epoch": 34.40152276866138}
{"event": "TRAIN", "epoch": 218, "cursor": 64384, "train_count": 120355, "steps": 204700, "loss": [0.0901978611946106, 0.01913907378911972, 0.07105878740549088], "lr": 0.000125, "grad_norm": 0.22290559113025665, "time": 1790366516.0776086, "seconds_this_epoch": 42.971246307715774}
{"event": "TRAIN", "epoch": 218, "cursor": 77184, "train_count": 120355, "steps": 204800, "loss": [0.09943550825119019, 0.02293800562620163, 0.07649750262498856], "lr": 0.000125, "grad_norm": 0.2598644495010376, "time": 1790366524.5289526, "seconds_this_epoch": 51.42258968949318}
{"event": "TRAIN", "epoch": 218, "cursor": 89984, "train_count": 120355, "steps": 204900, "loss": [0.08763359487056732, 0.019042382016777992, 0.06859121471643448], "lr": 0.000125, "grad_norm": 0.2621001899242401, "time": 1790366532.996221, "seconds_this_epoch": 59.88985867239535}
{"event": "TRAIN", "epoch": 218, "cursor": 102784, "train_count": 120355, "steps": 205000, "loss": [0.08802217990159988, 0.01969727873802185, 0.06832490116357803], "lr": 0.000125, "grad_norm": 0.23761822283267975, "time": 1790366541.4731233, "seconds_this_epoch": 68.36676087416708}
{"event": "TRAIN", "epoch": 218, "cursor": 115584, "train_count": 120355, "steps": 205100, "loss": [0.08871190994977951, 0.019989242777228355, 0.068722665309906], "lr": 0.000125, "grad_norm": 0.23645085096359253, "time": 1790366549.9628758, "seconds_this_epoch": 76.8565131034702}
{"epoch": 218, "train": [0.09183769536045115, 0.0207411367444327, 0.07109655860269339], "val": [0.6382928466212061, 0.03048974581368127, 0.6078030990691303], "lr": 0.000125, "best_val": 0.53043719986189, "best_epoch": 33, "seconds": 81.30697177350521, "steps": 205138, "peak_memory_bytes": 3222636544, "time": 1790366554.413599}
{"event": "TRAIN", "epoch": 219, "cursor": 7936, "train_count": 120355, "steps": 205200, "loss": [0.0932772159576416, 0.021810784935951233, 0.07146643102169037], "lr": 0.000125, "grad_norm": 0.19877280294895172, "time": 1790366559.6474738, "seconds_this_epoch": 5.156648218631744}
{"event": "TRAIN", "epoch": 219, "cursor": 20736, "train_count": 120355, "steps": 205300, "loss": [0.0901411771774292, 0.02098971977829933, 0.06915146112442017], "lr": 0.000125, "grad_norm": 0.2568385601043701, "time": 1790366568.072067, "seconds_this_epoch": 13.58124109916389}
{"event": "TRAIN", "epoch": 219, "cursor": 33536, "train_count": 120355, "steps": 205400, "loss": [0.09013805538415909, 0.02173883281648159, 0.06839922070503235], "lr": 0.000125, "grad_norm": 0.2390715479850769, "time": 1790366576.4520323, "seconds_this_epoch": 21.961206033825874}
{"event": "TRAIN", "epoch": 219, "cursor": 46336, "train_count": 120355, "steps": 205500, "loss": [0.08807452023029327, 0.02012244053184986, 0.06795208156108856], "lr": 0.000125, "grad_norm": 0.2402961403131485, "time": 1790366584.9129255, "seconds_this_epoch": 30.422099098563194}
{"event": "TRAIN", "epoch": 219, "cursor": 59136, "train_count": 120355, "steps": 205600, "loss": [0.091656394302845, 0.020344333723187447, 0.0713120624423027], "lr": 0.000125, "grad_norm": 0.26508426666259766, "time": 1790366593.3171449, "seconds_this_epoch": 38.826318537816405}
{"event": "TRAIN", "epoch": 219, "cursor": 71936, "train_count": 120355, "steps": 205700, "loss": [0.0927090048789978, 0.02141646482050419, 0.07129254192113876], "lr": 0.000125, "grad_norm": 0.21961410343647003, "time": 1790366601.8002489, "seconds_this_epoch": 47.30942280776799}
{"event": "TRAIN", "epoch": 219, "cursor": 84736, "train_count": 120355, "steps": 205800, "loss": [0.09378417581319809, 0.022983623668551445, 0.0708005502820015], "lr": 0.000125, "grad_norm": 0.2515076994895935, "time": 1790366610.2664542, "seconds_this_epoch": 55.77562807686627}
{"event": "TRAIN", "epoch": 219, "cursor": 97536, "train_count": 120355, "steps": 205900, "loss": [0.08994351327419281, 0.021069733425974846, 0.06887377798557281], "lr": 0.000125, "grad_norm": 0.2764568328857422, "time": 1790366618.7578728, "seconds_this_epoch": 64.26704662665725}
{"event": "TRAIN", "epoch": 219, "cursor": 110336, "train_count": 120355, "steps": 206000, "loss": [0.08500443398952484, 0.023229176178574562, 0.06177525967359543], "lr": 0.000125, "grad_norm": 0.26370710134506226, "time": 1790366627.2612693, "seconds_this_epoch": 72.77044317498803}
{"epoch": 219, "train": [0.09175282202914539, 0.020731170930686146, 0.07102165102858393], "val": [0.6387165335171101, 0.030519855653601352, 0.6081966756882868], "lr": 0.000125, "best_val": 0.53043719986189, "best_epoch": 33, "seconds": 80.59138194471598, "steps": 206079, "peak_memory_bytes": 3222636544, "time": 1790366635.0824692}
{"event": "TRAIN", "epoch": 220, "cursor": 2688, "train_count": 120355, "steps": 206100, "loss": [0.09837175905704498, 0.019067559391260147, 0.07930420339107513], "lr": 0.000125, "grad_norm": 0.21429243683815002, "time": 1790366636.767997, "seconds_this_epoch": 1.6077547334134579}
{"event": "TRAIN", "epoch": 220, "cursor": 15488, "train_count": 120355, "steps": 206200, "loss": [0.08875957876443863, 0.017464235424995422, 0.0712953433394432], "lr": 0.000125, "grad_norm": 0.22392751276493073, "time": 1790366645.2285607, "seconds_this_epoch": 10.068318832665682}
{"event": "TRAIN", "epoch": 220, "cursor": 28288, "train_count": 120355, "steps": 206300, "loss": [0.0949058011174202, 0.01883796788752079, 0.07606783509254456], "lr": 0.000125, "grad_norm": 0.22210057079792023, "time": 1790366653.5958843, "seconds_this_epoch": 18.435642264783382}
{"event": "TRAIN", "epoch": 220, "cursor": 41088, "train_count": 120355, "steps": 206400, "loss": [0.09732181578874588, 0.01948963850736618, 0.0778321772813797], "lr": 0.000125, "grad_norm": 0.2511778175830841, "time": 1790366662.0624716, "seconds_this_epoch": 26.9022297244519}
{"event": "TRAIN", "epoch": 220, "cursor": 53888, "train_count": 120355, "steps": 206500, "loss": [0.0930560976266861, 0.021563252434134483, 0.07149284332990646], "lr": 0.000125, "grad_norm": 0.2529999911785126, "time": 1790366670.5439773, "seconds_this_epoch": 35.38373529724777}
{"event": "TRAIN", "epoch": 220, "cursor": 66688, "train_count": 120355, "steps": 206600, "loss": [0.08851855248212814, 0.01923326589167118, 0.06928528845310211], "lr": 0.000125, "grad_norm": 0.18892017006874084, "time": 1790366678.942408, "seconds_this_epoch": 43.782166389748454}
{"event": "TRAIN", "epoch": 220, "cursor": 79488, "train_count": 120355, "steps": 206700, "loss": [0.08885800093412399, 0.020144259557127953, 0.06871373951435089], "lr": 0.000125, "grad_norm": 0.23804372549057007, "time": 1790366687.3628716, "seconds_this_epoch": 52.20262993313372}
{"event": "TRAIN", "epoch": 220, "cursor": 92288, "train_count": 120355, "steps": 206800, "loss": [0.08631593734025955, 0.019727719947695732, 0.06658821552991867], "lr": 0.000125, "grad_norm": 0.2415095567703247, "time": 1790366695.7891238, "seconds_this_epoch": 60.62888220138848}
{"event": "TRAIN", "epoch": 220, "cursor": 105088, "train_count": 120355, "steps": 206900, "loss": [0.0884421169757843, 0.018203211948275566, 0.07023890316486359], "lr": 0.000125, "grad_norm": 0.293102890253067, "time": 1790366704.1848242, "seconds_this_epoch": 69.02458273805678}
{"event": "TRAIN", "epoch": 220, "cursor": 117888, "train_count": 120355, "steps": 207000, "loss": [0.09295899420976639, 0.023518351837992668, 0.06944064050912857], "lr": 0.000125, "grad_norm": 0.27133047580718994, "time": 1790366712.6056216, "seconds_this_epoch": 77.44537949748337}
{"epoch": 220, "train": [0.09169689417256806, 0.020725137133719734, 0.07097175718003823], "val": [0.6401795026537832, 0.0305112837728825, 0.6096682192998983], "lr": 0.000125, "best_val": 0.53043719986189, "best_epoch": 33, "seconds": 80.3107164427638, "steps": 207020, "peak_memory_bytes": 3222636544, "time": 1790366715.471206}
{"event": "TRAIN", "epoch": 221, "cursor": 10240, "train_count": 120355, "steps": 207100, "loss": [0.09554155170917511, 0.019885452464222908, 0.07565610110759735], "lr": 0.000125, "grad_norm": 0.20023103058338165, "time": 1790366722.0681744, "seconds_this_epoch": 6.5208379700779915}
{"event": "TRAIN", "epoch": 221, "cursor": 23040, "train_count": 120355, "steps": 207200, "loss": [0.0862676277756691, 0.02035973034799099, 0.06590789556503296], "lr": 0.000125, "grad_norm": 0.23391802608966827, "time": 1790366730.4116528, "seconds_this_epoch": 14.864316534250975}
{"event": "TRAIN", "epoch": 221, "cursor": 35840, "train_count": 120355, "steps": 207300, "loss": [0.0938279777765274, 0.02134922705590725, 0.072478748857975], "lr": 0.000125, "grad_norm": 0.22152124345302582, "time": 1790366738.8752062, "seconds_this_epoch": 23.32787016965449}
{"event": "TRAIN", "epoch": 221, "cursor": 48640, "train_count": 120355, "steps": 207400, "loss": [0.10642680525779724, 0.022082742303609848, 0.0843440592288971], "lr": 0.000125, "grad_norm": 0.27770304679870605, "time": 1790366747.2994862, "seconds_this_epoch": 31.752149870619178}
{"event": "TRAIN", "epoch": 221, "cursor": 61440, "train_count": 120355, "steps": 207500, "loss": [0.0919114425778389, 0.019924478605389595, 0.07198696583509445], "lr": 0.000125, "grad_norm": 0.25179752707481384, "time": 1790366755.766665, "seconds_this_epoch": 40.219328586012125}
{"event": "TRAIN", "epoch": 221, "cursor": 74240, "train_count": 120355, "steps": 207600, "loss": [0.09229521453380585, 0.019227193668484688, 0.07306802272796631], "lr": 0.000125, "grad_norm": 0.279733806848526, "time": 1790366764.2351184, "seconds_this_epoch": 48.68778181821108}
{"event": "TRAIN", "epoch": 221, "cursor": 87040, "train_count": 120355, "steps": 207700, "loss": [0.09770263731479645, 0.020105736330151558, 0.07759690284729004], "lr": 0.000125, "grad_norm": 0.3568175435066223, "time": 1790366772.6262136, "seconds_this_epoch": 57.07887729071081}
{"event": "TRAIN", "epoch": 221, "cursor": 99840, "train_count": 120355, "steps": 207800, "loss": [0.08919040113687515, 0.020064158365130424, 0.06912624090909958], "lr": 0.000125, "grad_norm": 0.19739046692848206, "time": 1790366781.0757327, "seconds_this_epoch": 65.52839639224112}
{"event": "TRAIN", "epoch": 221, "cursor": 112640, "train_count": 120355, "steps": 207900, "loss": [0.086844801902771, 0.021999377757310867, 0.06484542042016983], "lr": 0.000125, "grad_norm": 0.2164379209280014, "time": 1790366789.5207028, "seconds_this_epoch": 73.97336688637733}
{"epoch": 221, "train": [0.09159777039219151, 0.020712958549752792, 0.0708848118469423], "val": [0.6391103344337333, 0.030516063813994895, 0.6085942702988041], "lr": 0.000125, "best_val": 0.53043719986189, "best_epoch": 33, "seconds": 80.386040661484, "steps": 207961, "peak_memory_bytes": 3222636544, "time": 1790366795.933629}
{"event": "TRAIN", "epoch": 222, "cursor": 4992, "train_count": 120355, "steps": 208000, "loss": [0.0919770747423172, 0.021547500044107437, 0.07042957097291946], "lr": 0.000125, "grad_norm": 0.24657383561134338, "time": 1790366799.1559727, "seconds_this_epoch": 3.146416896954179}
{"event": "TRAIN", "epoch": 222, "cursor": 17792, "train_count": 120355, "steps": 208100, "loss": [0.08799216151237488, 0.019780490547418594, 0.06821166723966599], "lr": 0.000125, "grad_norm": 0.25039708614349365, "time": 1790366807.6236877, "seconds_this_epoch": 11.614131977781653}
{"event": "TRAIN", "epoch": 222, "cursor": 30592, "train_count": 120355, "steps": 208200, "loss": [0.0905492752790451, 0.021436337381601334, 0.06911293417215347], "lr": 0.000125, "grad_norm": 0.2386064976453781, "time": 1790366816.2538068, "seconds_this_epoch": 20.244251118972898}
{"event": "TRAIN", "epoch": 222, "cursor": 43392, "train_count": 120355, "steps": 208300, "loss": [0.08763889223337173, 0.019161075353622437, 0.0684778168797493], "lr": 0.000125, "grad_norm": 0.2021779716014862, "time": 1790366824.8632836, "seconds_this_epoch": 28.853728156536818}
{"event": "TRAIN", "epoch": 222, "cursor": 56192, "train_count": 120355, "steps": 208400, "loss": [0.09049007296562195, 0.019817735999822617, 0.07067233324050903], "lr": 0.000125, "grad_norm": 0.265864759683609, "time": 1790366833.4335032, "seconds_this_epoch": 37.423947401344776}
{"event": "TRAIN", "epoch": 222, "cursor": 68992, "train_count": 120355, "steps": 208500, "loss": [0.09940001368522644, 0.02104107476770878, 0.07835894078016281], "lr": 0.000125, "grad_norm": 0.31723159551620483, "time": 1790366841.9496005, "seconds_this_epoch": 45.940044762566686}
{"event": "TRAIN", "epoch": 222, "cursor": 81792, "train_count": 120355, "steps": 208600, "loss": [0.08849819749593735, 0.020452676340937614, 0.06804551929235458], "lr": 0.000125, "grad_norm": 0.2666833698749542, "time": 1790366850.7073524, "seconds_this_epoch": 54.69779717922211}
{"event": "TRAIN", "epoch": 222, "cursor": 94592, "train_count": 120355, "steps": 208700, "loss": [0.09290153533220291, 0.020845482125878334, 0.07205605506896973], "lr": 0.000125, "grad_norm": 0.25650662183761597, "time": 1790366859.3619952, "seconds_this_epoch": 63.3524391874671}
{"event": "TRAIN", "epoch": 222, "cursor": 107392, "train_count": 120355, "steps": 208800, "loss": [0.08559688180685043, 0.02076336182653904, 0.06483352184295654], "lr": 0.000125, "grad_norm": 0.2551216781139374, "time": 1790366867.9183698, "seconds_this_epoch": 71.9088138230145}
{"event": "TRAIN", "epoch": 222, "cursor": 120192, "train_count": 120355, "steps": 208900, "loss": [0.09400872886180878, 0.020796895027160645, 0.07321183383464813], "lr": 0.000125, "grad_norm": 0.24868594110012054, "time": 1790366876.4792268, "seconds_this_epoch": 80.46967097371817}
{"epoch": 222, "train": [0.09151991992627999, 0.020704332886154697, 0.07081558707632425], "val": [0.6389542198666119, 0.030540243526650444, 0.608413978996585], "lr": 0.000125, "best_val": 0.53043719986189, "best_epoch": 33, "seconds": 81.83920011855662, "steps": 208902, "peak_memory_bytes": 3222636544, "time": 1790366877.8490844}
{"event": "TRAIN", "epoch": 223, "cursor": 12544, "train_count": 120355, "steps": 209000, "loss": [0.08756348490715027, 0.019248584285378456, 0.06831490248441696], "lr": 0.000125, "grad_norm": 0.35581111907958984, "time": 1790366886.2125113, "seconds_this_epoch": 8.286193760111928}
{"event": "TRAIN", "epoch": 223, "cursor": 25344, "train_count": 120355, "steps": 209100, "loss": [0.09275089204311371, 0.023148808628320694, 0.06960208714008331], "lr": 0.000125, "grad_norm": 0.23458097875118256, "time": 1790366894.766096, "seconds_this_epoch": 16.839778760448098}
{"event": "TRAIN", "epoch": 223, "cursor": 38144, "train_count": 120355, "steps": 209200, "loss": [0.08729882538318634, 0.018847985193133354, 0.06845083832740784], "lr": 0.000125, "grad_norm": 0.24796566367149353, "time": 1790366903.282329, "seconds_this_epoch": 25.356011444702744}
{"event": "TRAIN", "epoch": 223, "cursor": 50944, "train_count": 120355, "steps": 209300, "loss": [0.08970843255519867, 0.020417947322130203, 0.06929048150777817], "lr": 0.000125, "grad_norm": 0.25324004888534546, "time": 1790366911.7271245, "seconds_this_epoch": 33.8008069768548}
{"event": "TRAIN", "epoch": 223, "cursor": 63744, "train_count": 120355, "steps": 209400, "loss": [0.08705570548772812, 0.020511632785201073, 0.0665440708398819], "lr": 0.000125, "grad_norm": 0.23504644632339478, "time": 1790366920.298704, "seconds_this_epoch": 42.372386172413826}
{"event": "TRAIN", "epoch": 223, "cursor": 76544, "train_count": 120355, "steps": 209500, "loss": [0.09456007927656174, 0.021190444007515907, 0.07336963713169098], "lr": 0.000125, "grad_norm": 0.29130345582962036, "time": 1790366928.8728783, "seconds_this_epoch": 50.946560652926564}
{"event": "TRAIN", "epoch": 223, "cursor": 89344, "train_count": 120355, "steps": 209600, "loss": [0.08664485067129135, 0.02042388916015625, 0.0662209615111351], "lr": 0.000125, "grad_norm": 0.2449389100074768, "time": 1790366937.3323052, "seconds_this_epoch": 59.405987383797765}
{"event": "TRAIN", "epoch": 223, "cursor": 102144, "train_count": 120355, "steps": 209700, "loss": [0.09668852388858795, 0.01953757368028164, 0.07715094834566116], "lr": 0.000125, "grad_norm": 0.22806604206562042, "time": 1790366945.8583276, "seconds_this_epoch": 67.93200992420316}
{"event": "TRAIN", "epoch": 223, "cursor": 114944, "train_count": 120355, "steps": 209800, "loss": [0.08978424221277237, 0.02100578136742115, 0.06877846270799637], "lr": 0.000125, "grad_norm": 0.2780057191848755, "time": 1790366954.5918715, "seconds_this_epoch": 76.66555388644338}
{"epoch": 223, "train": [0.09144533245995407, 0.020695958803415394, 0.07074937365005411], "val": [0.6401639841218355, 0.030554422549847676, 0.6096095626239394], "lr": 0.000125, "best_val": 0.53043719986189, "best_epoch": 33, "seconds": 81.48171779327095, "steps": 209843, "peak_memory_bytes": 3222636544, "time": 1790366959.408286}
{"event": "TRAIN", "epoch": 224, "cursor": 7296, "train_count": 120355, "steps": 209900, "loss": [0.08147764205932617, 0.018066545948386192, 0.06341109424829483], "lr": 0.000125, "grad_norm": 0.2369457334280014, "time": 1790366964.266118, "seconds_this_epoch": 4.782072147354484}
{"event": "TRAIN", "epoch": 224, "cursor": 20096, "train_count": 120355, "steps": 210000, "loss": [0.10250311344861984, 0.021749285981059074, 0.08075382560491562], "lr": 0.000125, "grad_norm": 0.23672564327716827, "time": 1790366972.847863, "seconds_this_epoch": 13.363817261531949}
{"event": "TRAIN", "epoch": 224, "cursor": 32896, "train_count": 120355, "steps": 210100, "loss": [0.09048590809106827, 0.01979386992752552, 0.0706920400261879], "lr": 0.000125, "grad_norm": 0.28367727994918823, "time": 1790366981.4083514, "seconds_this_epoch": 21.924305379390717}
{"event": "TRAIN", "epoch": 224, "cursor": 45696, "train_count": 120355, "steps": 210200, "loss": [0.09119860082864761, 0.020365232601761818, 0.07083337008953094], "lr": 0.000125, "grad_norm": 0.25694650411605835, "time": 1790366989.8548782, "seconds_this_epoch": 30.370832219719887}
{"event": "TRAIN", "epoch": 224, "cursor": 58496, "train_count": 120355, "steps": 210300, "loss": [0.08812780678272247, 0.019710682332515717, 0.06841712445020676], "lr": 0.000125, "grad_norm": 0.24384883046150208, "time": 1790366998.4485986, "seconds_this_epoch": 38.96455240622163}
{"event": "TRAIN", "epoch": 224, "cursor": 71296, "train_count": 120355, "steps": 210400, "loss": [0.08203428983688354, 0.020249975845217705, 0.06178431585431099], "lr": 0.000125, "grad_norm": 0.232637420296669, "time": 1790367007.0007715, "seconds_this_epoch": 47.516725566238165}
{"event": "TRAIN", "epoch": 224, "cursor": 84096, "train_count": 120355, "steps": 210500, "loss": [0.09518120437860489, 0.021346256136894226, 0.07383494824171066], "lr": 0.000125, "grad_norm": 0.27674412727355957, "time": 1790367015.5416257, "seconds_this_epoch": 56.057579627260566}
{"event": "TRAIN", "epoch": 224, "cursor": 96896, "train_count": 120355, "steps": 210600, "loss": [0.09158879518508911, 0.02098950743675232, 0.07059928774833679], "lr": 0.000125, "grad_norm": 0.23369050025939941, "time": 1790367024.0016842, "seconds_this_epoch": 64.51763791590929}
{"event": "TRAIN", "epoch": 224, "cursor": 109696, "train_count": 120355, "steps": 210700, "loss": [0.08761151134967804, 0.02114642783999443, 0.06646508723497391], "lr": 0.000125, "grad_norm": 0.2580358684062958, "time": 1790367032.604884, "seconds_this_epoch": 73.12083794362843}
{"epoch": 224, "train": [0.09135242742560777, 0.02068323106629754, 0.07066919627809083], "val": [0.6400515752889923, 0.03054290076518822, 0.6095086710202705], "lr": 0.000125, "best_val": 0.53043719986189, "best_epoch": 33, "seconds": 81.5263746585697, "steps": 210784, "peak_memory_bytes": 3222636544, "time": 1790367041.0106046}
{"event": "TRAIN", "epoch": 225, "cursor": 2048, "train_count": 120355, "steps": 210800, "loss": [0.0913575068116188, 0.020820660516619682, 0.07053684443235397], "lr": 0.000125, "grad_norm": 0.24019449949264526, "time": 1790367042.3334234, "seconds_this_epoch": 1.2464807573705912}
{"event": "TRAIN", "epoch": 225, "cursor": 14848, "train_count": 120355, "steps": 210900, "loss": [0.08464785665273666, 0.021343989297747612, 0.0633038654923439], "lr": 0.000125, "grad_norm": 0.26194316148757935, "time": 1790367050.9130247, "seconds_this_epoch": 9.826082184910774}
{"event": "TRAIN", "epoch": 225, "cursor": 27648, "train_count": 120355, "steps": 211000, "loss": [0.09518876671791077, 0.019339164718985558, 0.07584960013628006], "lr": 0.000125, "grad_norm": 0.24864043295383453, "time": 1790367059.473339, "seconds_this_epoch": 18.386396711692214}
{"event": "TRAIN", "epoch": 225, "cursor": 40448, "train_count": 120355, "steps": 211100, "loss": [0.0866319015622139, 0.02116040699183941, 0.06547149270772934], "lr": 0.000125, "grad_norm": 0.21734343469142914, "time": 1790367068.0181036, "seconds_this_epoch": 26.93116106837988}
{"event": "TRAIN", "epoch": 225, "cursor": 53248, "train_count": 120355, "steps": 211200, "loss": [0.08993160724639893, 0.020291965454816818, 0.0696396455168724], "lr": 0.000125, "grad_norm": 0.26667019724845886, "time": 1790367076.6063209, "seconds_this_epoch": 35.51937804929912}
{"event": "TRAIN", "epoch": 225, "cursor": 66048, "train_count": 120355, "steps": 211300, "loss": [0.09290719777345657, 0.019424928352236748, 0.07348226755857468], "lr": 0.000125, "grad_norm": 0.2604188621044159, "time": 1790367085.211813, "seconds_this_epoch": 44.1248705945909}
{"event": "TRAIN", "epoch": 225, "cursor": 78848, "train_count": 120355, "steps": 211400, "loss": [0.09434644877910614, 0.019895153120160103, 0.07445129752159119], "lr": 0.000125, "grad_norm": 0.32950207591056824, "time": 1790367093.7416801, "seconds_this_epoch": 52.65473783202469}
{"event": "TRAIN", "epoch": 225, "cursor": 91648, "train_count": 120355, "steps": 211500, "loss": [0.08925267308950424, 0.02125253714621067, 0.06800013780593872], "lr": 0.000125, "grad_norm": 0.29438158869743347, "time": 1790367102.19339, "seconds_this_epoch": 61.10644733160734}
{"event": "TRAIN", "epoch": 225, "cursor": 104448, "train_count": 120355, "steps": 211600, "loss": [0.08770278096199036, 0.022077329456806183, 0.06562545150518417], "lr": 0.000125, "grad_norm": 0.2591451406478882, "time": 1790367110.7457268, "seconds_this_epoch": 69.65878433734179}
{"event": "TRAIN", "epoch": 225, "cursor": 117248, "train_count": 120355, "steps": 211700, "loss": [0.08559463918209076, 0.01853899285197258, 0.06705565005540848], "lr": 0.000125, "grad_norm": 0.2283620834350586, "time": 1790367119.294866, "seconds_this_epoch": 78.2079238127917}
{"epoch": 225, "train": [0.09126285037448234, 0.020676318730673483, 0.07058653173691402], "val": [0.6400886767644423, 0.030578654619380096, 0.6095100188019958], "lr": 0.000125, "best_val": 0.53043719986189, "best_epoch": 33, "seconds": 81.4920843206346, "steps": 211725, "peak_memory_bytes": 3222636544, "time": 1790367122.5792115}
{"event": "TRAIN", "epoch": 226, "cursor": 9600, "train_count": 120355, "steps": 211800, "loss": [0.09160226583480835, 0.021565962582826614, 0.07003629952669144], "lr": 0.000125, "grad_norm": 0.2609710395336151, "time": 1790367128.9913132, "seconds_this_epoch": 6.337482795119286}
{"event": "TRAIN", "epoch": 226, "cursor": 22400, "train_count": 120355, "steps": 211900, "loss": [0.10886742174625397, 0.020934447646141052, 0.08793297410011292], "lr": 0.000125, "grad_norm": 0.27438613772392273, "time": 1790367137.5621746, "seconds_this_epoch": 14.908344514667988}
{"event": "TRAIN", "epoch": 226, "cursor": 35200, "train_count": 120355, "steps": 212000, "loss": [0.08388195931911469, 0.01974603533744812, 0.06413592398166656], "lr": 0.000125, "grad_norm": 0.22951486706733704, "time": 1790367146.0885146, "seconds_this_epoch": 23.43468434922397}
{"event": "TRAIN", "epoch": 226, "cursor": 48000, "train_count": 120355, "steps": 212100, "loss": [0.09364474564790726, 0.0228698942810297, 0.0707748532295227], "lr": 0.000125, "grad_norm": 0.24819499254226685, "time": 1790367154.6431808, "seconds_this_epoch": 31.989350579679012}
{"event": "TRAIN", "epoch": 226, "cursor": 60800, "train_count": 120355, "steps": 212200, "loss": [0.08455981314182281, 0.02284955233335495, 0.061710257083177567], "lr": 0.000125, "grad_norm": 0.21301567554473877, "time": 1790367163.195252, "seconds_this_epoch": 40.54142174497247}
{"event": "TRAIN", "epoch": 226, "cursor": 73600, "train_count": 120355, "steps": 212300, "loss": [0.0929989293217659, 0.02092967927455902, 0.07206925004720688], "lr": 0.000125, "grad_norm": 0.228352352976799, "time": 1790367171.6793098, "seconds_this_epoch": 49.025479417294264}
{"event": "TRAIN", "epoch": 226, "cursor": 86400, "train_count": 120355, "steps": 212400, "loss": [0.0869537889957428, 0.02074565552175045, 0.0662081316113472], "lr": 0.000125, "grad_norm": 0.28920871019363403, "time": 1790367180.1541245, "seconds_this_epoch": 57.50029441528022}
{"event": "TRAIN", "epoch": 226, "cursor": 99200, "train_count": 120355, "steps": 212500, "loss": [0.08375485986471176, 0.01853836514055729, 0.06521649658679962], "lr": 0.000125, "grad_norm": 0.313997358083725, "time": 1790367188.6334672, "seconds_this_epoch": 65.97963677160442}
{"event": "TRAIN", "epoch": 226, "cursor": 112000, "train_count": 120355, "steps": 212600, "loss": [0.09119970351457596, 0.018506349995732307, 0.0726933553814888], "lr": 0.000125, "grad_norm": 0.23479965329170227, "time": 1790367197.1305573, "seconds_this_epoch": 74.4767269231379}
{"epoch": 226, "train": [0.09121549412441622, 0.020666790477011282, 0.07054870352350201], "val": [0.6412995745955276, 0.03058943895034151, 0.6107101426522531], "lr": 0.000125, "best_val": 0.53043719986189, "best_epoch": 33, "seconds": 81.29293579608202, "steps": 212666, "peak_memory_bytes": 3222636544, "time": 1790367203.9469573}
{"event": "TRAIN", "epoch": 227, "cursor": 4352, "train_count": 120355, "steps": 212700, "loss": [0.09134380519390106, 0.022740423679351807, 0.06860338151454926], "lr": 0.000125, "grad_norm": 0.26500585675239563, "time": 1790367206.802024, "seconds_this_epoch": 2.7792350910604}
{"event": "TRAIN", "epoch": 227, "cursor": 17152, "train_count": 120355, "steps": 212800, "loss": [0.09090638160705566, 0.019334590062499046, 0.07157178968191147], "lr": 0.000125, "grad_norm": 0.2890777885913849, "time": 1790367215.5125191, "seconds_this_epoch": 11.489730320870876}
{"event": "TRAIN", "epoch": 227, "cursor": 29952, "train_count": 120355, "steps": 212900, "loss": [0.09141731262207031, 0.02001042664051056, 0.07140688598155975], "lr": 0.000125, "grad_norm": 0.23921643197536469, "time": 1790367224.1064353, "seconds_this_epoch": 20.083646431565285}
{"event": "TRAIN", "epoch": 227, "cursor": 42752, "train_count": 120355, "steps": 213000, "loss": [0.08273936808109283, 0.021581310778856277, 0.06115805357694626], "lr": 0.000125, "grad_norm": 0.31818440556526184, "time": 1790367232.671368, "seconds_this_epoch": 28.648579010739923}
{"event": "TRAIN", "epoch": 227, "cursor": 55552, "train_count": 120355, "steps": 213100, "loss": [0.09880444407463074, 0.020325591787695885, 0.0784788504242897], "lr": 0.000125, "grad_norm": 0.25504070520401, "time": 1790367241.1708462, "seconds_this_epoch": 37.148068295791745}
{"event": "TRAIN", "epoch": 227, "cursor": 68352, "train_count": 120355, "steps": 213200, "loss": [0.09201237559318542, 0.020835282281041145, 0.07117709517478943], "lr": 0.000125, "grad_norm": 0.25305986404418945, "time": 1790367249.6875727, "seconds_this_epoch": 45.66478372551501}
{"event": "TRAIN", "epoch": 227, "cursor": 81152, "train_count": 120355, "steps": 213300, "loss": [0.08870090544223785, 0.021705234423279762, 0.06699567288160324], "lr": 0.000125, "grad_norm": 0.21060819923877716, "time": 1790367258.2367132, "seconds_this_epoch": 54.2139244209975}
{"event": "TRAIN", "epoch": 227, "cursor": 93952, "train_count": 120355, "steps": 213400, "loss": [0.09617026150226593, 0.023876352235674858, 0.07229390740394592], "lr": 0.000125, "grad_norm": 0.24341273307800293, "time": 1790367266.7945445, "seconds_this_epoch": 62.77175537124276}
{"event": "TRAIN", "epoch": 227, "cursor": 106752, "train_count": 120355, "steps": 213500, "loss": [0.1014801412820816, 0.023728210479021072, 0.07775193452835083], "lr": 0.000125, "grad_norm": 0.26697874069213867, "time": 1790367275.2980926, "seconds_this_epoch": 71.27530343830585}
{"event": "TRAIN", "epoch": 227, "cursor": 119552, "train_count": 120355, "steps": 213600, "loss": [0.0902886912226677, 0.01954645663499832, 0.07074223458766937], "lr": 0.000125, "grad_norm": 0.2589033544063568, "time": 1790367283.7627473, "seconds_this_epoch": 79.73995832540095}
{"epoch": 227, "train": [0.09113043588939204, 0.02065852970402708, 0.07047190622246155], "val": [0.6407714682426989, 0.030540058490155238, 0.6102314120525734], "lr": 0.000125, "best_val": 0.53043719986189, "best_epoch": 33, "seconds": 81.55347131937742, "steps": 213607, "peak_memory_bytes": 3222636544, "time": 1790367285.5764565}
{"event": "TRAIN", "epoch": 228, "cursor": 11904, "train_count": 120355, "steps": 213700, "loss": [0.08647263795137405, 0.020839741453528404, 0.0656328946352005], "lr": 0.000125, "grad_norm": 0.32224974036216736, "time": 1790367293.5105717, "seconds_this_epoch": 7.857510831207037}
{"event": "TRAIN", "epoch": 228, "cursor": 24704, "train_count": 120355, "steps": 213800, "loss": [0.08633510768413544, 0.021583862602710724, 0.06475124508142471], "lr": 0.000125, "grad_norm": 0.25336647033691406, "time": 1790367302.038577, "seconds_this_epoch": 16.385515896603465}
{"event": "TRAIN", "epoch": 228, "cursor": 37504, "train_count": 120355, "steps": 213900, "loss": [0.10065189003944397, 0.020053323358297348, 0.08059857040643692], "lr": 0.000125, "grad_norm": 0.25360122323036194, "time": 1790367310.5634704, "seconds_this_epoch": 24.91040911898017}
{"event": "TRAIN", "epoch": 228, "cursor": 50304, "train_count": 120355, "steps": 214000, "loss": [0.08853134512901306, 0.018626710399985313, 0.0699046328663826], "lr": 0.000125, "grad_norm": 0.3987567126750946, "time": 1790367319.0286603, "seconds_this_epoch": 33.3755990806967}
{"event": "TRAIN", "epoch": 228, "cursor": 63104, "train_count": 120355, "steps": 214100, "loss": [0.08963483572006226, 0.022988416254520416, 0.06664641946554184], "lr": 0.000125, "grad_norm": 0.30305856466293335, "time": 1790367327.4924946, "seconds_this_epoch": 41.83943326026201}
{"event": "TRAIN", "epoch": 228, "cursor": 75904, "train_count": 120355, "steps": 214200, "loss": [0.08444294333457947, 0.019668711349368095, 0.06477423012256622], "lr": 0.000125, "grad_norm": 0.2453160434961319, "time": 1790367336.0572846, "seconds_this_epoch": 50.4042232837528}
{"event": "TRAIN", "epoch": 228, "cursor": 88704, "train_count": 120355, "steps": 214300, "loss": [0.09045371413230896, 0.018994003534317017, 0.07145971059799194], "lr": 0.000125, "grad_norm": 0.23964154720306396, "time": 1790367344.7188241, "seconds_this_epoch": 59.06576340459287}
{"event": "TRAIN", "epoch": 228, "cursor": 101504, "train_count": 120355, "steps": 214400, "loss": [0.10278084874153137, 0.022413721308112144, 0.08036712557077408], "lr": 0.000125, "grad_norm": 0.244927316904068, "time": 1790367353.223476, "seconds_this_epoch": 67.57041501626372}
{"event": "TRAIN", "epoch": 228, "cursor": 114304, "train_count": 120355, "steps": 214500, "loss": [0.09173388034105301, 0.021289192140102386, 0.07044468820095062], "lr": 0.000125, "grad_norm": 0.3205876350402832, "time": 1790367361.727489, "seconds_this_epoch": 76.07442768104374}
{"epoch": 228, "train": [0.09107886963538202, 0.020648441979068302, 0.07043042763145883], "val": [0.6410869713354496, 0.03054224754784801, 0.6105447181355906], "lr": 0.000125, "best_val": 0.53043719986189, "best_epoch": 33, "seconds": 81.30541258491576, "steps": 214548, "peak_memory_bytes": 3222636544, "time": 1790367366.958709}
{"event": "TRAIN", "epoch": 229, "cursor": 6656, "train_count": 120355, "steps": 214600, "loss": [0.08910107612609863, 0.020558025687932968, 0.06854305416345596], "lr": 0.000125, "grad_norm": 0.2638643980026245, "time": 1790367371.4099073, "seconds_this_epoch": 4.375559210777283}
{"event": "TRAIN", "epoch": 229, "cursor": 19456, "train_count": 120355, "steps": 214700, "loss": [0.09094221889972687, 0.020242959260940552, 0.07069925963878632], "lr": 0.000125, "grad_norm": 0.21769794821739197, "time": 1790367380.0664444, "seconds_this_epoch": 13.032096352428198}
{"event": "TRAIN", "epoch": 229, "cursor": 32256, "train_count": 120355, "steps": 214800, "loss": [0.0934043601155281, 0.021786220371723175, 0.07161813974380493], "lr": 0.000125, "grad_norm": 0.23705218732357025, "time": 1790367388.5677958, "seconds_this_epoch": 21.533447198569775}
{"event": "TRAIN", "epoch": 229, "cursor": 45056, "train_count": 120355, "steps": 214900, "loss": [0.0949280709028244, 0.019764620810747147, 0.07516344636678696], "lr": 0.000125, "grad_norm": 0.3486117422580719, "time": 1790367397.1073718, "seconds_this_epoch": 30.073023449629545}
{"event": "TRAIN", "epoch": 229, "cursor": 57856, "train_count": 120355, "steps": 215000, "loss": [0.09210202842950821, 0.020823342725634575, 0.07127868384122849], "lr": 0.000125, "grad_norm": 0.2554326355457306, "time": 1790367405.658846, "seconds_this_epoch": 38.62451291270554}
{"event": "TRAIN", "epoch": 229, "cursor": 70656, "train_count": 120355, "steps": 215100, "loss": [0.09674540907144547, 0.020821765065193176, 0.07592364400625229], "lr": 0.000125, "grad_norm": 0.28625673055648804, "time": 1790367414.1982656, "seconds_this_epoch": 47.163917595520616}
{"event": "TRAIN", "epoch": 229, "cursor": 83456, "train_count": 120355, "steps": 215200, "loss": [0.0885595828294754, 0.021034013479948044, 0.06752557307481766], "lr": 0.000125, "grad_norm": 0.23797443509101868, "time": 1790367422.7638884, "seconds_this_epoch": 55.72954015247524}
{"event": "TRAIN", "epoch": 229, "cursor": 96256, "train_count": 120355, "steps": 215300, "loss": [0.08851859718561172, 0.019746609032154083, 0.06877198815345764], "lr": 0.000125, "grad_norm": 0.2651999592781067, "time": 1790367431.238032, "seconds_this_epoch": 64.20368384383619}
{"event": "TRAIN", "epoch": 229, "cursor": 109056, "train_count": 120355, "steps": 215400, "loss": [0.10259365290403366, 0.02310974895954132, 0.07948390394449234], "lr": 0.000125, "grad_norm": 0.24637776613235474, "time": 1790367439.8449612, "seconds_this_epoch": 72.81061313673854}
{"epoch": 229, "train": [0.09101704491234199, 0.02063932002064612, 0.0703777247971514], "val": [0.6417480307426989, 0.030546518595961088, 0.6112015153560816], "lr": 0.000125, "best_val": 0.53043719986189, "best_epoch": 33, "seconds": 81.65744799934328, "steps": 215489, "peak_memory_bytes": 3222636544, "time": 1790367448.6920476}
{"event": "TRAIN", "epoch": 230, "cursor": 1408, "train_count": 120355, "steps": 215500, "loss": [0.09348433464765549, 0.020427053794264793, 0.07305727899074554], "lr": 0.000125, "grad_norm": 0.2243223637342453, "time": 1790367449.7456112, "seconds_this_epoch": 0.8106962069869041}
{"event": "TRAIN", "epoch": 230, "cursor": 14208, "train_count": 120355, "steps": 215600, "loss": [0.0885486975312233, 0.02055271901190281, 0.06799598038196564], "lr": 0.000125, "grad_norm": 0.2497422695159912, "time": 1790367458.254938, "seconds_this_epoch": 9.320022776722908}
{"event": "TRAIN", "epoch": 230, "cursor": 27008, "train_count": 120355, "steps": 215700, "loss": [0.0907897874712944, 0.018852075561881065, 0.07193771004676819], "lr": 0.000125, "grad_norm": 0.28461745381355286, "time": 1790367466.848098, "seconds_this_epoch": 17.913183083757758}
{"event": "TRAIN", "epoch": 230, "cursor": 39808, "train_count": 120355, "steps": 215800, "loss": [0.08861791342496872, 0.020400404930114746, 0.06821750849485397], "lr": 0.000125, "grad_norm": 0.24165281653404236, "time": 1790367475.3672307, "seconds_this_epoch": 26.43231574073434}
{"event": "TRAIN", "epoch": 230, "cursor": 52608, "train_count": 120355, "steps": 215900, "loss": [0.08956274390220642, 0.020435379818081856, 0.06912736594676971], "lr": 0.000125, "grad_norm": 0.2225942462682724, "time": 1790367483.8825455, "seconds_this_epoch": 34.94763036817312}
{"event": "TRAIN", "epoch": 230, "cursor": 65408, "train_count": 120355, "steps": 216000, "loss": [0.08765707165002823, 0.02085152268409729, 0.06680554896593094], "lr": 0.000125, "grad_norm": 0.23256225883960724, "time": 1790367492.4318943, "seconds_this_epoch": 43.496979255229235}
{"event": "TRAIN", "epoch": 230, "cursor": 78208, "train_count": 120355, "steps": 216100, "loss": [0.09681912511587143, 0.01969110779464245, 0.07712801545858383], "lr": 0.000125, "grad_norm": 0.278739333152771, "time": 1790367500.8963354, "seconds_this_epoch": 51.96142044477165}
{"event": "TRAIN", "epoch": 230, "cursor": 91008, "train_count": 120355, "steps": 216200, "loss": [0.09020854532718658, 0.021022986620664597, 0.06918556243181229], "lr": 0.000125, "grad_norm": 0.2710030972957611, "time": 1790367509.4551423, "seconds_this_epoch": 60.520227240398526}
{"event": "TRAIN", "epoch": 230, "cursor": 103808, "train_count": 120355, "steps": 216300, "loss": [0.09233982115983963, 0.02307756431400776, 0.06926225870847702], "lr": 0.000125, "grad_norm": 0.2570379674434662, "time": 1790367518.0041668, "seconds_this_epoch": 69.06925201229751}
{"event": "TRAIN", "epoch": 230, "cursor": 116608, "train_count": 120355, "steps": 216400, "loss": [0.09976301342248917, 0.022671477869153023, 0.07709153741598129], "lr": 0.000125, "grad_norm": 0.2501816749572754, "time": 1790367526.50744, "seconds_this_epoch": 77.57252522557974}
{"epoch": 230, "train": [0.09095798141613326, 0.020635133331036355, 0.0703228480865362], "val": [0.6413569202545764, 0.03055809491271927, 0.6107988288364758], "lr": 0.000125, "best_val": 0.53043719986189, "best_epoch": 33, "seconds": 81.28669748455286, "steps": 216430, "peak_memory_bytes": 3222636544, "time": 1790367530.2217948}
{"event": "TRAIN", "epoch": 231, "cursor": 8960, "train_count": 120355, "steps": 216500, "loss": [0.09114856272935867, 0.02104339562356472, 0.0701051652431488], "lr": 0.000125, "grad_norm": 0.24503996968269348, "time": 1790367536.1614885, "seconds_this_epoch": 5.864759976044297}
{"event": "TRAIN", "epoch": 231, "cursor": 21760, "train_count": 120355, "steps": 216600, "loss": [0.08069999516010284, 0.01964319683611393, 0.061056796461343765], "lr": 0.000125, "grad_norm": 0.21824948489665985, "time": 1790367544.7188628, "seconds_this_epoch": 14.42213441990316}
{"event": "TRAIN", "epoch": 231, "cursor": 34560, "train_count": 120355, "steps": 216700, "loss": [0.08867347240447998, 0.02040151320397854, 0.06827195733785629], "lr": 0.000125, "grad_norm": 0.2351442277431488, "time": 1790367553.2110476, "seconds_this_epoch": 22.914319219067693}
{"event": "TRAIN", "epoch": 231, "cursor": 47360, "train_count": 120355, "steps": 216800, "loss": [0.09145626425743103, 0.019845549017190933, 0.0716107115149498], "lr": 0.000125, "grad_norm": 0.2665424346923828, "time": 1790367561.8177152, "seconds_this_epoch": 31.520986899733543}
{"event": "TRAIN", "epoch": 231, "cursor": 60160, "train_count": 120355, "steps": 216900, "loss": [0.08450481295585632, 0.02024410292506218, 0.06426070630550385], "lr": 0.000125, "grad_norm": 0.24543142318725586, "time": 1790367570.3387382, "seconds_this_epoch": 40.0420095436275}
{"event": "TRAIN", "epoch": 231, "cursor": 72960, "train_count": 120355, "steps": 217000, "loss": [0.0901866927742958, 0.019608644768595695, 0.07057804614305496], "lr": 0.000125, "grad_norm": 0.27836066484451294, "time": 1790367578.8023558, "seconds_this_epoch": 48.50562708824873}
{"event": "TRAIN", "epoch": 231, "cursor": 85760, "train_count": 120355, "steps": 217100, "loss": [0.08524105697870255, 0.018789375200867653, 0.06645168364048004], "lr": 0.000125, "grad_norm": 0.2850072383880615, "time": 1790367587.3293953, "seconds_this_epoch": 57.032666731625795}
{"event": "TRAIN", "epoch": 231, "cursor": 98560, "train_count": 120355, "steps": 217200, "loss": [0.0906059592962265, 0.01933305151760578, 0.07127290964126587], "lr": 0.000125, "grad_norm": 0.259520560503006, "time": 1790367595.9110658, "seconds_this_epoch": 65.61433726362884}
{"event": "TRAIN", "epoch": 231, "cursor": 111360, "train_count": 120355, "steps": 217300, "loss": [0.09009283781051636, 0.02022993005812168, 0.06986290961503983], "lr": 0.000125, "grad_norm": 0.2512561082839966, "time": 1790367604.4435925, "seconds_this_epoch": 74.14686379395425}
{"epoch": 231, "train": [0.09086553637278966, 0.020621212222420908, 0.07024432416873908], "val": [0.6428399844830028, 0.03055074117406913, 0.6122892489876891], "lr": 0.000125, "best_val": 0.53043719986189, "best_epoch": 33, "seconds": 81.36256015487015, "steps": 217371, "peak_memory_bytes": 3222636544, "time": 1790367611.6594877}
{"event": "TRAIN", "epoch": 232, "cursor": 3712, "train_count": 120355, "steps": 217400, "loss": [0.08465104550123215, 0.021118642762303352, 0.06353240460157394], "lr": 0.000125, "grad_norm": 0.22443445026874542, "time": 1790367614.0679817, "seconds_this_epoch": 2.3321391120553017}
{"event": "TRAIN", "epoch": 232, "cursor": 16512, "train_count": 120355, "steps": 217500, "loss": [0.0896545946598053, 0.01984589733183384, 0.06980869919061661], "lr": 0.000125, "grad_norm": 0.24994871020317078, "time": 1790367622.6503506, "seconds_this_epoch": 10.914508061483502}
{"event": "TRAIN", "epoch": 232, "cursor": 29312, "train_count": 120355, "steps": 217600, "loss": [0.09453918039798737, 0.019047152251005173, 0.07549203187227249], "lr": 0.000125, "grad_norm": 0.23089489340782166, "time": 1790367631.1631713, "seconds_this_epoch": 19.4273283444345}
{"event": "TRAIN", "epoch": 232, "cursor": 42112, "train_count": 120355, "steps": 217700, "loss": [0.09993387758731842, 0.022538339719176292, 0.07739553600549698], "lr": 0.000125, "grad_norm": 0.2786343991756439, "time": 1790367639.6233082, "seconds_this_epoch": 27.887465564534068}
{"event": "TRAIN", "epoch": 232, "cursor": 54912, "train_count": 120355, "steps": 217800, "loss": [0.07978508621454239, 0.018196847289800644, 0.061588238924741745], "lr": 0.000125, "grad_norm": 0.24653682112693787, "time": 1790367648.2031417, "seconds_this_epoch": 36.46729896776378}
{"event": "TRAIN", "epoch": 232, "cursor": 67712, "train_count": 120355, "steps": 217900, "loss": [0.09117048978805542, 0.01990950107574463, 0.07126098871231079], "lr": 0.000125, "grad_norm": 0.2774955630302429, "time": 1790367656.6751037, "seconds_this_epoch": 44.93926099687815}
{"event": "TRAIN", "epoch": 232, "cursor": 80512, "train_count": 120355, "steps": 218000, "loss": [0.08836445212364197, 0.022344473749399185, 0.06601998209953308], "lr": 0.000125, "grad_norm": 0.23800311982631683, "time": 1790367665.1933248, "seconds_this_epoch": 53.45748208463192}
{"event": "TRAIN", "epoch": 232, "cursor": 93312, "train_count": 120355, "steps": 218100, "loss": [0.08351043611764908, 0.019820183515548706, 0.06369025260210037], "lr": 0.000125, "grad_norm": 0.2284901887178421, "time": 1790367673.6083908, "seconds_this_epoch": 61.872548297047615}
{"event": "TRAIN", "epoch": 232, "cursor": 106112, "train_count": 120355, "steps": 218200, "loss": [0.09161053597927094, 0.020327657461166382, 0.07128287851810455], "lr": 0.000125, "grad_norm": 0.23634664714336395, "time": 1790367682.2142665, "seconds_this_epoch": 70.47842404805124}
{"event": "TRAIN", "epoch": 232, "cursor": 118912, "train_count": 120355, "steps": 218300, "loss": [0.1014132872223854, 0.022101104259490967, 0.07931218296289444], "lr": 0.000125, "grad_norm": 0.2852393686771393, "time": 1790367690.6776993, "seconds_this_epoch": 78.94185701198876}
{"epoch": 232, "train": [0.09081066263937335, 0.02061544434585652, 0.07019521835204805], "val": [0.6427614774099196, 0.030588313041245405, 0.6121731586096852], "lr": 0.000125, "best_val": 0.53043719986189, "best_epoch": 33, "seconds": 81.1552443485707, "steps": 218312, "peak_memory_bytes": 3222636544, "time": 1790367692.8913608}
{"event": "TRAIN", "epoch": 233, "cursor": 11264, "train_count": 120355, "steps": 218400, "loss": [0.0988219752907753, 0.0193179938942194, 0.07950398325920105], "lr": 0.000125, "grad_norm": 0.33243346214294434, "time": 1790367700.3376744, "seconds_this_epoch": 7.37050892598927}
{"event": "TRAIN", "epoch": 233, "cursor": 24064, "train_count": 120355, "steps": 218500, "loss": [0.09351944178342819, 0.02324862591922283, 0.07027081400156021], "lr": 0.000125, "grad_norm": 0.27359166741371155, "time": 1790367708.9500833, "seconds_this_epoch": 15.982917502522469}
{"event": "TRAIN", "epoch": 233, "cursor": 36864, "train_count": 120355, "steps": 218600, "loss": [0.08738674968481064, 0.02177802287042141, 0.06560872495174408], "lr": 0.000125, "grad_norm": 0.31908902525901794, "time": 1790367717.473787, "seconds_this_epoch": 24.506621150299907}
{"event": "TRAIN", "epoch": 233, "cursor": 49664, "train_count": 120355, "steps": 218700, "loss": [0.08677251636981964, 0.02185465767979622, 0.06491786241531372], "lr": 0.000125, "grad_norm": 0.27664729952812195, "time": 1790367726.0525558, "seconds_this_epoch": 33.08538994565606}
{"event": "TRAIN", "epoch": 233, "cursor": 62464, "train_count": 120355, "steps": 218800, "loss": [0.08441583067178726, 0.02277996949851513, 0.06163586303591728], "lr": 0.000125, "grad_norm": 0.29619553685188293, "time": 1790367734.6004972, "seconds_this_epoch": 41.633331302553415}
{"event": "TRAIN", "epoch": 233, "cursor": 75264, "train_count": 120355, "steps": 218900, "loss": [0.09521038085222244, 0.01975654810667038, 0.07545383274555206], "lr": 0.000125, "grad_norm": 0.2424032986164093, "time": 1790367743.056948, "seconds_this_epoch": 50.089782018214464}
{"event": "TRAIN", "epoch": 233, "cursor": 88064, "train_count": 120355, "steps": 219000, "loss": [0.08557171374559402, 0.020122667774558067, 0.06544904410839081], "lr": 0.000125, "grad_norm": 0.3123306930065155, "time": 1790367751.576506, "seconds_this_epoch": 58.609340185299516}
{"event": "TRAIN", "epoch": 233, "cursor": 100864, "train_count": 120355, "steps": 219100, "loss": [0.09759533405303955, 0.022086646407842636, 0.07550868391990662], "lr": 0.000125, "grad_norm": 0.2325100302696228, "time": 1790367760.0690942, "seconds_this_epoch": 67.10192828066647}
{"event": "TRAIN", "epoch": 233, "cursor": 113664, "train_count": 120355, "steps": 219200, "loss": [0.08623010665178299, 0.020571304485201836, 0.065658800303936], "lr": 0.000125, "grad_norm": 0.2528921365737915, "time": 1790367768.6022844, "seconds_this_epoch": 75.63511846587062}
{"epoch": 233, "train": [0.09070834767674336, 0.020603472676407806, 0.07010487489732557], "val": [0.643036545267941, 0.03056436052338078, 0.612472189888425], "lr": 0.000125, "best_val": 0.53043719986189, "best_epoch": 33, "seconds": 81.35818670131266, "steps": 219253, "peak_memory_bytes": 3222636544, "time": 1790367774.325613}
{"event": "TRAIN", "epoch": 234, "cursor": 6016, "train_count": 120355, "steps": 219300, "loss": [0.09221022576093674, 0.02333891950547695, 0.06887130439281464], "lr": 0.000125, "grad_norm": 0.2617833614349365, "time": 1790367778.3499646, "seconds_this_epoch": 3.9478263556957245}
{"event": "TRAIN", "epoch": 234, "cursor": 18816, "train_count": 120355, "steps": 219400, "loss": [0.0821651741862297, 0.020216437056660652, 0.0619487389922142], "lr": 0.000125, "grad_norm": 0.27492254972457886, "time": 1790367786.9437475, "seconds_this_epoch": 12.54160968773067}
{"event": "TRAIN", "epoch": 234, "cursor": 31616, "train_count": 120355, "steps": 219500, "loss": [0.09041938185691833, 0.02098880149424076, 0.06943058222532272], "lr": 0.000125, "grad_norm": 0.22457358241081238, "time": 1790367795.6008892, "seconds_this_epoch": 21.198751237243414}
{"event": "TRAIN", "epoch": 234, "cursor": 44416, "train_count": 120355, "steps": 219600, "loss": [0.08358773589134216, 0.019286829978227615, 0.06430090218782425], "lr": 0.000125, "grad_norm": 0.27396389842033386, "time": 1790367804.177907, "seconds_this_epoch": 29.775768984109163}
{"event": "TRAIN", "epoch": 234, "cursor": 57216, "train_count": 120355, "steps": 219700, "loss": [0.08733978122472763, 0.020931275561451912, 0.06640850752592087], "lr": 0.000125, "grad_norm": 0.2560108006000519, "time": 1790367812.7330127, "seconds_this_epoch": 38.330874936655164}
{"event": "TRAIN", "epoch": 234, "cursor": 70016, "train_count": 120355, "steps": 219800, "loss": [0.0885598435997963, 0.021812165156006813, 0.06674768030643463], "lr": 0.000125, "grad_norm": 0.3086118698120117, "time": 1790367821.3410661, "seconds_this_epoch": 46.93892808444798}
{"event": "TRAIN", "epoch": 234, "cursor": 82816, "train_count": 120355, "steps": 219900, "loss": [0.08856672048568726, 0.021025260910391808, 0.0675414577126503], "lr": 0.000125, "grad_norm": 0.21219199895858765, "time": 1790367829.8649983, "seconds_this_epoch": 55.46286053583026}
{"event": "TRAIN", "epoch": 234, "cursor": 95616, "train_count": 120355, "steps": 220000, "loss": [0.08733399212360382, 0.01938612572848797, 0.0679478645324707], "lr": 0.000125, "grad_norm": 0.2416040152311325, "time": 1790367838.349079, "seconds_this_epoch": 63.946940852329135}
{"event": "TRAIN", "epoch": 234, "cursor": 108416, "train_count": 120355, "steps": 220100, "loss": [0.0845726877450943, 0.021906429901719093, 0.06266625970602036], "lr": 0.000125, "grad_norm": 0.2601042091846466, "time": 1790367846.902176, "seconds_this_epoch": 72.50003805570304}
{"epoch": 234, "train": [0.09063430330831178, 0.020596987209280302, 0.07003731624472498], "val": [0.6432366914603656, 0.03056906911202116, 0.6126676265828951], "lr": 0.000125, "best_val": 0.53043719986189, "best_epoch": 33, "seconds": 81.7107334304601, "steps": 220194, "peak_memory_bytes": 3222636544, "time": 1790367856.113053}
{"event": "TRAIN", "epoch": 235, "cursor": 768, "train_count": 120355, "steps": 220200, "loss": [0.0896681621670723, 0.020897353067994118, 0.06877081096172333], "lr": 0.000125, "grad_norm": 0.2821042835712433, "time": 1790367856.6243203, "seconds_this_epoch": 0.4366396740078926}
{"event": "TRAIN", "epoch": 235, "cursor": 13568, "train_count": 120355, "steps": 220300, "loss": [0.08502337336540222, 0.02047068625688553, 0.0645526871085167], "lr": 0.000125, "grad_norm": 0.2510513365268707, "time": 1790367865.2355242, "seconds_this_epoch": 9.0478436332196}
{"event": "TRAIN", "epoch": 235, "cursor": 26368, "train_count": 120355, "steps": 220400, "loss": [0.09480459243059158, 0.0195752065628767, 0.07522938400506973], "lr": 0.000125, "grad_norm": 0.23759011924266815, "time": 1790367873.8716154, "seconds_this_epoch": 17.683935407549143}
{"event": "TRAIN", "epoch": 235, "cursor": 39168, "train_count": 120355, "steps": 220500, "loss": [0.09169641137123108, 0.021080223843455315, 0.07061618566513062], "lr": 0.000125, "grad_norm": 0.21435372531414032, "time": 1790367882.3624914, "seconds_this_epoch": 26.174811232835054}
{"event": "TRAIN", "epoch": 235, "cursor": 51968, "train_count": 120355, "steps": 220600, "loss": [0.09327292442321777, 0.01945691928267479, 0.07381600141525269], "lr": 0.000125, "grad_norm": 0.36097630858421326, "time": 1790367890.8394444, "seconds_this_epoch": 34.65176409855485}
{"event": "TRAIN", "epoch": 235, "cursor": 64768, "train_count": 120355, "steps": 220700, "loss": [0.0913112610578537, 0.019535860046744347, 0.0717753991484642], "lr": 0.000125, "grad_norm": 0.2981237471103668, "time": 1790367899.423901, "seconds_this_epoch": 43.236220855265856}
{"event": "TRAIN", "epoch": 235, "cursor": 77568, "train_count": 120355, "steps": 220800, "loss": [0.08272106200456619, 0.01962127536535263, 0.06309978663921356], "lr": 0.000125, "grad_norm": 0.26922643184661865, "time": 1790367907.9010985, "seconds_this_epoch": 51.71341837197542}
{"event": "TRAIN", "epoch": 235, "cursor": 90368, "train_count": 120355, "steps": 220900, "loss": [0.08695194870233536, 0.019935905933380127, 0.06701604276895523], "lr": 0.000125, "grad_norm": 0.25356325507164, "time": 1790367916.4322522, "seconds_this_epoch": 60.244572039693594}
{"event": "TRAIN", "epoch": 235, "cursor": 103168, "train_count": 120355, "steps": 221000, "loss": [0.09392939507961273, 0.019532565027475357, 0.07439682632684708], "lr": 0.000125, "grad_norm": 0.26416027545928955, "time": 1790367925.0766, "seconds_this_epoch": 68.88891965523362}
{"event": "TRAIN", "epoch": 235, "cursor": 115968, "train_count": 120355, "steps": 221100, "loss": [0.09729799628257751, 0.022668614983558655, 0.07462938129901886], "lr": 0.000125, "grad_norm": 0.22886145114898682, "time": 1790367933.6095939, "seconds_this_epoch": 77.42191351763904}
{"epoch": 235, "train": [0.09054257416346548, 0.02058880456322167, 0.06995376964778688], "val": [0.6438077664325382, 0.030552162512169603, 0.6132556042056436], "lr": 0.000125, "best_val": 0.53043719986189, "best_epoch": 33, "seconds": 81.5406054481864, "steps": 221135, "peak_memory_bytes": 3222636544, "time": 1790367937.7284799}
{"event": "TRAIN", "epoch": 236, "cursor": 8320, "train_count": 120355, "steps": 221200, "loss": [0.09024122357368469, 0.022076426073908806, 0.06816479563713074], "lr": 0.000125, "grad_norm": 0.26320624351501465, "time": 1790367943.1991096, "seconds_this_epoch": 5.39473763667047}
{"event": "TRAIN", "epoch": 236, "cursor": 21120, "train_count": 120355, "steps": 221300, "loss": [0.08337203413248062, 0.020016314461827278, 0.06335572153329849], "lr": 0.000125, "grad_norm": 0.2845135033130646, "time": 1790367951.8174577, "seconds_this_epoch": 14.013085687533021}
{"event": "TRAIN", "epoch": 236, "cursor": 33920, "train_count": 120355, "steps": 221400, "loss": [0.08759525418281555, 0.020231006667017937, 0.06736424565315247], "lr": 0.000125, "grad_norm": 0.25556090474128723, "time": 1790367960.4133034, "seconds_this_epoch": 22.608931804075837}
{"event": "TRAIN", "epoch": 236, "cursor": 46720, "train_count": 120355, "steps": 221500, "loss": [0.09533488005399704, 0.021851854398846626, 0.07348302751779556], "lr": 0.000125, "grad_norm": 0.2639613449573517, "time": 1790367968.955008, "seconds_this_epoch": 31.150635899975896}
{"event": "TRAIN", "epoch": 236, "cursor": 59520, "train_count": 120355, "steps": 221600, "loss": [0.09377223253250122, 0.019670013338327408, 0.07410222291946411], "lr": 0.000125, "grad_norm": 0.29177337884902954, "time": 1790367977.4204857, "seconds_this_epoch": 39.61611374653876}
{"event": "TRAIN", "epoch": 236, "cursor": 72320, "train_count": 120355, "steps": 221700, "loss": [0.08609532564878464, 0.019864941015839577, 0.06623038649559021], "lr": 0.000125, "grad_norm": 0.24621492624282837, "time": 1790367985.9058826, "seconds_this_epoch": 48.10151083767414}
{"event": "TRAIN", "epoch": 236, "cursor": 85120, "train_count": 120355, "steps": 221800, "loss": [0.09143371880054474, 0.02109205536544323, 0.07034166157245636], "lr": 0.000125, "grad_norm": 0.28397437930107117, "time": 1790367994.4787126, "seconds_this_epoch": 56.67434062063694}
{"event": "TRAIN", "epoch": 236, "cursor": 97920, "train_count": 120355, "steps": 221900, "loss": [0.09754490852355957, 0.02041488140821457, 0.077130027115345], "lr": 0.000125, "grad_norm": 0.2593851089477539, "time": 1790368002.965406, "seconds_this_epoch": 65.1610340680927}
{"event": "TRAIN", "epoch": 236, "cursor": 110720, "train_count": 120355, "steps": 222000, "loss": [0.08493129909038544, 0.020002994686365128, 0.06492830067873001], "lr": 0.000125, "grad_norm": 0.23910824954509735, "time": 1790368011.5969286, "seconds_this_epoch": 73.79255667701364}
{"epoch": 236, "train": [0.09047347941088006, 0.02057994927214767, 0.06989353020698269], "val": [0.6446407277392229, 0.03059604895032882, 0.6140446782718331], "lr": 0.000125, "best_val": 0.53043719986189, "best_epoch": 33, "seconds": 81.4690206553787, "steps": 222076, "peak_memory_bytes": 3222636544, "time": 1790368019.2735832}
FIT_COMPLETE mto_batch128
