{"registration_barrier_passed": {"registered": true, "pid": 1649927, "binding_sha256": "0336abb2c1f9133b34fdc94f5246207f7581b3a2ca1650ef7d41f453a02f52b9"}}
{"update": 1, "arm": "original", "loss": 9.175848960876465, "preclip_norm": 19.808944702148438}
{"update": 2, "arm": "original", "loss": 3.4571750164031982, "preclip_norm": 13.696919441223145}
{"update": 3, "arm": "original", "loss": 3.4571750164031982, "preclip_norm": 13.696919441223145}
{"update": 4, "arm": "local", "loss": 9.175848960876465, "preclip_norm": 19.808944702148438}
{"update": 5, "arm": "local", "loss": 3.4571750164031982, "preclip_norm": 13.696919441223145}
{"update": 6, "arm": "local", "loss": 3.4571750164031982, "preclip_norm": 13.696919441223145}
{"update": 7, "arm": "neighbor", "loss": 9.175848960876465, "preclip_norm": 19.808944702148438}
{"update": 8, "arm": "neighbor", "loss": 3.4571750164031982, "preclip_norm": 13.696919441223145}
{"update": 9, "arm": "neighbor", "loss": 3.4571750164031982, "preclip_norm": 13.696919441223145}
{
  "passed": true,
  "train_indices_sha256": "5d7fef6953e9ae587d0524bee67f60ccc4504f3eb7b7a19f5d3b51f74dddb3a7",
  "train_ids_sha256": "949f9dd1d26282c1a5dc132d07386a3df2160af6a591cda09fb2938f1af56ea9",
  "unique_train_molecules": 128,
  "actual_decode_ledger": [
    {
      "archive": "/home/inspur/MTO-1/experiments/qm9s_eta_Ef_20260926/data/dataset.npz",
      "archive_sha256": "be8fadca203429575d70642b617730592693be40858dca7189c098a671596330",
      "field": "ids",
      "partition": "train",
      "numeric_rows": 128,
      "numeric_global_indices_sha256": "5d7fef6953e9ae587d0524bee67f60ccc4504f3eb7b7a19f5d3b51f74dddb3a7",
      "numeric_decode_blocks": 15,
      "is_target_or_mask": false,
      "shape": [
        128
      ],
      "dtype": "int64"
    },
    {
      "archive": "/home/inspur/MTO-1/experiments/qm9s_eta_Ef_20260926/data/dataset.npz",
      "archive_sha256": "be8fadca203429575d70642b617730592693be40858dca7189c098a671596330",
      "field": "z",
      "partition": "train",
      "numeric_rows": 128,
      "numeric_global_indices_sha256": "5d7fef6953e9ae587d0524bee67f60ccc4504f3eb7b7a19f5d3b51f74dddb3a7",
      "numeric_decode_blocks": 15,
      "is_target_or_mask": false,
      "shape": [
        128,
        29
      ],
      "dtype": "int64"
    },
    {
      "archive": "/home/inspur/MTO-1/experiments/qm9s_eta_Ef_20260926/data/dataset.npz",
      "archive_sha256": "be8fadca203429575d70642b617730592693be40858dca7189c098a671596330",
      "field": "pos",
      "partition": "train",
      "numeric_rows": 128,
      "numeric_global_indices_sha256": "5d7fef6953e9ae587d0524bee67f60ccc4504f3eb7b7a19f5d3b51f74dddb3a7",
      "numeric_decode_blocks": 15,
      "is_target_or_mask": false,
      "shape": [
        128,
        29,
        3
      ],
      "dtype": "float32"
    },
    {
      "archive": "/home/inspur/MTO-1/experiments/qm9s_eta_Ef_20260926/data/dataset.npz",
      "archive_sha256": "be8fadca203429575d70642b617730592693be40858dca7189c098a671596330",
      "field": "edge",
      "partition": "train",
      "numeric_rows": 128,
      "numeric_global_indices_sha256": "5d7fef6953e9ae587d0524bee67f60ccc4504f3eb7b7a19f5d3b51f74dddb3a7",
      "numeric_decode_blocks": 15,
      "is_target_or_mask": false,
      "shape": [
        128,
        2,
        732
      ],
      "dtype": "int16"
    },
    {
      "archive": "/home/inspur/MTO-1/experiments/qm9s_eta_Ef_20260926/data/dataset.npz",
      "archive_sha256": "be8fadca203429575d70642b617730592693be40858dca7189c098a671596330",
      "field": "E",
      "partition": "train",
      "numeric_rows": 128,
      "numeric_global_indices_sha256": "5d7fef6953e9ae587d0524bee67f60ccc4504f3eb7b7a19f5d3b51f74dddb3a7",
      "numeric_decode_blocks": 15,
      "is_target_or_mask": true,
      "shape": [
        128,
        10
      ],
      "dtype": "float32"
    },
    {
      "archive": "/home/inspur/MTO-1/experiments/qm9s_eta_Ef_20260926/data/dataset.npz",
      "archive_sha256": "be8fadca203429575d70642b617730592693be40858dca7189c098a671596330",
      "field": "A",
      "partition": "train",
      "numeric_rows": 128,
      "numeric_global_indices_sha256": "5d7fef6953e9ae587d0524bee67f60ccc4504f3eb7b7a19f5d3b51f74dddb3a7",
      "numeric_decode_blocks": 15,
      "is_target_or_mask": true,
      "shape": [
        128,
        10,
        3,
        3
      ],
      "dtype": "float32"
    },
    {
      "archive": "/home/inspur/MTO-1/experiments/qm9s_eta_Ef_20260926/data/raw_labels.npz",
      "archive_sha256": "621dc8723fb6dc96681851a26e4f52fcb7747a4778e57a249a75d22f3af4c632",
      "field": "ids",
      "partition": "train",
      "numeric_rows": 128,
      "numeric_global_indices_sha256": "5d7fef6953e9ae587d0524bee67f60ccc4504f3eb7b7a19f5d3b51f74dddb3a7",
      "numeric_decode_blocks": 15,
      "is_target_or_mask": false,
      "shape": [
        128
      ],
      "dtype": "int64"
    },
    {
      "archive": "/home/inspur/MTO-1/experiments/qm9s_eta_Ef_20260926/data/raw_labels.npz",
      "archive_sha256": "621dc8723fb6dc96681851a26e4f52fcb7747a4778e57a249a75d22f3af4c632",
      "field": "f",
      "partition": "train",
      "numeric_rows": 128,
      "numeric_global_indices_sha256": "5d7fef6953e9ae587d0524bee67f60ccc4504f3eb7b7a19f5d3b51f74dddb3a7",
      "numeric_decode_blocks": 15,
      "is_target_or_mask": true,
      "shape": [
        128,
        10
      ],
      "dtype": "float64"
    },
    {
      "archive": "/home/inspur/MTO-1/experiments/qm9s_eta_Ef_20260926/data/raw_labels.npz",
      "archive_sha256": "621dc8723fb6dc96681851a26e4f52fcb7747a4778e57a249a75d22f3af4c632",
      "field": "mask_E",
      "partition": "train",
      "numeric_rows": 128,
      "numeric_global_indices_sha256": "5d7fef6953e9ae587d0524bee67f60ccc4504f3eb7b7a19f5d3b51f74dddb3a7",
      "numeric_decode_blocks": 15,
      "is_target_or_mask": true,
      "shape": [
        128,
        10
      ],
      "dtype": "bool"
    },
    {
      "archive": "/home/inspur/MTO-1/experiments/qm9s_eta_Ef_20260926/data/raw_labels.npz",
      "archive_sha256": "621dc8723fb6dc96681851a26e4f52fcb7747a4778e57a249a75d22f3af4c632",
      "field": "mask_A",
      "partition": "train",
      "numeric_rows": 128,
      "numeric_global_indices_sha256": "5d7fef6953e9ae587d0524bee67f60ccc4504f3eb7b7a19f5d3b51f74dddb3a7",
      "numeric_decode_blocks": 15,
      "is_target_or_mask": true,
      "shape": [
        128,
        10
      ],
      "dtype": "bool"
    },
    {
      "archive": "/home/inspur/MTO-1/experiments/qm9s_eta_Ef_20260926/data/raw_labels.npz",
      "archive_sha256": "621dc8723fb6dc96681851a26e4f52fcb7747a4778e57a249a75d22f3af4c632",
      "field": "mask_f",
      "partition": "train",
      "numeric_rows": 128,
      "numeric_global_indices_sha256": "5d7fef6953e9ae587d0524bee67f60ccc4504f3eb7b7a19f5d3b51f74dddb3a7",
      "numeric_decode_blocks": 15,
      "is_target_or_mask": true,
      "shape": [
        128,
        10
      ],
      "dtype": "bool"
    },
    {
      "archive": "/home/inspur/MTO-1/experiments/qm9s_eta_Ef_20260926/data/raw_labels.npz",
      "archive_sha256": "621dc8723fb6dc96681851a26e4f52fcb7747a4778e57a249a75d22f3af4c632",
      "field": "E",
      "partition": "train",
      "numeric_rows": 128,
      "numeric_global_indices_sha256": "5d7fef6953e9ae587d0524bee67f60ccc4504f3eb7b7a19f5d3b51f74dddb3a7",
      "numeric_decode_blocks": 15,
      "is_target_or_mask": true,
      "shape": [
        128,
        10
      ],
      "dtype": "float64"
    }
  ],
  "validation_test_numeric_rows": 0,
  "executed_optimizer_updates": 9,
  "arms": {
    "original": {
      "initial_base_tensor_sha256": "231dfaf3ffc8056e851ddac34e941fa34eee3af0f7ff9687ecab6d24d6fa1cd2",
      "fixture_order_sha256": "5d7fef6953e9ae587d0524bee67f60ccc4504f3eb7b7a19f5d3b51f74dddb3a7",
      "updates": 3,
      "gradient_audits": [
        {
          "preupdate_losses": {
            "total": 9.175848960876465,
            "energy": 8.585359573364258,
            "trace": 0.5904890894889832,
            "decorrelation": 0.9305991530418396,
            "base": 9.175848960876465
          },
          "direct_trace_E_gradient_l2": 0.0,
          "direct_trace_A_gradient_l2": 0.16692146327453797,
          "term_parameter_gradient_l2": {
            "energy": 19.787223652420142,
            "trace": 0.9904436319183444
          },
          "preclip_branch_gradient_l2": {
            "base_gradient_l2": 19.80894508651295,
            "gate_gradient_l2": 0.0
          },
          "transport_diagnostics": {
            "block2_l1_delta_norm_sum": 0.0,
            "block2_l1_delta_norm_count": 580,
            "block2_l1_delta_norm_min": 0.0,
            "block2_l1_delta_norm_max": 0.0,
            "block2_l1_original_message_norm_sum": 94.23712158203125,
            "block2_l1_original_message_norm_count": 580,
            "block2_l1_original_message_norm_min": 2.0369159301480977e-06,
            "block2_l1_original_message_norm_max": 0.31160426139831543,
            "block2_l1_preblock_T_norm_sum": 151.37477111816406,
            "block2_l1_preblock_T_norm_count": 580,
            "block2_l1_preblock_T_norm_min": 3.7656977838196326e-06,
            "block2_l1_preblock_T_norm_max": 0.5042270421981812,
            "block2_l1_regularized_relative_to_message_sum": 0.0,
            "block2_l1_regularized_relative_to_message_count": 580,
            "block2_l1_regularized_relative_to_message_min": 0.0,
            "block2_l1_regularized_relative_to_message_max": 0.0,
            "block2_l1_regularized_relative_to_preblock_sum": 0.0,
            "block2_l1_regularized_relative_to_preblock_count": 580,
            "block2_l1_regularized_relative_to_preblock_min": 0.0,
            "block2_l1_regularized_relative_to_preblock_max": 0.0,
            "block2_l1_message_zero_count": 0,
            "block2_l1_preblock_zero_count": 0,
            "block2_l1_message_below_floor_count": 0,
            "block2_l1_preblock_below_floor_count": 0,
            "block2_l2_delta_norm_sum": 0.0,
            "block2_l2_delta_norm_count": 580,
            "block2_l2_delta_norm_min": 0.0,
            "block2_l2_delta_norm_max": 0.0,
            "block2_l2_original_message_norm_sum": 124.89794921875,
            "block2_l2_original_message_norm_count": 580,
            "block2_l2_original_message_norm_min": 4.019561401946703e-06,
            "block2_l2_original_message_norm_max": 0.4377951920032501,
            "block2_l2_preblock_T_norm_sum": 165.1802978515625,
            "block2_l2_preblock_T_norm_count": 580,
            "block2_l2_preblock_T_norm_min": 5.6016397138591856e-06,
            "block2_l2_preblock_T_norm_max": 0.4915030300617218,
            "block2_l2_regularized_relative_to_message_sum": 0.0,
            "block2_l2_regularized_relative_to_message_count": 580,
            "block2_l2_regularized_relative_to_message_min": 0.0,
            "block2_l2_regularized_relative_to_message_max": 0.0,
            "block2_l2_regularized_relative_to_preblock_sum": 0.0,
            "block2_l2_regularized_relative_to_preblock_count": 580,
            "block2_l2_regularized_relative_to_preblock_min": 0.0,
            "block2_l2_regularized_relative_to_preblock_max": 0.0,
            "block2_l2_message_zero_count": 0,
            "block2_l2_preblock_zero_count": 0,
            "block2_l2_message_below_floor_count": 0,
            "block2_l2_preblock_below_floor_count": 0,
            "block2_l3_delta_norm_sum": 0.0,
            "block2_l3_delta_norm_count": 580,
            "block2_l3_delta_norm_min": 0.0,
            "block2_l3_delta_norm_max": 0.0,
            "block2_l3_original_message_norm_sum": 168.95321655273438,
            "block2_l3_original_message_norm_count": 580,
            "block2_l3_original_message_norm_min": 0.11327990144491196,
            "block2_l3_original_message_norm_max": 0.5948119759559631,
            "block2_l3_preblock_T_norm_sum": 188.76788330078125,
            "block2_l3_preblock_T_norm_count": 580,
            "block2_l3_preblock_T_norm_min": 0.15813420712947845,
            "block2_l3_preblock_T_norm_max": 0.6864972114562988,
            "block2_l3_regularized_relative_to_message_sum": 0.0,
            "block2_l3_regularized_relative_to_message_count": 580,
            "block2_l3_regularized_relative_to_message_min": 0.0,
            "block2_l3_regularized_relative_to_message_max": 0.0,
            "block2_l3_regularized_relative_to_preblock_sum": 0.0,
            "block2_l3_regularized_relative_to_preblock_count": 580,
            "block2_l3_regularized_relative_to_preblock_min": 0.0,
            "block2_l3_regularized_relative_to_preblock_max": 0.0,
            "block2_l3_message_zero_count": 0,
            "block2_l3_preblock_zero_count": 0,
            "block2_l3_message_below_floor_count": 0,
            "block2_l3_preblock_below_floor_count": 0,
            "block2_coefficient_min": 0.0,
            "block2_coefficient_max": 0.0,
            "block2_theta_l2_mean": 0.0,
            "block3_l1_delta_norm_sum": 0.0,
            "block3_l1_delta_norm_count": 580,
            "block3_l1_delta_norm_min": 0.0,
            "block3_l1_delta_norm_max": 0.0,
            "block3_l1_original_message_norm_sum": 123.20354461669922,
            "block3_l1_original_message_norm_count": 580,
            "block3_l1_original_message_norm_min": 2.638611476868391e-06,
            "block3_l1_original_message_norm_max": 0.4021690785884857,
            "block3_l1_preblock_T_norm_sum": 174.89404296875,
            "block3_l1_preblock_T_norm_count": 580,
            "block3_l1_preblock_T_norm_min": 4.2410092646605335e-06,
            "block3_l1_preblock_T_norm_max": 0.5648697018623352,
            "block3_l1_regularized_relative_to_message_sum": 0.0,
            "block3_l1_regularized_relative_to_message_count": 580,
            "block3_l1_regularized_relative_to_message_min": 0.0,
            "block3_l1_regularized_relative_to_message_max": 0.0,
            "block3_l1_regularized_relative_to_preblock_sum": 0.0,
            "block3_l1_regularized_relative_to_preblock_count": 580,
            "block3_l1_regularized_relative_to_preblock_min": 0.0,
            "block3_l1_regularized_relative_to_preblock_max": 0.0,
            "block3_l1_message_zero_count": 0,
            "block3_l1_preblock_zero_count": 0,
            "block3_l1_message_below_floor_count": 0,
            "block3_l1_preblock_below_floor_count": 0,
            "block3_l2_delta_norm_sum": 0.0,
            "block3_l2_delta_norm_count": 580,
            "block3_l2_delta_norm_min": 0.0,
            "block3_l2_delta_norm_max": 0.0,
            "block3_l2_original_message_norm_sum": 152.52099609375,
            "block3_l2_original_message_norm_count": 580,
            "block3_l2_original_message_norm_min": 4.7452185754082166e-06,
            "block3_l2_original_message_norm_max": 0.4771321415901184,
            "block3_l2_preblock_T_norm_sum": 206.51881408691406,
            "block3_l2_preblock_T_norm_count": 580,
            "block3_l2_preblock_T_norm_min": 6.736656814609887e-06,
            "block3_l2_preblock_T_norm_max": 0.6038349270820618,
            "block3_l2_regularized_relative_to_message_sum": 0.0,
            "block3_l2_regularized_relative_to_message_count": 580,
            "block3_l2_regularized_relative_to_message_min": 0.0,
            "block3_l2_regularized_relative_to_message_max": 0.0,
            "block3_l2_regularized_relative_to_preblock_sum": 0.0,
            "block3_l2_regularized_relative_to_preblock_count": 580,
            "block3_l2_regularized_relative_to_preblock_min": 0.0,
            "block3_l2_regularized_relative_to_preblock_max": 0.0,
            "block3_l2_message_zero_count": 0,
            "block3_l2_preblock_zero_count": 0,
            "block3_l2_message_below_floor_count": 0,
            "block3_l2_preblock_below_floor_count": 0,
            "block3_l3_delta_norm_sum": 0.0,
            "block3_l3_delta_norm_count": 580,
            "block3_l3_delta_norm_min": 0.0,
            "block3_l3_delta_norm_max": 0.0,
            "block3_l3_original_message_norm_sum": 178.97433471679688,
            "block3_l3_original_message_norm_count": 580,
            "block3_l3_original_message_norm_min": 0.11046944558620453,
            "block3_l3_original_message_norm_max": 0.7210420370101929,
            "block3_l3_preblock_T_norm_sum": 254.8746337890625,
            "block3_l3_preblock_T_norm_count": 580,
            "block3_l3_preblock_T_norm_min": 0.20591606199741364,
            "block3_l3_preblock_T_norm_max": 0.9346020221710205,
            "block3_l3_regularized_relative_to_message_sum": 0.0,
            "block3_l3_regularized_relative_to_message_count": 580,
            "block3_l3_regularized_relative_to_message_min": 0.0,
            "block3_l3_regularized_relative_to_message_max": 0.0,
            "block3_l3_regularized_relative_to_preblock_sum": 0.0,
            "block3_l3_regularized_relative_to_preblock_count": 580,
            "block3_l3_regularized_relative_to_preblock_min": 0.0,
            "block3_l3_regularized_relative_to_preblock_max": 0.0,
            "block3_l3_message_zero_count": 0,
            "block3_l3_preblock_zero_count": 0,
            "block3_l3_message_below_floor_count": 0,
            "block3_l3_preblock_below_floor_count": 0,
            "block3_coefficient_min": 0.0,
            "block3_coefficient_max": 0.0,
            "block3_theta_l2_mean": 0.0,
            "raw_M_norm_min": 0.01725916936993599,
            "raw_M_norm_max": 0.19047977030277252,
            "raw_M_norm_mean": 0.07781112194061279
          },
          "coefficient_or_LR_adjusted": false
        },
        {
          "preupdate_losses": {
            "total": 3.4571750164031982,
            "energy": 2.7790708541870117,
            "trace": 0.6781041622161865,
            "decorrelation": 0.9559526443481445,
            "base": 3.4571750164031982
          },
          "direct_trace_E_gradient_l2": 0.0,
          "direct_trace_A_gradient_l2": 0.17887699434585697,
          "term_parameter_gradient_l2": {
            "energy": 13.68984507333071,
            "trace": 0.6437251584968593
          },
          "preclip_branch_gradient_l2": {
            "base_gradient_l2": 13.69691925710858,
            "gate_gradient_l2": 0.0
          },
          "transport_diagnostics": {
            "block2_l1_delta_norm_sum": 0.0,
            "block2_l1_delta_norm_count": 734,
            "block2_l1_delta_norm_min": 0.0,
            "block2_l1_delta_norm_max": 0.0,
            "block2_l1_original_message_norm_sum": 146.64205932617188,
            "block2_l1_original_message_norm_count": 734,
            "block2_l1_original_message_norm_min": 0.1051674336194992,
            "block2_l1_original_message_norm_max": 0.32271650433540344,
            "block2_l1_preblock_T_norm_sum": 194.93035888671875,
            "block2_l1_preblock_T_norm_count": 734,
            "block2_l1_preblock_T_norm_min": 0.14162138104438782,
            "block2_l1_preblock_T_norm_max": 0.5167532563209534,
            "block2_l1_regularized_relative_to_message_sum": 0.0,
            "block2_l1_regularized_relative_to_message_count": 734,
            "block2_l1_regularized_relative_to_message_min": 0.0,
            "block2_l1_regularized_relative_to_message_max": 0.0,
            "block2_l1_regularized_relative_to_preblock_sum": 0.0,
            "block2_l1_regularized_relative_to_preblock_count": 734,
            "block2_l1_regularized_relative_to_preblock_min": 0.0,
            "block2_l1_regularized_relative_to_preblock_max": 0.0,
            "block2_l1_message_zero_count": 0,
            "block2_l1_preblock_zero_count": 0,
            "block2_l1_message_below_floor_count": 0,
            "block2_l1_preblock_below_floor_count": 0,
            "block2_l2_delta_norm_sum": 0.0,
            "block2_l2_delta_norm_count": 734,
            "block2_l2_delta_norm_min": 0.0,
            "block2_l2_delta_norm_max": 0.0,
            "block2_l2_original_message_norm_sum": 183.02407836914062,
            "block2_l2_original_message_norm_count": 734,
            "block2_l2_original_message_norm_min": 0.14369235932826996,
            "block2_l2_original_message_norm_max": 0.4142626225948334,
            "block2_l2_preblock_T_norm_sum": 216.79830932617188,
            "block2_l2_preblock_T_norm_count": 734,
            "block2_l2_preblock_T_norm_min": 0.1543695479631424,
            "block2_l2_preblock_T_norm_max": 0.5340774059295654,
            "block2_l2_regularized_relative_to_message_sum": 0.0,
            "block2_l2_regularized_relative_to_message_count": 734,
            "block2_l2_regularized_relative_to_message_min": 0.0,
            "block2_l2_regularized_relative_to_message_max": 0.0,
            "block2_l2_regularized_relative_to_preblock_sum": 0.0,
            "block2_l2_regularized_relative_to_preblock_count": 734,
            "block2_l2_regularized_relative_to_preblock_min": 0.0,
            "block2_l2_regularized_relative_to_preblock_max": 0.0,
            "block2_l2_message_zero_count": 0,
            "block2_l2_preblock_zero_count": 0,
            "block2_l2_message_below_floor_count": 0,
            "block2_l2_preblock_below_floor_count": 0,
            "block2_l3_delta_norm_sum": 0.0,
            "block2_l3_delta_norm_count": 734,
            "block2_l3_delta_norm_min": 0.0,
            "block2_l3_delta_norm_max": 0.0,
            "block2_l3_original_message_norm_sum": 236.71722412109375,
            "block2_l3_original_message_norm_count": 734,
            "block2_l3_original_message_norm_min": 0.1704377681016922,
            "block2_l3_original_message_norm_max": 0.5728136897087097,
            "block2_l3_preblock_T_norm_sum": 253.40896606445312,
            "block2_l3_preblock_T_norm_count": 734,
            "block2_l3_preblock_T_norm_min": 0.18436923623085022,
            "block2_l3_preblock_T_norm_max": 0.7144885659217834,
            "block2_l3_regularized_relative_to_message_sum": 0.0,
            "block2_l3_regularized_relative_to_message_count": 734,
            "block2_l3_regularized_relative_to_message_min": 0.0,
            "block2_l3_regularized_relative_to_message_max": 0.0,
            "block2_l3_regularized_relative_to_preblock_sum": 0.0,
            "block2_l3_regularized_relative_to_preblock_count": 734,
            "block2_l3_regularized_relative_to_preblock_min": 0.0,
            "block2_l3_regularized_relative_to_preblock_max": 0.0,
            "block2_l3_message_zero_count": 0,
            "block2_l3_preblock_zero_count": 0,
            "block2_l3_message_below_floor_count": 0,
            "block2_l3_preblock_below_floor_count": 0,
            "block2_coefficient_min": 0.0,
            "block2_coefficient_max": 0.0,
            "block2_theta_l2_mean": 0.0,
            "block3_l1_delta_norm_sum": 0.0,
            "block3_l1_delta_norm_count": 734,
            "block3_l1_delta_norm_min": 0.0,
            "block3_l1_delta_norm_max": 0.0,
            "block3_l1_original_message_norm_sum": 186.48709106445312,
            "block3_l1_original_message_norm_count": 734,
            "block3_l1_original_message_norm_min": 0.1299341917037964,
            "block3_l1_original_message_norm_max": 0.4293876886367798,
            "block3_l1_preblock_T_norm_sum": 244.36505126953125,
            "block3_l1_preblock_T_norm_count": 734,
            "block3_l1_preblock_T_norm_min": 0.176626518368721,
            "block3_l1_preblock_T_norm_max": 0.6141713261604309,
            "block3_l1_regularized_relative_to_message_sum": 0.0,
            "block3_l1_regularized_relative_to_message_count": 734,
            "block3_l1_regularized_relative_to_message_min": 0.0,
            "block3_l1_regularized_relative_to_message_max": 0.0,
            "block3_l1_regularized_relative_to_preblock_sum": 0.0,
            "block3_l1_regularized_relative_to_preblock_count": 734,
            "block3_l1_regularized_relative_to_preblock_min": 0.0,
            "block3_l1_regularized_relative_to_preblock_max": 0.0,
            "block3_l1_message_zero_count": 0,
            "block3_l1_preblock_zero_count": 0,
            "block3_l1_message_below_floor_count": 0,
            "block3_l1_preblock_below_floor_count": 0,
            "block3_l2_delta_norm_sum": 0.0,
            "block3_l2_delta_norm_count": 734,
            "block3_l2_delta_norm_min": 0.0,
            "block3_l2_delta_norm_max": 0.0,
            "block3_l2_original_message_norm_sum": 220.1201934814453,
            "block3_l2_original_message_norm_count": 734,
            "block3_l2_original_message_norm_min": 0.15003299713134766,
            "block3_l2_original_message_norm_max": 0.614372968673706,
            "block3_l2_preblock_T_norm_sum": 282.6444396972656,
            "block3_l2_preblock_T_norm_count": 734,
            "block3_l2_preblock_T_norm_min": 0.21678780019283295,
            "block3_l2_preblock_T_norm_max": 0.6413915157318115,
            "block3_l2_regularized_relative_to_message_sum": 0.0,
            "block3_l2_regularized_relative_to_message_count": 734,
            "block3_l2_regularized_relative_to_message_min": 0.0,
            "block3_l2_regularized_relative_to_message_max": 0.0,
            "block3_l2_regularized_relative_to_preblock_sum": 0.0,
            "block3_l2_regularized_relative_to_preblock_count": 734,
            "block3_l2_regularized_relative_to_preblock_min": 0.0,
            "block3_l2_regularized_relative_to_preblock_max": 0.0,
            "block3_l2_message_zero_count": 0,
            "block3_l2_preblock_zero_count": 0,
            "block3_l2_message_below_floor_count": 0,
            "block3_l2_preblock_below_floor_count": 0,
            "block3_l3_delta_norm_sum": 0.0,
            "block3_l3_delta_norm_count": 734,
            "block3_l3_delta_norm_min": 0.0,
            "block3_l3_delta_norm_max": 0.0,
            "block3_l3_original_message_norm_sum": 254.1180419921875,
            "block3_l3_original_message_norm_count": 734,
            "block3_l3_original_message_norm_min": 0.1560278981924057,
            "block3_l3_original_message_norm_max": 0.642437756061554,
            "block3_l3_preblock_T_norm_sum": 342.7510070800781,
            "block3_l3_preblock_T_norm_count": 734,
            "block3_l3_preblock_T_norm_min": 0.2541619539260864,
            "block3_l3_preblock_T_norm_max": 0.8536720871925354,
            "block3_l3_regularized_relative_to_message_sum": 0.0,
            "block3_l3_regularized_relative_to_message_count": 734,
            "block3_l3_regularized_relative_to_message_min": 0.0,
            "block3_l3_regularized_relative_to_message_max": 0.0,
            "block3_l3_regularized_relative_to_preblock_sum": 0.0,
            "block3_l3_regularized_relative_to_preblock_count": 734,
            "block3_l3_regularized_relative_to_preblock_min": 0.0,
            "block3_l3_regularized_relative_to_preblock_max": 0.0,
            "block3_l3_message_zero_count": 0,
            "block3_l3_preblock_zero_count": 0,
            "block3_l3_message_below_floor_count": 0,
            "block3_l3_preblock_below_floor_count": 0,
            "block3_coefficient_min": 0.0,
            "block3_coefficient_max": 0.0,
            "block3_theta_l2_mean": 0.0,
            "raw_M_norm_min": 0.052871979773044586,
            "raw_M_norm_max": 0.34187403321266174,
            "raw_M_norm_mean": 0.15797320008277893
          },
          "coefficient_or_LR_adjusted": false
        },
        {
          "preupdate_losses": {
            "total": 3.4571750164031982,
            "energy": 2.7790708541870117,
            "trace": 0.6781041622161865,
            "decorrelation": 0.9559526443481445,
            "base": 3.4571750164031982
          },
          "direct_trace_E_gradient_l2": 0.0,
          "direct_trace_A_gradient_l2": 0.17887699444398225,
          "term_parameter_gradient_l2": {
            "energy": 13.68984508944741,
            "trace": 0.643725157859025
          },
          "preclip_branch_gradient_l2": {
            "base_gradient_l2": 13.696919273287623,
            "gate_gradient_l2": 0.0
          },
          "transport_diagnostics": {
            "block2_l1_delta_norm_sum": 0.0,
            "block2_l1_delta_norm_count": 734,
            "block2_l1_delta_norm_min": 0.0,
            "block2_l1_delta_norm_max": 0.0,
            "block2_l1_original_message_norm_sum": 146.64205932617188,
            "block2_l1_original_message_norm_count": 734,
            "block2_l1_original_message_norm_min": 0.1051674410700798,
            "block2_l1_original_message_norm_max": 0.32271650433540344,
            "block2_l1_preblock_T_norm_sum": 194.93035888671875,
            "block2_l1_preblock_T_norm_count": 734,
            "block2_l1_preblock_T_norm_min": 0.14162138104438782,
            "block2_l1_preblock_T_norm_max": 0.5167532563209534,
            "block2_l1_regularized_relative_to_message_sum": 0.0,
            "block2_l1_regularized_relative_to_message_count": 734,
            "block2_l1_regularized_relative_to_message_min": 0.0,
            "block2_l1_regularized_relative_to_message_max": 0.0,
            "block2_l1_regularized_relative_to_preblock_sum": 0.0,
            "block2_l1_regularized_relative_to_preblock_count": 734,
            "block2_l1_regularized_relative_to_preblock_min": 0.0,
            "block2_l1_regularized_relative_to_preblock_max": 0.0,
            "block2_l1_message_zero_count": 0,
            "block2_l1_preblock_zero_count": 0,
            "block2_l1_message_below_floor_count": 0,
            "block2_l1_preblock_below_floor_count": 0,
            "block2_l2_delta_norm_sum": 0.0,
            "block2_l2_delta_norm_count": 734,
            "block2_l2_delta_norm_min": 0.0,
            "block2_l2_delta_norm_max": 0.0,
            "block2_l2_original_message_norm_sum": 183.02407836914062,
            "block2_l2_original_message_norm_count": 734,
            "block2_l2_original_message_norm_min": 0.14369235932826996,
            "block2_l2_original_message_norm_max": 0.4142626225948334,
            "block2_l2_preblock_T_norm_sum": 216.79832458496094,
            "block2_l2_preblock_T_norm_count": 734,
            "block2_l2_preblock_T_norm_min": 0.1543695479631424,
            "block2_l2_preblock_T_norm_max": 0.5340774655342102,
            "block2_l2_regularized_relative_to_message_sum": 0.0,
            "block2_l2_regularized_relative_to_message_count": 734,
            "block2_l2_regularized_relative_to_message_min": 0.0,
            "block2_l2_regularized_relative_to_message_max": 0.0,
            "block2_l2_regularized_relative_to_preblock_sum": 0.0,
            "block2_l2_regularized_relative_to_preblock_count": 734,
            "block2_l2_regularized_relative_to_preblock_min": 0.0,
            "block2_l2_regularized_relative_to_preblock_max": 0.0,
            "block2_l2_message_zero_count": 0,
            "block2_l2_preblock_zero_count": 0,
            "block2_l2_message_below_floor_count": 0,
            "block2_l2_preblock_below_floor_count": 0,
            "block2_l3_delta_norm_sum": 0.0,
            "block2_l3_delta_norm_count": 734,
            "block2_l3_delta_norm_min": 0.0,
            "block2_l3_delta_norm_max": 0.0,
            "block2_l3_original_message_norm_sum": 236.71722412109375,
            "block2_l3_original_message_norm_count": 734,
            "block2_l3_original_message_norm_min": 0.1704377830028534,
            "block2_l3_original_message_norm_max": 0.5728136897087097,
            "block2_l3_preblock_T_norm_sum": 253.40896606445312,
            "block2_l3_preblock_T_norm_count": 734,
            "block2_l3_preblock_T_norm_min": 0.18436923623085022,
            "block2_l3_preblock_T_norm_max": 0.7144885063171387,
            "block2_l3_regularized_relative_to_message_sum": 0.0,
            "block2_l3_regularized_relative_to_message_count": 734,
            "block2_l3_regularized_relative_to_message_min": 0.0,
            "block2_l3_regularized_relative_to_message_max": 0.0,
            "block2_l3_regularized_relative_to_preblock_sum": 0.0,
            "block2_l3_regularized_relative_to_preblock_count": 734,
            "block2_l3_regularized_relative_to_preblock_min": 0.0,
            "block2_l3_regularized_relative_to_preblock_max": 0.0,
            "block2_l3_message_zero_count": 0,
            "block2_l3_preblock_zero_count": 0,
            "block2_l3_message_below_floor_count": 0,
            "block2_l3_preblock_below_floor_count": 0,
            "block2_coefficient_min": 0.0,
            "block2_coefficient_max": 0.0,
            "block2_theta_l2_mean": 0.0,
            "block3_l1_delta_norm_sum": 0.0,
            "block3_l1_delta_norm_count": 734,
            "block3_l1_delta_norm_min": 0.0,
            "block3_l1_delta_norm_max": 0.0,
            "block3_l1_original_message_norm_sum": 186.4871063232422,
            "block3_l1_original_message_norm_count": 734,
            "block3_l1_original_message_norm_min": 0.1299341768026352,
            "block3_l1_original_message_norm_max": 0.4293877184391022,
            "block3_l1_preblock_T_norm_sum": 244.36505126953125,
            "block3_l1_preblock_T_norm_count": 734,
            "block3_l1_preblock_T_norm_min": 0.176626518368721,
            "block3_l1_preblock_T_norm_max": 0.6141713261604309,
            "block3_l1_regularized_relative_to_message_sum": 0.0,
            "block3_l1_regularized_relative_to_message_count": 734,
            "block3_l1_regularized_relative_to_message_min": 0.0,
            "block3_l1_regularized_relative_to_message_max": 0.0,
            "block3_l1_regularized_relative_to_preblock_sum": 0.0,
            "block3_l1_regularized_relative_to_preblock_count": 734,
            "block3_l1_regularized_relative_to_preblock_min": 0.0,
            "block3_l1_regularized_relative_to_preblock_max": 0.0,
            "block3_l1_message_zero_count": 0,
            "block3_l1_preblock_zero_count": 0,
            "block3_l1_message_below_floor_count": 0,
            "block3_l1_preblock_below_floor_count": 0,
            "block3_l2_delta_norm_sum": 0.0,
            "block3_l2_delta_norm_count": 734,
            "block3_l2_delta_norm_min": 0.0,
            "block3_l2_delta_norm_max": 0.0,
            "block3_l2_original_message_norm_sum": 220.1201934814453,
            "block3_l2_original_message_norm_count": 734,
            "block3_l2_original_message_norm_min": 0.15003301203250885,
            "block3_l2_original_message_norm_max": 0.614372968673706,
            "block3_l2_preblock_T_norm_sum": 282.6444396972656,
            "block3_l2_preblock_T_norm_count": 734,
            "block3_l2_preblock_T_norm_min": 0.21678780019283295,
            "block3_l2_preblock_T_norm_max": 0.6413915157318115,
            "block3_l2_regularized_relative_to_message_sum": 0.0,
            "block3_l2_regularized_relative_to_message_count": 734,
            "block3_l2_regularized_relative_to_message_min": 0.0,
            "block3_l2_regularized_relative_to_message_max": 0.0,
            "block3_l2_regularized_relative_to_preblock_sum": 0.0,
            "block3_l2_regularized_relative_to_preblock_count": 734,
            "block3_l2_regularized_relative_to_preblock_min": 0.0,
            "block3_l2_regularized_relative_to_preblock_max": 0.0,
            "block3_l2_message_zero_count": 0,
            "block3_l2_preblock_zero_count": 0,
            "block3_l2_message_below_floor_count": 0,
            "block3_l2_preblock_below_floor_count": 0,
            "block3_l3_delta_norm_sum": 0.0,
            "block3_l3_delta_norm_count": 734,
            "block3_l3_delta_norm_min": 0.0,
            "block3_l3_delta_norm_max": 0.0,
            "block3_l3_original_message_norm_sum": 254.1180419921875,
            "block3_l3_original_message_norm_count": 734,
            "block3_l3_original_message_norm_min": 0.1560278981924057,
            "block3_l3_original_message_norm_max": 0.642437756061554,
            "block3_l3_preblock_T_norm_sum": 342.7510070800781,
            "block3_l3_preblock_T_norm_count": 734,
            "block3_l3_preblock_T_norm_min": 0.2541619837284088,
            "block3_l3_preblock_T_norm_max": 0.8536720275878906,
            "block3_l3_regularized_relative_to_message_sum": 0.0,
            "block3_l3_regularized_relative_to_message_count": 734,
            "block3_l3_regularized_relative_to_message_min": 0.0,
            "block3_l3_regularized_relative_to_message_max": 0.0,
            "block3_l3_regularized_relative_to_preblock_sum": 0.0,
            "block3_l3_regularized_relative_to_preblock_count": 734,
            "block3_l3_regularized_relative_to_preblock_min": 0.0,
            "block3_l3_regularized_relative_to_preblock_max": 0.0,
            "block3_l3_message_zero_count": 0,
            "block3_l3_preblock_zero_count": 0,
            "block3_l3_message_below_floor_count": 0,
            "block3_l3_preblock_below_floor_count": 0,
            "block3_coefficient_min": 0.0,
            "block3_coefficient_max": 0.0,
            "block3_theta_l2_mean": 0.0,
            "raw_M_norm_min": 0.05287198722362518,
            "raw_M_norm_max": 0.34187400341033936,
            "raw_M_norm_mean": 0.15797320008277893
          },
          "coefficient_or_LR_adjusted": false
        }
      ],
      "update_losses": [
        {
          "total": 9.175848960876465,
          "energy": 8.585359573364258,
          "trace": 0.5904890894889832,
          "decorrelation": 0.9305991530418396,
          "base": 9.175848960876465
        },
        {
          "total": 3.4571750164031982,
          "energy": 2.7790708541870117,
          "trace": 0.6781041622161865,
          "decorrelation": 0.9559526443481445,
          "base": 3.4571750164031982
        },
        {
          "total": 3.4571750164031982,
          "energy": 2.7790708541870117,
          "trace": 0.6781041622161865,
          "decorrelation": 0.9559526443481445,
          "base": 3.4571750164031982
        }
      ],
      "preclip_norms": [
        19.808944702148438,
        13.696919441223145,
        13.696919441223145
      ],
      "clipped": [
        true,
        true,
        true
      ],
      "model_replay_max_abs": 2.384185791015625e-07,
      "optimizer_replay_max_abs": 1.4901161193847656e-08,
      "loss_replay_abs": 0.0,
      "rng_and_order_exact_before_and_after_replay": true,
      "three_updates_seconds": 3.153829336166382,
      "peak_allocated_bytes": 663896576,
      "initial_output_errors": {
        "E_max_abs": 4.76837158203125e-07,
        "A_max_abs": 1.7053025658242404e-13,
        "native_f_max_abs": 7.759914273652857e-10,
        "E_A_bitwise_equal": false
      },
      "geometry_checkpoint_output_errors": {
        "E_max_abs": 0.0,
        "A_max_abs": 3.725290298461914e-09,
        "native_f_max_abs": 2.008828504582172e-09,
        "E_A_bitwise_equal": false
      },
      "geometry_checkpoint_load_forward_numerical_pass": true,
      "checkpoint_sha256": "dfaea9bb60fda66600537e2db6a245b071414f0908087a71a112a3689d5d4ac6",
      "geometry_checkpoint_sha256": "76838a422d0dbc412ef3c09c7e5bdf04bc2b747c11db8c1a09d574feb0375806"
    },
    "local": {
      "initial_base_tensor_sha256": "231dfaf3ffc8056e851ddac34e941fa34eee3af0f7ff9687ecab6d24d6fa1cd2",
      "fixture_order_sha256": "5d7fef6953e9ae587d0524bee67f60ccc4504f3eb7b7a19f5d3b51f74dddb3a7",
      "updates": 3,
      "gradient_audits": [
        {
          "preupdate_losses": {
            "total": 9.175848960876465,
            "energy": 8.585359573364258,
            "trace": 0.5904890894889832,
            "decorrelation": 0.9305992126464844,
            "base": 9.175848960876465
          },
          "direct_trace_E_gradient_l2": 0.0,
          "direct_trace_A_gradient_l2": 0.16692146323464177,
          "term_parameter_gradient_l2": {
            "energy": 19.78722364511536,
            "trace": 0.9904436315559126
          },
          "preclip_branch_gradient_l2": {
            "base_gradient_l2": 19.808945078856034,
            "gate_gradient_l2": 3.5619262715314745e-08
          },
          "transport_diagnostics": {
            "block2_l1_delta_norm_sum": 0.0,
            "block2_l1_delta_norm_count": 580,
            "block2_l1_delta_norm_min": 0.0,
            "block2_l1_delta_norm_max": 0.0,
            "block2_l1_original_message_norm_sum": 94.23712158203125,
            "block2_l1_original_message_norm_count": 580,
            "block2_l1_original_message_norm_min": 2.038444790741778e-06,
            "block2_l1_original_message_norm_max": 0.31160426139831543,
            "block2_l1_preblock_T_norm_sum": 151.37477111816406,
            "block2_l1_preblock_T_norm_count": 580,
            "block2_l1_preblock_T_norm_min": 3.7662041449948447e-06,
            "block2_l1_preblock_T_norm_max": 0.5042270421981812,
            "block2_l1_regularized_relative_to_message_sum": 0.0,
            "block2_l1_regularized_relative_to_message_count": 580,
            "block2_l1_regularized_relative_to_message_min": 0.0,
            "block2_l1_regularized_relative_to_message_max": 0.0,
            "block2_l1_regularized_relative_to_preblock_sum": 0.0,
            "block2_l1_regularized_relative_to_preblock_count": 580,
            "block2_l1_regularized_relative_to_preblock_min": 0.0,
            "block2_l1_regularized_relative_to_preblock_max": 0.0,
            "block2_l1_message_zero_count": 0,
            "block2_l1_preblock_zero_count": 0,
            "block2_l1_message_below_floor_count": 0,
            "block2_l1_preblock_below_floor_count": 0,
            "block2_l2_delta_norm_sum": 0.0,
            "block2_l2_delta_norm_count": 580,
            "block2_l2_delta_norm_min": 0.0,
            "block2_l2_delta_norm_max": 0.0,
            "block2_l2_original_message_norm_sum": 124.89794921875,
            "block2_l2_original_message_norm_count": 580,
            "block2_l2_original_message_norm_min": 4.020569576823618e-06,
            "block2_l2_original_message_norm_max": 0.43779516220092773,
            "block2_l2_preblock_T_norm_sum": 165.1802978515625,
            "block2_l2_preblock_T_norm_count": 580,
            "block2_l2_preblock_T_norm_min": 5.597848030447494e-06,
            "block2_l2_preblock_T_norm_max": 0.4915030598640442,
            "block2_l2_regularized_relative_to_message_sum": 0.0,
            "block2_l2_regularized_relative_to_message_count": 580,
            "block2_l2_regularized_relative_to_message_min": 0.0,
            "block2_l2_regularized_relative_to_message_max": 0.0,
            "block2_l2_regularized_relative_to_preblock_sum": 0.0,
            "block2_l2_regularized_relative_to_preblock_count": 580,
            "block2_l2_regularized_relative_to_preblock_min": 0.0,
            "block2_l2_regularized_relative_to_preblock_max": 0.0,
            "block2_l2_message_zero_count": 0,
            "block2_l2_preblock_zero_count": 0,
            "block2_l2_message_below_floor_count": 0,
            "block2_l2_preblock_below_floor_count": 0,
            "block2_l3_delta_norm_sum": 0.0,
            "block2_l3_delta_norm_count": 580,
            "block2_l3_delta_norm_min": 0.0,
            "block2_l3_delta_norm_max": 0.0,
            "block2_l3_original_message_norm_sum": 168.9532012939453,
            "block2_l3_original_message_norm_count": 580,
            "block2_l3_original_message_norm_min": 0.11327990144491196,
            "block2_l3_original_message_norm_max": 0.5948119759559631,
            "block2_l3_preblock_T_norm_sum": 188.76788330078125,
            "block2_l3_preblock_T_norm_count": 580,
            "block2_l3_preblock_T_norm_min": 0.15813420712947845,
            "block2_l3_preblock_T_norm_max": 0.6864972114562988,
            "block2_l3_regularized_relative_to_message_sum": 0.0,
            "block2_l3_regularized_relative_to_message_count": 580,
            "block2_l3_regularized_relative_to_message_min": 0.0,
            "block2_l3_regularized_relative_to_message_max": 0.0,
            "block2_l3_regularized_relative_to_preblock_sum": 0.0,
            "block2_l3_regularized_relative_to_preblock_count": 580,
            "block2_l3_regularized_relative_to_preblock_min": 0.0,
            "block2_l3_regularized_relative_to_preblock_max": 0.0,
            "block2_l3_message_zero_count": 0,
            "block2_l3_preblock_zero_count": 0,
            "block2_l3_message_below_floor_count": 0,
            "block2_l3_preblock_below_floor_count": 0,
            "block2_coefficient_min": 0.0,
            "block2_coefficient_max": 0.0,
            "block2_theta_l2_mean": 0.0,
            "block3_l1_delta_norm_sum": 0.0,
            "block3_l1_delta_norm_count": 580,
            "block3_l1_delta_norm_min": 0.0,
            "block3_l1_delta_norm_max": 0.0,
            "block3_l1_original_message_norm_sum": 123.20354461669922,
            "block3_l1_original_message_norm_count": 580,
            "block3_l1_original_message_norm_min": 2.6323064048483502e-06,
            "block3_l1_original_message_norm_max": 0.4021690785884857,
            "block3_l1_preblock_T_norm_sum": 174.89404296875,
            "block3_l1_preblock_T_norm_count": 580,
            "block3_l1_preblock_T_norm_min": 4.243529019731795e-06,
            "block3_l1_preblock_T_norm_max": 0.5648697018623352,
            "block3_l1_regularized_relative_to_message_sum": 0.0,
            "block3_l1_regularized_relative_to_message_count": 580,
            "block3_l1_regularized_relative_to_message_min": 0.0,
            "block3_l1_regularized_relative_to_message_max": 0.0,
            "block3_l1_regularized_relative_to_preblock_sum": 0.0,
            "block3_l1_regularized_relative_to_preblock_count": 580,
            "block3_l1_regularized_relative_to_preblock_min": 0.0,
            "block3_l1_regularized_relative_to_preblock_max": 0.0,
            "block3_l1_message_zero_count": 0,
            "block3_l1_preblock_zero_count": 0,
            "block3_l1_message_below_floor_count": 0,
            "block3_l1_preblock_below_floor_count": 0,
            "block3_l2_delta_norm_sum": 0.0,
            "block3_l2_delta_norm_count": 580,
            "block3_l2_delta_norm_min": 0.0,
            "block3_l2_delta_norm_max": 0.0,
            "block3_l2_original_message_norm_sum": 152.52099609375,
            "block3_l2_original_message_norm_count": 580,
            "block3_l2_original_message_norm_min": 4.7537541831843555e-06,
            "block3_l2_original_message_norm_max": 0.4771321713924408,
            "block3_l2_preblock_T_norm_sum": 206.51881408691406,
            "block3_l2_preblock_T_norm_count": 580,
            "block3_l2_preblock_T_norm_min": 6.737539024470607e-06,
            "block3_l2_preblock_T_norm_max": 0.6038349866867065,
            "block3_l2_regularized_relative_to_message_sum": 0.0,
            "block3_l2_regularized_relative_to_message_count": 580,
            "block3_l2_regularized_relative_to_message_min": 0.0,
            "block3_l2_regularized_relative_to_message_max": 0.0,
            "block3_l2_regularized_relative_to_preblock_sum": 0.0,
            "block3_l2_regularized_relative_to_preblock_count": 580,
            "block3_l2_regularized_relative_to_preblock_min": 0.0,
            "block3_l2_regularized_relative_to_preblock_max": 0.0,
            "block3_l2_message_zero_count": 0,
            "block3_l2_preblock_zero_count": 0,
            "block3_l2_message_below_floor_count": 0,
            "block3_l2_preblock_below_floor_count": 0,
            "block3_l3_delta_norm_sum": 0.0,
            "block3_l3_delta_norm_count": 580,
            "block3_l3_delta_norm_min": 0.0,
            "block3_l3_delta_norm_max": 0.0,
            "block3_l3_original_message_norm_sum": 178.97433471679688,
            "block3_l3_original_message_norm_count": 580,
            "block3_l3_original_message_norm_min": 0.11046944558620453,
            "block3_l3_original_message_norm_max": 0.7210420370101929,
            "block3_l3_preblock_T_norm_sum": 254.8746337890625,
            "block3_l3_preblock_T_norm_count": 580,
            "block3_l3_preblock_T_norm_min": 0.20591606199741364,
            "block3_l3_preblock_T_norm_max": 0.9346020221710205,
            "block3_l3_regularized_relative_to_message_sum": 0.0,
            "block3_l3_regularized_relative_to_message_count": 580,
            "block3_l3_regularized_relative_to_message_min": 0.0,
            "block3_l3_regularized_relative_to_message_max": 0.0,
            "block3_l3_regularized_relative_to_preblock_sum": 0.0,
            "block3_l3_regularized_relative_to_preblock_count": 580,
            "block3_l3_regularized_relative_to_preblock_min": 0.0,
            "block3_l3_regularized_relative_to_preblock_max": 0.0,
            "block3_l3_message_zero_count": 0,
            "block3_l3_preblock_zero_count": 0,
            "block3_l3_message_below_floor_count": 0,
            "block3_l3_preblock_below_floor_count": 0,
            "block3_coefficient_min": 0.0,
            "block3_coefficient_max": 0.0,
            "block3_theta_l2_mean": 0.0,
            "raw_M_norm_min": 0.01725916936993599,
            "raw_M_norm_max": 0.19047975540161133,
            "raw_M_norm_mean": 0.07781112194061279
          },
          "coefficient_or_LR_adjusted": false
        },
        {
          "preupdate_losses": {
            "total": 3.4571750164031982,
            "energy": 2.7790708541870117,
            "trace": 0.6781041622161865,
            "decorrelation": 0.9559526443481445,
            "base": 3.4571750164031982
          },
          "direct_trace_E_gradient_l2": 0.0,
          "direct_trace_A_gradient_l2": 0.17887699444616148,
          "term_parameter_gradient_l2": {
            "energy": 13.689845184778672,
            "trace": 0.6437251459333361
          },
          "preclip_branch_gradient_l2": {
            "base_gradient_l2": 13.696919371671564,
            "gate_gradient_l2": 2.8214558129312834e-08
          },
          "transport_diagnostics": {
            "block2_l1_delta_norm_sum": 1.0658845894795377e-05,
            "block2_l1_delta_norm_count": 734,
            "block2_l1_delta_norm_min": 2.647856600646037e-09,
            "block2_l1_delta_norm_max": 8.67150760086588e-08,
            "block2_l1_original_message_norm_sum": 146.6420440673828,
            "block2_l1_original_message_norm_count": 734,
            "block2_l1_original_message_norm_min": 0.10516739636659622,
            "block2_l1_original_message_norm_max": 0.32271650433540344,
            "block2_l1_preblock_T_norm_sum": 194.93035888671875,
            "block2_l1_preblock_T_norm_count": 734,
            "block2_l1_preblock_T_norm_min": 0.14162138104438782,
            "block2_l1_preblock_T_norm_max": 0.5167531967163086,
            "block2_l1_regularized_relative_to_message_sum": 5.273010901873931e-05,
            "block2_l1_regularized_relative_to_message_count": 734,
            "block2_l1_regularized_relative_to_message_min": 1.995975118518345e-08,
            "block2_l1_regularized_relative_to_message_max": 5.885419795959024e-07,
            "block2_l1_regularized_relative_to_preblock_sum": 3.690487574203871e-05,
            "block2_l1_regularized_relative_to_preblock_count": 734,
            "block2_l1_regularized_relative_to_preblock_min": 1.786176540008455e-08,
            "block2_l1_regularized_relative_to_preblock_max": 3.1571110525874246e-07,
            "block2_l1_message_zero_count": 0,
            "block2_l1_preblock_zero_count": 0,
            "block2_l1_message_below_floor_count": 0,
            "block2_l1_preblock_below_floor_count": 0,
            "block2_l2_delta_norm_sum": 9.165802111965604e-06,
            "block2_l2_delta_norm_count": 734,
            "block2_l2_delta_norm_min": 3.916690971550452e-09,
            "block2_l2_delta_norm_max": 5.031860084159234e-08,
            "block2_l2_original_message_norm_sum": 183.0240936279297,
            "block2_l2_original_message_norm_count": 734,
            "block2_l2_original_message_norm_min": 0.14369240403175354,
            "block2_l2_original_message_norm_max": 0.4142625629901886,
            "block2_l2_preblock_T_norm_sum": 216.79832458496094,
            "block2_l2_preblock_T_norm_count": 734,
            "block2_l2_preblock_T_norm_min": 0.1543695330619812,
            "block2_l2_preblock_T_norm_max": 0.5340774655342102,
            "block2_l2_regularized_relative_to_message_sum": 3.603122240747325e-05,
            "block2_l2_regularized_relative_to_message_count": 734,
            "block2_l2_regularized_relative_to_message_min": 1.6734603036638873e-08,
            "block2_l2_regularized_relative_to_message_max": 2.273179120493296e-07,
            "block2_l2_regularized_relative_to_preblock_sum": 3.001964432769455e-05,
            "block2_l2_regularized_relative_to_preblock_count": 734,
            "block2_l2_regularized_relative_to_preblock_min": 1.922566106316026e-08,
            "block2_l2_regularized_relative_to_preblock_max": 1.695654106015354e-07,
            "block2_l2_message_zero_count": 0,
            "block2_l2_preblock_zero_count": 0,
            "block2_l2_message_below_floor_count": 0,
            "block2_l2_preblock_below_floor_count": 0,
            "block2_l3_delta_norm_sum": 1.7582597422460822e-07,
            "block2_l3_delta_norm_count": 734,
            "block2_l3_delta_norm_min": 5.803134014992217e-11,
            "block2_l3_delta_norm_max": 1.6006611591734554e-09,
            "block2_l3_original_message_norm_sum": 236.71719360351562,
            "block2_l3_original_message_norm_count": 734,
            "block2_l3_original_message_norm_min": 0.17043770849704742,
            "block2_l3_original_message_norm_max": 0.5728137493133545,
            "block2_l3_preblock_T_norm_sum": 253.40896606445312,
            "block2_l3_preblock_T_norm_count": 734,
            "block2_l3_preblock_T_norm_min": 0.18436923623085022,
            "block2_l3_preblock_T_norm_max": 0.7144885659217834,
            "block2_l3_regularized_relative_to_message_sum": 4.774429953613435e-07,
            "block2_l3_regularized_relative_to_message_count": 734,
            "block2_l3_regularized_relative_to_message_min": 2.0703788683462676e-10,
            "block2_l3_regularized_relative_to_message_max": 3.1157443292073594e-09,
            "block2_l3_regularized_relative_to_preblock_sum": 4.3000298433071293e-07,
            "block2_l3_regularized_relative_to_preblock_count": 734,
            "block2_l3_regularized_relative_to_preblock_min": 2.5131757785956665e-10,
            "block2_l3_regularized_relative_to_preblock_max": 2.743236082736189e-09,
            "block2_l3_message_zero_count": 0,
            "block2_l3_preblock_zero_count": 0,
            "block2_l3_message_below_floor_count": 0,
            "block2_l3_preblock_below_floor_count": 0,
            "block2_coefficient_min": -0.00011876485223183408,
            "block2_coefficient_max": 0.0001640554837649688,
            "block2_theta_l2_mean": 0.0004545852425508201,
            "block3_l1_delta_norm_sum": 2.3756940208841115e-05,
            "block3_l1_delta_norm_count": 734,
            "block3_l1_delta_norm_min": 8.189629419064204e-09,
            "block3_l1_delta_norm_max": 1.1231112040377411e-07,
            "block3_l1_original_message_norm_sum": 186.48709106445312,
            "block3_l1_original_message_norm_count": 734,
            "block3_l1_original_message_norm_min": 0.1299341917037964,
            "block3_l1_original_message_norm_max": 0.4293876886367798,
            "block3_l1_preblock_T_norm_sum": 244.36508178710938,
            "block3_l1_preblock_T_norm_count": 734,
            "block3_l1_preblock_T_norm_min": 0.176626518368721,
            "block3_l1_preblock_T_norm_max": 0.6141713261604309,
            "block3_l1_regularized_relative_to_message_sum": 8.846501441439614e-05,
            "block3_l1_regularized_relative_to_message_count": 734,
            "block3_l1_regularized_relative_to_message_min": 3.9568654131016956e-08,
            "block3_l1_regularized_relative_to_message_max": 5.794894946120621e-07,
            "block3_l1_regularized_relative_to_preblock_sum": 6.580464832950383e-05,
            "block3_l1_regularized_relative_to_preblock_count": 734,
            "block3_l1_regularized_relative_to_preblock_min": 3.067822973434886e-08,
            "block3_l1_regularized_relative_to_preblock_max": 3.010775628808915e-07,
            "block3_l1_message_zero_count": 0,
            "block3_l1_preblock_zero_count": 0,
            "block3_l1_message_below_floor_count": 0,
            "block3_l1_preblock_below_floor_count": 0,
            "block3_l2_delta_norm_sum": 2.3264463379746303e-05,
            "block3_l2_delta_norm_count": 734,
            "block3_l2_delta_norm_min": 9.285535007563794e-09,
            "block3_l2_delta_norm_max": 1.169204750794961e-07,
            "block3_l2_original_message_norm_sum": 220.1201934814453,
            "block3_l2_original_message_norm_count": 734,
            "block3_l2_original_message_norm_min": 0.15003299713134766,
            "block3_l2_original_message_norm_max": 0.614372968673706,
            "block3_l2_preblock_T_norm_sum": 282.64447021484375,
            "block3_l2_preblock_T_norm_count": 734,
            "block3_l2_preblock_T_norm_min": 0.21678777039051056,
            "block3_l2_preblock_T_norm_max": 0.6413915753364563,
            "block3_l2_regularized_relative_to_message_sum": 7.423807983286679e-05,
            "block3_l2_regularized_relative_to_message_count": 734,
            "block3_l2_regularized_relative_to_message_min": 3.6072570708256535e-08,
            "block3_l2_regularized_relative_to_message_max": 4.6337447656696895e-07,
            "block3_l2_regularized_relative_to_preblock_sum": 5.761020292993635e-05,
            "block3_l2_regularized_relative_to_preblock_count": 734,
            "block3_l2_regularized_relative_to_preblock_min": 2.5177214979521523e-08,
            "block3_l2_regularized_relative_to_preblock_max": 3.3836207080639724e-07,
            "block3_l2_message_zero_count": 0,
            "block3_l2_preblock_zero_count": 0,
            "block3_l2_message_below_floor_count": 0,
            "block3_l2_preblock_below_floor_count": 0,
            "block3_l3_delta_norm_sum": 4.2279185663574026e-07,
            "block3_l3_delta_norm_count": 734,
            "block3_l3_delta_norm_min": 9.782448462392068e-11,
            "block3_l3_delta_norm_max": 2.790669251240274e-09,
            "block3_l3_original_message_norm_sum": 254.1180419921875,
            "block3_l3_original_message_norm_count": 734,
            "block3_l3_original_message_norm_min": 0.1560278981924057,
            "block3_l3_original_message_norm_max": 0.6424376964569092,
            "block3_l3_preblock_T_norm_sum": 342.7510070800781,
            "block3_l3_preblock_T_norm_count": 734,
            "block3_l3_preblock_T_norm_min": 0.2541618347167969,
            "block3_l3_preblock_T_norm_max": 0.853672206401825,
            "block3_l3_regularized_relative_to_message_sum": 1.06391848930798e-06,
            "block3_l3_regularized_relative_to_message_count": 734,
            "block3_l3_regularized_relative_to_message_min": 4.0843320392447424e-10,
            "block3_l3_regularized_relative_to_message_max": 5.633143285166398e-09,
            "block3_l3_regularized_relative_to_preblock_sum": 7.814624609636667e-07,
            "block3_l3_regularized_relative_to_preblock_count": 734,
            "block3_l3_regularized_relative_to_preblock_min": 2.595949843975376e-10,
            "block3_l3_regularized_relative_to_preblock_max": 4.288985167022474e-09,
            "block3_l3_message_zero_count": 0,
            "block3_l3_preblock_zero_count": 0,
            "block3_l3_message_below_floor_count": 0,
            "block3_l3_preblock_below_floor_count": 0,
            "block3_coefficient_min": -0.00011310954141663387,
            "block3_coefficient_max": 0.00021758915681857616,
            "block3_theta_l2_mean": 0.0006615727907046676,
            "raw_M_norm_min": 0.05287198722362518,
            "raw_M_norm_max": 0.34187403321266174,
            "raw_M_norm_mean": 0.15797320008277893
          },
          "coefficient_or_LR_adjusted": false
        },
        {
          "preupdate_losses": {
            "total": 3.4571750164031982,
            "energy": 2.7790708541870117,
            "trace": 0.6781041622161865,
            "decorrelation": 0.9559526443481445,
            "base": 3.4571750164031982
          },
          "direct_trace_E_gradient_l2": 0.0,
          "direct_trace_A_gradient_l2": 0.17887699431182982,
          "term_parameter_gradient_l2": {
            "energy": 13.689844884894637,
            "trace": 0.6437251486974647
          },
          "preclip_branch_gradient_l2": {
            "base_gradient_l2": 13.696919070610663,
            "gate_gradient_l2": 2.8214558895838787e-08
          },
          "transport_diagnostics": {
            "block2_l1_delta_norm_sum": 1.0658845894795377e-05,
            "block2_l1_delta_norm_count": 734,
            "block2_l1_delta_norm_min": 2.6478570447352467e-09,
            "block2_l1_delta_norm_max": 8.67150760086588e-08,
            "block2_l1_original_message_norm_sum": 146.6420440673828,
            "block2_l1_original_message_norm_count": 734,
            "block2_l1_original_message_norm_min": 0.10516741126775742,
            "block2_l1_original_message_norm_max": 0.32271650433540344,
            "block2_l1_preblock_T_norm_sum": 194.93035888671875,
            "block2_l1_preblock_T_norm_count": 734,
            "block2_l1_preblock_T_norm_min": 0.141621395945549,
            "block2_l1_preblock_T_norm_max": 0.5167532563209534,
            "block2_l1_regularized_relative_to_message_sum": 5.273010901873931e-05,
            "block2_l1_regularized_relative_to_message_count": 734,
            "block2_l1_regularized_relative_to_message_min": 1.995975118518345e-08,
            "block2_l1_regularized_relative_to_message_max": 5.885419795959024e-07,
            "block2_l1_regularized_relative_to_preblock_sum": 3.690487574203871e-05,
            "block2_l1_regularized_relative_to_preblock_count": 734,
            "block2_l1_regularized_relative_to_preblock_min": 1.786176717644139e-08,
            "block2_l1_regularized_relative_to_preblock_max": 3.1571110525874246e-07,
            "block2_l1_message_zero_count": 0,
            "block2_l1_preblock_zero_count": 0,
            "block2_l1_message_below_floor_count": 0,
            "block2_l1_preblock_below_floor_count": 0,
            "block2_l2_delta_norm_sum": 9.165802111965604e-06,
            "block2_l2_delta_norm_count": 734,
            "block2_l2_delta_norm_min": 3.916690971550452e-09,
            "block2_l2_delta_norm_max": 5.031860084159234e-08,
            "block2_l2_original_message_norm_sum": 183.0240936279297,
            "block2_l2_original_message_norm_count": 734,
            "block2_l2_original_message_norm_min": 0.14369240403175354,
            "block2_l2_original_message_norm_max": 0.4142625629901886,
            "block2_l2_preblock_T_norm_sum": 216.79830932617188,
            "block2_l2_preblock_T_norm_count": 734,
            "block2_l2_preblock_T_norm_min": 0.1543695330619812,
            "block2_l2_preblock_T_norm_max": 0.5340774655342102,
            "block2_l2_regularized_relative_to_message_sum": 3.603122240747325e-05,
            "block2_l2_regularized_relative_to_message_count": 734,
            "block2_l2_regularized_relative_to_message_min": 1.6734603036638873e-08,
            "block2_l2_regularized_relative_to_message_max": 2.2731788362762018e-07,
            "block2_l2_regularized_relative_to_preblock_sum": 3.001964432769455e-05,
            "block2_l2_regularized_relative_to_preblock_count": 734,
            "block2_l2_regularized_relative_to_preblock_min": 1.922566106316026e-08,
            "block2_l2_regularized_relative_to_preblock_max": 1.695654106015354e-07,
            "block2_l2_message_zero_count": 0,
            "block2_l2_preblock_zero_count": 0,
            "block2_l2_message_below_floor_count": 0,
            "block2_l2_preblock_below_floor_count": 0,
            "block2_l3_delta_norm_sum": 1.7582597422460822e-07,
            "block2_l3_delta_norm_count": 734,
            "block2_l3_delta_norm_min": 5.803133321102827e-11,
            "block2_l3_delta_norm_max": 1.6006611591734554e-09,
            "block2_l3_original_message_norm_sum": 236.71719360351562,
            "block2_l3_original_message_norm_count": 734,
            "block2_l3_original_message_norm_min": 0.17043770849704742,
            "block2_l3_original_message_norm_max": 0.5728137493133545,
            "block2_l3_preblock_T_norm_sum": 253.40896606445312,
            "block2_l3_preblock_T_norm_count": 734,
            "block2_l3_preblock_T_norm_min": 0.18436923623085022,
            "block2_l3_preblock_T_norm_max": 0.7144885659217834,
            "block2_l3_regularized_relative_to_message_sum": 4.774429953613435e-07,
            "block2_l3_regularized_relative_to_message_count": 734,
            "block2_l3_regularized_relative_to_message_min": 2.0703788683462676e-10,
            "block2_l3_regularized_relative_to_message_max": 3.1157443292073594e-09,
            "block2_l3_regularized_relative_to_preblock_sum": 4.3000298433071293e-07,
            "block2_l3_regularized_relative_to_preblock_count": 734,
            "block2_l3_regularized_relative_to_preblock_min": 2.5131757785956665e-10,
            "block2_l3_regularized_relative_to_preblock_max": 2.743236082736189e-09,
            "block2_l3_message_zero_count": 0,
            "block2_l3_preblock_zero_count": 0,
            "block2_l3_message_below_floor_count": 0,
            "block2_l3_preblock_below_floor_count": 0,
            "block2_coefficient_min": -0.00011876485223183408,
            "block2_coefficient_max": 0.0001640554837649688,
            "block2_theta_l2_mean": 0.0004545852425508201,
            "block3_l1_delta_norm_sum": 2.3756940208841115e-05,
            "block3_l1_delta_norm_count": 734,
            "block3_l1_delta_norm_min": 8.189629419064204e-09,
            "block3_l1_delta_norm_max": 1.1231112750920147e-07,
            "block3_l1_original_message_norm_sum": 186.4871063232422,
            "block3_l1_original_message_norm_count": 734,
            "block3_l1_original_message_norm_min": 0.1299341768026352,
            "block3_l1_original_message_norm_max": 0.4293876886367798,
            "block3_l1_preblock_T_norm_sum": 244.3650665283203,
            "block3_l1_preblock_T_norm_count": 734,
            "block3_l1_preblock_T_norm_min": 0.176626518368721,
            "block3_l1_preblock_T_norm_max": 0.6141713261604309,
            "block3_l1_regularized_relative_to_message_sum": 8.846502169035375e-05,
            "block3_l1_regularized_relative_to_message_count": 734,
            "block3_l1_regularized_relative_to_message_min": 3.9568654131016956e-08,
            "block3_l1_regularized_relative_to_message_max": 5.79489551455481e-07,
            "block3_l1_regularized_relative_to_preblock_sum": 6.580464832950383e-05,
            "block3_l1_regularized_relative_to_preblock_count": 734,
            "block3_l1_regularized_relative_to_preblock_min": 3.067822618163518e-08,
            "block3_l1_regularized_relative_to_preblock_max": 3.010775628808915e-07,
            "block3_l1_message_zero_count": 0,
            "block3_l1_preblock_zero_count": 0,
            "block3_l1_message_below_floor_count": 0,
            "block3_l1_preblock_below_floor_count": 0,
            "block3_l2_delta_norm_sum": 2.3264463379746303e-05,
            "block3_l2_delta_norm_count": 734,
            "block3_l2_delta_norm_min": 9.285535007563794e-09,
            "block3_l2_delta_norm_max": 1.1692051060663289e-07,
            "block3_l2_original_message_norm_sum": 220.1201934814453,
            "block3_l2_original_message_norm_count": 734,
            "block3_l2_original_message_norm_min": 0.15003299713134766,
            "block3_l2_original_message_norm_max": 0.614372968673706,
            "block3_l2_preblock_T_norm_sum": 282.64447021484375,
            "block3_l2_preblock_T_norm_count": 734,
            "block3_l2_preblock_T_norm_min": 0.21678777039051056,
            "block3_l2_preblock_T_norm_max": 0.6413915753364563,
            "block3_l2_regularized_relative_to_message_sum": 7.423807983286679e-05,
            "block3_l2_regularized_relative_to_message_count": 734,
            "block3_l2_regularized_relative_to_message_min": 3.6072567155542856e-08,
            "block3_l2_regularized_relative_to_message_max": 4.6337439130184066e-07,
            "block3_l2_regularized_relative_to_preblock_sum": 5.761020292993635e-05,
            "block3_l2_regularized_relative_to_preblock_count": 734,
            "block3_l2_regularized_relative_to_preblock_min": 2.5177214979521523e-08,
            "block3_l2_regularized_relative_to_preblock_max": 3.3836207080639724e-07,
            "block3_l2_message_zero_count": 0,
            "block3_l2_preblock_zero_count": 0,
            "block3_l2_message_below_floor_count": 0,
            "block3_l2_preblock_below_floor_count": 0,
            "block3_l3_delta_norm_sum": 4.2279185663574026e-07,
            "block3_l3_delta_norm_count": 734,
            "block3_l3_delta_norm_min": 9.782449156281459e-11,
            "block3_l3_delta_norm_max": 2.790669917374089e-09,
            "block3_l3_original_message_norm_sum": 254.1180419921875,
            "block3_l3_original_message_norm_count": 734,
            "block3_l3_original_message_norm_min": 0.1560278981924057,
            "block3_l3_original_message_norm_max": 0.6424376964569092,
            "block3_l3_preblock_T_norm_sum": 342.7509765625,
            "block3_l3_preblock_T_norm_count": 734,
            "block3_l3_preblock_T_norm_min": 0.2541618347167969,
            "block3_l3_preblock_T_norm_max": 0.8536721467971802,
            "block3_l3_regularized_relative_to_message_sum": 1.06391848930798e-06,
            "block3_l3_regularized_relative_to_message_count": 734,
            "block3_l3_regularized_relative_to_message_min": 4.0843317616889863e-10,
            "block3_l3_regularized_relative_to_message_max": 5.633142841077188e-09,
            "block3_l3_regularized_relative_to_preblock_sum": 7.814624609636667e-07,
            "block3_l3_regularized_relative_to_preblock_count": 734,
            "block3_l3_regularized_relative_to_preblock_min": 2.595950121531132e-10,
            "block3_l3_regularized_relative_to_preblock_max": 4.288985167022474e-09,
            "block3_l3_message_zero_count": 0,
            "block3_l3_preblock_zero_count": 0,
            "block3_l3_message_below_floor_count": 0,
            "block3_l3_preblock_below_floor_count": 0,
            "block3_coefficient_min": -0.00011310954141663387,
            "block3_coefficient_max": 0.00021758915681857616,
            "block3_theta_l2_mean": 0.0006615727907046676,
            "raw_M_norm_min": 0.05287198722362518,
            "raw_M_norm_max": 0.34187400341033936,
            "raw_M_norm_mean": 0.15797320008277893
          },
          "coefficient_or_LR_adjusted": false
        }
      ],
      "update_losses": [
        {
          "total": 9.175848960876465,
          "energy": 8.585359573364258,
          "trace": 0.5904890894889832,
          "decorrelation": 0.9305992126464844,
          "base": 9.175848960876465
        },
        {
          "total": 3.4571750164031982,
          "energy": 2.7790708541870117,
          "trace": 0.6781041622161865,
          "decorrelation": 0.9559526443481445,
          "base": 3.4571750164031982
        },
        {
          "total": 3.4571750164031982,
          "energy": 2.7790708541870117,
          "trace": 0.6781041622161865,
          "decorrelation": 0.9559526443481445,
          "base": 3.4571750164031982
        }
      ],
      "preclip_norms": [
        19.808944702148438,
        13.696919441223145,
        13.696919441223145
      ],
      "clipped": [
        true,
        true,
        true
      ],
      "model_replay_max_abs": 1.1920928955078125e-07,
      "optimizer_replay_max_abs": 1.4901161193847656e-08,
      "loss_replay_abs": 0.0,
      "rng_and_order_exact_before_and_after_replay": true,
      "three_updates_seconds": 2.459596872329712,
      "peak_allocated_bytes": 931167232,
      "initial_output_errors": {
        "E_max_abs": 4.76837158203125e-07,
        "A_max_abs": 9.313225746154785e-09,
        "native_f_max_abs": 3.833712106451892e-09,
        "E_A_bitwise_equal": false
      },
      "geometry_checkpoint_output_errors": {
        "E_max_abs": 0.0,
        "A_max_abs": 9.947598300641403e-14,
        "native_f_max_abs": 0.0,
        "E_A_bitwise_equal": false
      },
      "geometry_checkpoint_load_forward_numerical_pass": true,
      "checkpoint_sha256": "2f30fb838e17d3a6f7af428015b29ff63c255779a9f50f849751e477927ac58e",
      "geometry_checkpoint_sha256": "2002bd5b8139328587a2e7f07b0d006e69086e64866b25c929f7973d0ba5fc36"
    },
    "neighbor": {
      "initial_base_tensor_sha256": "231dfaf3ffc8056e851ddac34e941fa34eee3af0f7ff9687ecab6d24d6fa1cd2",
      "fixture_order_sha256": "5d7fef6953e9ae587d0524bee67f60ccc4504f3eb7b7a19f5d3b51f74dddb3a7",
      "updates": 3,
      "gradient_audits": [
        {
          "preupdate_losses": {
            "total": 9.175848960876465,
            "energy": 8.585359573364258,
            "trace": 0.5904890894889832,
            "decorrelation": 0.9305991530418396,
            "base": 9.175848960876465
          },
          "direct_trace_E_gradient_l2": 0.0,
          "direct_trace_A_gradient_l2": 0.16692146326426738,
          "term_parameter_gradient_l2": {
            "energy": 19.787223631129745,
            "trace": 0.9904436361168807
          },
          "preclip_branch_gradient_l2": {
            "base_gradient_l2": 19.80894506601438,
            "gate_gradient_l2": 1.1816640949298506e-08
          },
          "transport_diagnostics": {
            "block2_l1_delta_norm_sum": 0.0,
            "block2_l1_delta_norm_count": 580,
            "block2_l1_delta_norm_min": 0.0,
            "block2_l1_delta_norm_max": 0.0,
            "block2_l1_original_message_norm_sum": 94.23712158203125,
            "block2_l1_original_message_norm_count": 580,
            "block2_l1_original_message_norm_min": 2.031845724559389e-06,
            "block2_l1_original_message_norm_max": 0.31160426139831543,
            "block2_l1_preblock_T_norm_sum": 151.37477111816406,
            "block2_l1_preblock_T_norm_count": 580,
            "block2_l1_preblock_T_norm_min": 3.7666586649720557e-06,
            "block2_l1_preblock_T_norm_max": 0.5042270421981812,
            "block2_l1_regularized_relative_to_message_sum": 0.0,
            "block2_l1_regularized_relative_to_message_count": 580,
            "block2_l1_regularized_relative_to_message_min": 0.0,
            "block2_l1_regularized_relative_to_message_max": 0.0,
            "block2_l1_regularized_relative_to_preblock_sum": 0.0,
            "block2_l1_regularized_relative_to_preblock_count": 580,
            "block2_l1_regularized_relative_to_preblock_min": 0.0,
            "block2_l1_regularized_relative_to_preblock_max": 0.0,
            "block2_l1_message_zero_count": 0,
            "block2_l1_preblock_zero_count": 0,
            "block2_l1_message_below_floor_count": 0,
            "block2_l1_preblock_below_floor_count": 0,
            "block2_l2_delta_norm_sum": 0.0,
            "block2_l2_delta_norm_count": 580,
            "block2_l2_delta_norm_min": 0.0,
            "block2_l2_delta_norm_max": 0.0,
            "block2_l2_original_message_norm_sum": 124.89794921875,
            "block2_l2_original_message_norm_count": 580,
            "block2_l2_original_message_norm_min": 4.017637820652453e-06,
            "block2_l2_original_message_norm_max": 0.4377951920032501,
            "block2_l2_preblock_T_norm_sum": 165.1802978515625,
            "block2_l2_preblock_T_norm_count": 580,
            "block2_l2_preblock_T_norm_min": 5.598061761702411e-06,
            "block2_l2_preblock_T_norm_max": 0.4915030598640442,
            "block2_l2_regularized_relative_to_message_sum": 0.0,
            "block2_l2_regularized_relative_to_message_count": 580,
            "block2_l2_regularized_relative_to_message_min": 0.0,
            "block2_l2_regularized_relative_to_message_max": 0.0,
            "block2_l2_regularized_relative_to_preblock_sum": 0.0,
            "block2_l2_regularized_relative_to_preblock_count": 580,
            "block2_l2_regularized_relative_to_preblock_min": 0.0,
            "block2_l2_regularized_relative_to_preblock_max": 0.0,
            "block2_l2_message_zero_count": 0,
            "block2_l2_preblock_zero_count": 0,
            "block2_l2_message_below_floor_count": 0,
            "block2_l2_preblock_below_floor_count": 0,
            "block2_l3_delta_norm_sum": 0.0,
            "block2_l3_delta_norm_count": 580,
            "block2_l3_delta_norm_min": 0.0,
            "block2_l3_delta_norm_max": 0.0,
            "block2_l3_original_message_norm_sum": 168.95321655273438,
            "block2_l3_original_message_norm_count": 580,
            "block2_l3_original_message_norm_min": 0.11327990144491196,
            "block2_l3_original_message_norm_max": 0.5948119759559631,
            "block2_l3_preblock_T_norm_sum": 188.76788330078125,
            "block2_l3_preblock_T_norm_count": 580,
            "block2_l3_preblock_T_norm_min": 0.15813420712947845,
            "block2_l3_preblock_T_norm_max": 0.6864972114562988,
            "block2_l3_regularized_relative_to_message_sum": 0.0,
            "block2_l3_regularized_relative_to_message_count": 580,
            "block2_l3_regularized_relative_to_message_min": 0.0,
            "block2_l3_regularized_relative_to_message_max": 0.0,
            "block2_l3_regularized_relative_to_preblock_sum": 0.0,
            "block2_l3_regularized_relative_to_preblock_count": 580,
            "block2_l3_regularized_relative_to_preblock_min": 0.0,
            "block2_l3_regularized_relative_to_preblock_max": 0.0,
            "block2_l3_message_zero_count": 0,
            "block2_l3_preblock_zero_count": 0,
            "block2_l3_message_below_floor_count": 0,
            "block2_l3_preblock_below_floor_count": 0,
            "block2_coefficient_min": 0.0,
            "block2_coefficient_max": 0.0,
            "block2_theta_l2_mean": 0.0,
            "block3_l1_delta_norm_sum": 0.0,
            "block3_l1_delta_norm_count": 580,
            "block3_l1_delta_norm_min": 0.0,
            "block3_l1_delta_norm_max": 0.0,
            "block3_l1_original_message_norm_sum": 123.20354461669922,
            "block3_l1_original_message_norm_count": 580,
            "block3_l1_original_message_norm_min": 2.6408381472720066e-06,
            "block3_l1_original_message_norm_max": 0.4021690785884857,
            "block3_l1_preblock_T_norm_sum": 174.89404296875,
            "block3_l1_preblock_T_norm_count": 580,
            "block3_l1_preblock_T_norm_min": 4.24019162892364e-06,
            "block3_l1_preblock_T_norm_max": 0.5648697018623352,
            "block3_l1_regularized_relative_to_message_sum": 0.0,
            "block3_l1_regularized_relative_to_message_count": 580,
            "block3_l1_regularized_relative_to_message_min": 0.0,
            "block3_l1_regularized_relative_to_message_max": 0.0,
            "block3_l1_regularized_relative_to_preblock_sum": 0.0,
            "block3_l1_regularized_relative_to_preblock_count": 580,
            "block3_l1_regularized_relative_to_preblock_min": 0.0,
            "block3_l1_regularized_relative_to_preblock_max": 0.0,
            "block3_l1_message_zero_count": 0,
            "block3_l1_preblock_zero_count": 0,
            "block3_l1_message_below_floor_count": 0,
            "block3_l1_preblock_below_floor_count": 0,
            "block3_l2_delta_norm_sum": 0.0,
            "block3_l2_delta_norm_count": 580,
            "block3_l2_delta_norm_min": 0.0,
            "block3_l2_delta_norm_max": 0.0,
            "block3_l2_original_message_norm_sum": 152.52099609375,
            "block3_l2_original_message_norm_count": 580,
            "block3_l2_original_message_norm_min": 4.747804723592708e-06,
            "block3_l2_original_message_norm_max": 0.4771321415901184,
            "block3_l2_preblock_T_norm_sum": 206.51881408691406,
            "block3_l2_preblock_T_norm_count": 580,
            "block3_l2_preblock_T_norm_min": 6.733924692525761e-06,
            "block3_l2_preblock_T_norm_max": 0.6038349270820618,
            "block3_l2_regularized_relative_to_message_sum": 0.0,
            "block3_l2_regularized_relative_to_message_count": 580,
            "block3_l2_regularized_relative_to_message_min": 0.0,
            "block3_l2_regularized_relative_to_message_max": 0.0,
            "block3_l2_regularized_relative_to_preblock_sum": 0.0,
            "block3_l2_regularized_relative_to_preblock_count": 580,
            "block3_l2_regularized_relative_to_preblock_min": 0.0,
            "block3_l2_regularized_relative_to_preblock_max": 0.0,
            "block3_l2_message_zero_count": 0,
            "block3_l2_preblock_zero_count": 0,
            "block3_l2_message_below_floor_count": 0,
            "block3_l2_preblock_below_floor_count": 0,
            "block3_l3_delta_norm_sum": 0.0,
            "block3_l3_delta_norm_count": 580,
            "block3_l3_delta_norm_min": 0.0,
            "block3_l3_delta_norm_max": 0.0,
            "block3_l3_original_message_norm_sum": 178.97433471679688,
            "block3_l3_original_message_norm_count": 580,
            "block3_l3_original_message_norm_min": 0.11046944558620453,
            "block3_l3_original_message_norm_max": 0.7210419774055481,
            "block3_l3_preblock_T_norm_sum": 254.8746337890625,
            "block3_l3_preblock_T_norm_count": 580,
            "block3_l3_preblock_T_norm_min": 0.20591606199741364,
            "block3_l3_preblock_T_norm_max": 0.9346020221710205,
            "block3_l3_regularized_relative_to_message_sum": 0.0,
            "block3_l3_regularized_relative_to_message_count": 580,
            "block3_l3_regularized_relative_to_message_min": 0.0,
            "block3_l3_regularized_relative_to_message_max": 0.0,
            "block3_l3_regularized_relative_to_preblock_sum": 0.0,
            "block3_l3_regularized_relative_to_preblock_count": 580,
            "block3_l3_regularized_relative_to_preblock_min": 0.0,
            "block3_l3_regularized_relative_to_preblock_max": 0.0,
            "block3_l3_message_zero_count": 0,
            "block3_l3_preblock_zero_count": 0,
            "block3_l3_message_below_floor_count": 0,
            "block3_l3_preblock_below_floor_count": 0,
            "block3_coefficient_min": 0.0,
            "block3_coefficient_max": 0.0,
            "block3_theta_l2_mean": 0.0,
            "raw_M_norm_min": 0.01725916936993599,
            "raw_M_norm_max": 0.19047977030277252,
            "raw_M_norm_mean": 0.07781112194061279
          },
          "coefficient_or_LR_adjusted": false
        },
        {
          "preupdate_losses": {
            "total": 3.4571750164031982,
            "energy": 2.7790708541870117,
            "trace": 0.6781041622161865,
            "decorrelation": 0.9559526443481445,
            "base": 3.4571750164031982
          },
          "direct_trace_E_gradient_l2": 0.0,
          "direct_trace_A_gradient_l2": 0.17887699445960936,
          "term_parameter_gradient_l2": {
            "energy": 13.689844954140776,
            "trace": 0.6437251566957328
          },
          "preclip_branch_gradient_l2": {
            "base_gradient_l2": 13.69691913880803,
            "gate_gradient_l2": 7.477925073890253e-09
          },
          "transport_diagnostics": {
            "block2_l1_delta_norm_sum": 4.041529791720677e-06,
            "block2_l1_delta_norm_count": 734,
            "block2_l1_delta_norm_min": 1.4565392225662777e-09,
            "block2_l1_delta_norm_max": 2.1361746149750616e-08,
            "block2_l1_original_message_norm_sum": 146.6420440673828,
            "block2_l1_original_message_norm_count": 734,
            "block2_l1_original_message_norm_min": 0.10516742616891861,
            "block2_l1_original_message_norm_max": 0.32271650433540344,
            "block2_l1_preblock_T_norm_sum": 194.93035888671875,
            "block2_l1_preblock_T_norm_count": 734,
            "block2_l1_preblock_T_norm_min": 0.14162138104438782,
            "block2_l1_preblock_T_norm_max": 0.5167532563209534,
            "block2_l1_regularized_relative_to_message_sum": 2.1381019905675203e-05,
            "block2_l1_regularized_relative_to_message_count": 734,
            "block2_l1_regularized_relative_to_message_min": 6.669148788773782e-09,
            "block2_l1_regularized_relative_to_message_max": 1.4042588247775711e-07,
            "block2_l1_regularized_relative_to_preblock_sum": 1.640292066440452e-05,
            "block2_l1_regularized_relative_to_preblock_count": 734,
            "block2_l1_regularized_relative_to_preblock_min": 5.3830881974192835e-09,
            "block2_l1_regularized_relative_to_preblock_max": 1.0134291272834162e-07,
            "block2_l1_message_zero_count": 0,
            "block2_l1_preblock_zero_count": 0,
            "block2_l1_message_below_floor_count": 0,
            "block2_l1_preblock_below_floor_count": 0,
            "block2_l2_delta_norm_sum": 2.9609725515911123e-06,
            "block2_l2_delta_norm_count": 734,
            "block2_l2_delta_norm_min": 1.7622456827126598e-09,
            "block2_l2_delta_norm_max": 1.0184183274475345e-08,
            "block2_l2_original_message_norm_sum": 183.0240936279297,
            "block2_l2_original_message_norm_count": 734,
            "block2_l2_original_message_norm_min": 0.14369237422943115,
            "block2_l2_original_message_norm_max": 0.4142626225948334,
            "block2_l2_preblock_T_norm_sum": 216.79832458496094,
            "block2_l2_preblock_T_norm_count": 734,
            "block2_l2_preblock_T_norm_min": 0.1543695330619812,
            "block2_l2_preblock_T_norm_max": 0.5340774059295654,
            "block2_l2_regularized_relative_to_message_sum": 1.2087594768672716e-05,
            "block2_l2_regularized_relative_to_message_count": 734,
            "block2_l2_regularized_relative_to_message_min": 7.283384562128958e-09,
            "block2_l2_regularized_relative_to_message_max": 6.058038337641847e-08,
            "block2_l2_regularized_relative_to_preblock_sum": 1.0324703907826915e-05,
            "block2_l2_regularized_relative_to_preblock_count": 734,
            "block2_l2_regularized_relative_to_preblock_min": 5.903523891959139e-09,
            "block2_l2_regularized_relative_to_preblock_max": 6.073611302781501e-08,
            "block2_l2_message_zero_count": 0,
            "block2_l2_preblock_zero_count": 0,
            "block2_l2_message_below_floor_count": 0,
            "block2_l2_preblock_below_floor_count": 0,
            "block2_l3_delta_norm_sum": 3.458968222957992e-08,
            "block2_l3_delta_norm_count": 734,
            "block2_l3_delta_norm_min": 2.233723796207787e-11,
            "block2_l3_delta_norm_max": 8.788396399506126e-11,
            "block2_l3_original_message_norm_sum": 236.71722412109375,
            "block2_l3_original_message_norm_count": 734,
            "block2_l3_original_message_norm_min": 0.1704377681016922,
            "block2_l3_original_message_norm_max": 0.5728137493133545,
            "block2_l3_preblock_T_norm_sum": 253.40896606445312,
            "block2_l3_preblock_T_norm_count": 734,
            "block2_l3_preblock_T_norm_min": 0.18436923623085022,
            "block2_l3_preblock_T_norm_max": 0.7144885659217834,
            "block2_l3_regularized_relative_to_message_sum": 1.139692074048071e-07,
            "block2_l3_regularized_relative_to_message_count": 734,
            "block2_l3_regularized_relative_to_message_min": 6.215172820844828e-11,
            "block2_l3_regularized_relative_to_message_max": 4.440330603205922e-10,
            "block2_l3_regularized_relative_to_preblock_sum": 1.1601215277323718e-07,
            "block2_l3_regularized_relative_to_preblock_count": 734,
            "block2_l3_regularized_relative_to_preblock_min": 5.213848450202896e-11,
            "block2_l3_regularized_relative_to_preblock_max": 4.766737005112986e-10,
            "block2_l3_message_zero_count": 0,
            "block2_l3_preblock_zero_count": 0,
            "block2_l3_message_below_floor_count": 0,
            "block2_l3_preblock_below_floor_count": 0,
            "block2_coefficient_min": -0.00010463842045282945,
            "block2_coefficient_max": 6.19436104898341e-05,
            "block2_theta_l2_mean": 0.00018168447422794998,
            "block3_l1_delta_norm_sum": 4.566406460071448e-06,
            "block3_l1_delta_norm_count": 734,
            "block3_l1_delta_norm_min": 2.5836073280771643e-09,
            "block3_l1_delta_norm_max": 1.4118601399104591e-08,
            "block3_l1_original_message_norm_sum": 186.4871063232422,
            "block3_l1_original_message_norm_count": 734,
            "block3_l1_original_message_norm_min": 0.12993420660495758,
            "block3_l1_original_message_norm_max": 0.4293876886367798,
            "block3_l1_preblock_T_norm_sum": 244.36505126953125,
            "block3_l1_preblock_T_norm_count": 734,
            "block3_l1_preblock_T_norm_min": 0.176626518368721,
            "block3_l1_preblock_T_norm_max": 0.6141713261604309,
            "block3_l1_regularized_relative_to_message_sum": 1.8438058759784326e-05,
            "block3_l1_regularized_relative_to_message_count": 734,
            "block3_l1_regularized_relative_to_message_min": 1.0942447836725933e-08,
            "block3_l1_regularized_relative_to_message_max": 7.28357036905436e-08,
            "block3_l1_regularized_relative_to_preblock_sum": 1.4192692106007598e-05,
            "block3_l1_regularized_relative_to_preblock_count": 734,
            "block3_l1_regularized_relative_to_preblock_min": 7.891644671076392e-09,
            "block3_l1_regularized_relative_to_preblock_max": 5.393189539404375e-08,
            "block3_l1_message_zero_count": 0,
            "block3_l1_preblock_zero_count": 0,
            "block3_l1_message_below_floor_count": 0,
            "block3_l1_preblock_below_floor_count": 0,
            "block3_l2_delta_norm_sum": 7.52908454160206e-06,
            "block3_l2_delta_norm_count": 734,
            "block3_l2_delta_norm_min": 4.783105911343455e-09,
            "block3_l2_delta_norm_max": 4.161532984880978e-08,
            "block3_l2_original_message_norm_sum": 220.1201934814453,
            "block3_l2_original_message_norm_count": 734,
            "block3_l2_original_message_norm_min": 0.15003299713134766,
            "block3_l2_original_message_norm_max": 0.614372968673706,
            "block3_l2_preblock_T_norm_sum": 282.64447021484375,
            "block3_l2_preblock_T_norm_count": 734,
            "block3_l2_preblock_T_norm_min": 0.21678780019283295,
            "block3_l2_preblock_T_norm_max": 0.6413915753364563,
            "block3_l2_regularized_relative_to_message_sum": 2.5261626433348283e-05,
            "block3_l2_regularized_relative_to_message_count": 734,
            "block3_l2_regularized_relative_to_message_min": 1.676126970551195e-08,
            "block3_l2_regularized_relative_to_message_max": 1.5096901506694849e-07,
            "block3_l2_regularized_relative_to_preblock_sum": 1.996702849282883e-05,
            "block3_l2_regularized_relative_to_preblock_count": 734,
            "block3_l2_regularized_relative_to_preblock_min": 1.3657988517934427e-08,
            "block3_l2_regularized_relative_to_preblock_max": 1.919634371461143e-07,
            "block3_l2_message_zero_count": 0,
            "block3_l2_preblock_zero_count": 0,
            "block3_l2_message_below_floor_count": 0,
            "block3_l2_preblock_below_floor_count": 0,
            "block3_l3_delta_norm_sum": 5.7657391749899034e-08,
            "block3_l3_delta_norm_count": 734,
            "block3_l3_delta_norm_min": 3.9075524066456424e-11,
            "block3_l3_delta_norm_max": 1.791289616637215e-10,
            "block3_l3_original_message_norm_sum": 254.1180419921875,
            "block3_l3_original_message_norm_count": 734,
            "block3_l3_original_message_norm_min": 0.1560279130935669,
            "block3_l3_original_message_norm_max": 0.6424376964569092,
            "block3_l3_preblock_T_norm_sum": 342.7510070800781,
            "block3_l3_preblock_T_norm_count": 734,
            "block3_l3_preblock_T_norm_min": 0.25416192412376404,
            "block3_l3_preblock_T_norm_max": 0.8536720871925354,
            "block3_l3_regularized_relative_to_message_sum": 1.723577440770896e-07,
            "block3_l3_regularized_relative_to_message_count": 734,
            "block3_l3_regularized_relative_to_message_min": 1.0240087944257681e-10,
            "block3_l3_regularized_relative_to_message_max": 5.664144708816821e-10,
            "block3_l3_regularized_relative_to_preblock_sum": 1.2968438056759624e-07,
            "block3_l3_regularized_relative_to_preblock_count": 734,
            "block3_l3_regularized_relative_to_preblock_min": 7.075320190841339e-11,
            "block3_l3_regularized_relative_to_preblock_max": 5.268459002394366e-10,
            "block3_l3_message_zero_count": 0,
            "block3_l3_preblock_zero_count": 0,
            "block3_l3_message_below_floor_count": 0,
            "block3_l3_preblock_below_floor_count": 0,
            "block3_coefficient_min": -5.22572809131816e-05,
            "block3_coefficient_max": 7.32267799321562e-05,
            "block3_theta_l2_mean": 0.00021918010315857828,
            "raw_M_norm_min": 0.05287198722362518,
            "raw_M_norm_max": 0.34187403321266174,
            "raw_M_norm_mean": 0.15797320008277893
          },
          "coefficient_or_LR_adjusted": false
        },
        {
          "preupdate_losses": {
            "total": 3.4571750164031982,
            "energy": 2.7790708541870117,
            "trace": 0.6781041622161865,
            "decorrelation": 0.9559526443481445,
            "base": 3.4571750164031982
          },
          "direct_trace_E_gradient_l2": 0.0,
          "direct_trace_A_gradient_l2": 0.17887699444930172,
          "term_parameter_gradient_l2": {
            "energy": 13.689844977001114,
            "trace": 0.643725167017515
          },
          "preclip_branch_gradient_l2": {
            "base_gradient_l2": 13.696919163220894,
            "gate_gradient_l2": 7.477925091575932e-09
          },
          "transport_diagnostics": {
            "block2_l1_delta_norm_sum": 4.041529791720677e-06,
            "block2_l1_delta_norm_count": 734,
            "block2_l1_delta_norm_min": 1.456539555633185e-09,
            "block2_l1_delta_norm_max": 2.1361744373393776e-08,
            "block2_l1_original_message_norm_sum": 146.6420440673828,
            "block2_l1_original_message_norm_count": 734,
            "block2_l1_original_message_norm_min": 0.10516742616891861,
            "block2_l1_original_message_norm_max": 0.32271650433540344,
            "block2_l1_preblock_T_norm_sum": 194.93035888671875,
            "block2_l1_preblock_T_norm_count": 734,
            "block2_l1_preblock_T_norm_min": 0.14162138104438782,
            "block2_l1_preblock_T_norm_max": 0.5167531967163086,
            "block2_l1_regularized_relative_to_message_sum": 2.1381019905675203e-05,
            "block2_l1_regularized_relative_to_message_count": 734,
            "block2_l1_regularized_relative_to_message_min": 6.669149676952202e-09,
            "block2_l1_regularized_relative_to_message_max": 1.4042591089946654e-07,
            "block2_l1_regularized_relative_to_preblock_sum": 1.6402922483393922e-05,
            "block2_l1_regularized_relative_to_preblock_count": 734,
            "block2_l1_regularized_relative_to_preblock_min": 5.383087753330074e-09,
            "block2_l1_regularized_relative_to_preblock_max": 1.0134292693919633e-07,
            "block2_l1_message_zero_count": 0,
            "block2_l1_preblock_zero_count": 0,
            "block2_l1_message_below_floor_count": 0,
            "block2_l1_preblock_below_floor_count": 0,
            "block2_l2_delta_norm_sum": 2.9609725515911123e-06,
            "block2_l2_delta_norm_count": 734,
            "block2_l2_delta_norm_min": 1.7622456827126598e-09,
            "block2_l2_delta_norm_max": 1.0184182386296925e-08,
            "block2_l2_original_message_norm_sum": 183.0240936279297,
            "block2_l2_original_message_norm_count": 734,
            "block2_l2_original_message_norm_min": 0.14369235932826996,
            "block2_l2_original_message_norm_max": 0.4142626225948334,
            "block2_l2_preblock_T_norm_sum": 216.79832458496094,
            "block2_l2_preblock_T_norm_count": 734,
            "block2_l2_preblock_T_norm_min": 0.1543695330619812,
            "block2_l2_preblock_T_norm_max": 0.5340774059295654,
            "block2_l2_regularized_relative_to_message_sum": 1.2087594768672716e-05,
            "block2_l2_regularized_relative_to_message_count": 734,
            "block2_l2_regularized_relative_to_message_min": 7.283383673950539e-09,
            "block2_l2_regularized_relative_to_message_max": 6.058038337641847e-08,
            "block2_l2_regularized_relative_to_preblock_sum": 1.0324703907826915e-05,
            "block2_l2_regularized_relative_to_preblock_count": 734,
            "block2_l2_regularized_relative_to_preblock_min": 5.903525224226769e-09,
            "block2_l2_regularized_relative_to_preblock_max": 6.073611302781501e-08,
            "block2_l2_message_zero_count": 0,
            "block2_l2_preblock_zero_count": 0,
            "block2_l2_message_below_floor_count": 0,
            "block2_l2_preblock_below_floor_count": 0,
            "block2_l3_delta_norm_sum": 3.458968222957992e-08,
            "block2_l3_delta_norm_count": 734,
            "block2_l3_delta_norm_min": 2.233723796207787e-11,
            "block2_l3_delta_norm_max": 8.788396399506126e-11,
            "block2_l3_original_message_norm_sum": 236.71722412109375,
            "block2_l3_original_message_norm_count": 734,
            "block2_l3_original_message_norm_min": 0.1704377681016922,
            "block2_l3_original_message_norm_max": 0.5728137493133545,
            "block2_l3_preblock_T_norm_sum": 253.40896606445312,
            "block2_l3_preblock_T_norm_count": 734,
            "block2_l3_preblock_T_norm_min": 0.18436923623085022,
            "block2_l3_preblock_T_norm_max": 0.7144885659217834,
            "block2_l3_regularized_relative_to_message_sum": 1.139692074048071e-07,
            "block2_l3_regularized_relative_to_message_count": 734,
            "block2_l3_regularized_relative_to_message_min": 6.215172126955437e-11,
            "block2_l3_regularized_relative_to_message_max": 4.440330603205922e-10,
            "block2_l3_regularized_relative_to_preblock_sum": 1.1601214566780982e-07,
            "block2_l3_regularized_relative_to_preblock_count": 734,
            "block2_l3_regularized_relative_to_preblock_min": 5.213848450202896e-11,
            "block2_l3_regularized_relative_to_preblock_max": 4.766737005112986e-10,
            "block2_l3_message_zero_count": 0,
            "block2_l3_preblock_zero_count": 0,
            "block2_l3_message_below_floor_count": 0,
            "block2_l3_preblock_below_floor_count": 0,
            "block2_coefficient_min": -0.00010463842045282945,
            "block2_coefficient_max": 6.19436104898341e-05,
            "block2_theta_l2_mean": 0.00018168447422794998,
            "block3_l1_delta_norm_sum": 4.566406460071448e-06,
            "block3_l1_delta_norm_count": 734,
            "block3_l1_delta_norm_min": 2.5836075501217692e-09,
            "block3_l1_delta_norm_max": 1.411860228728301e-08,
            "block3_l1_original_message_norm_sum": 186.48709106445312,
            "block3_l1_original_message_norm_count": 734,
            "block3_l1_original_message_norm_min": 0.12993420660495758,
            "block3_l1_original_message_norm_max": 0.4293876886367798,
            "block3_l1_preblock_T_norm_sum": 244.36505126953125,
            "block3_l1_preblock_T_norm_count": 734,
            "block3_l1_preblock_T_norm_min": 0.176626518368721,
            "block3_l1_preblock_T_norm_max": 0.6141713261604309,
            "block3_l1_regularized_relative_to_message_sum": 1.8438058759784326e-05,
            "block3_l1_regularized_relative_to_message_count": 734,
            "block3_l1_regularized_relative_to_message_min": 1.0942446060369093e-08,
            "block3_l1_regularized_relative_to_message_max": 7.28357036905436e-08,
            "block3_l1_regularized_relative_to_preblock_sum": 1.4192692106007598e-05,
            "block3_l1_regularized_relative_to_preblock_count": 734,
            "block3_l1_regularized_relative_to_preblock_min": 7.891644671076392e-09,
            "block3_l1_regularized_relative_to_preblock_max": 5.393189894675743e-08,
            "block3_l1_message_zero_count": 0,
            "block3_l1_preblock_zero_count": 0,
            "block3_l1_message_below_floor_count": 0,
            "block3_l1_preblock_below_floor_count": 0,
            "block3_l2_delta_norm_sum": 7.529084086854709e-06,
            "block3_l2_delta_norm_count": 734,
            "block3_l2_delta_norm_min": 4.783105467254245e-09,
            "block3_l2_delta_norm_max": 4.161532984880978e-08,
            "block3_l2_original_message_norm_sum": 220.1201934814453,
            "block3_l2_original_message_norm_count": 734,
            "block3_l2_original_message_norm_min": 0.15003301203250885,
            "block3_l2_original_message_norm_max": 0.614372968673706,
            "block3_l2_preblock_T_norm_sum": 282.64447021484375,
            "block3_l2_preblock_T_norm_count": 734,
            "block3_l2_preblock_T_norm_min": 0.21678780019283295,
            "block3_l2_preblock_T_norm_max": 0.6413915753364563,
            "block3_l2_regularized_relative_to_message_sum": 2.5261626433348283e-05,
            "block3_l2_regularized_relative_to_message_count": 734,
            "block3_l2_regularized_relative_to_message_min": 1.676126970551195e-08,
            "block3_l2_regularized_relative_to_message_max": 1.5096901506694849e-07,
            "block3_l2_regularized_relative_to_preblock_sum": 1.996702849282883e-05,
            "block3_l2_regularized_relative_to_preblock_count": 734,
            "block3_l2_regularized_relative_to_preblock_min": 1.3657986741577588e-08,
            "block3_l2_regularized_relative_to_preblock_max": 1.919634371461143e-07,
            "block3_l2_message_zero_count": 0,
            "block3_l2_preblock_zero_count": 0,
            "block3_l2_message_below_floor_count": 0,
            "block3_l2_preblock_below_floor_count": 0,
            "block3_l3_delta_norm_sum": 5.7657388197185355e-08,
            "block3_l3_delta_norm_count": 734,
            "block3_l3_delta_norm_min": 3.9075524066456424e-11,
            "block3_l3_delta_norm_max": 1.791289755415093e-10,
            "block3_l3_original_message_norm_sum": 254.1180419921875,
            "block3_l3_original_message_norm_count": 734,
            "block3_l3_original_message_norm_min": 0.1560279130935669,
            "block3_l3_original_message_norm_max": 0.642437756061554,
            "block3_l3_preblock_T_norm_sum": 342.7510070800781,
            "block3_l3_preblock_T_norm_count": 734,
            "block3_l3_preblock_T_norm_min": 0.25416192412376404,
            "block3_l3_preblock_T_norm_max": 0.8536720871925354,
            "block3_l3_regularized_relative_to_message_sum": 1.723577440770896e-07,
            "block3_l3_regularized_relative_to_message_count": 734,
            "block3_l3_regularized_relative_to_message_min": 1.0240087944257681e-10,
            "block3_l3_regularized_relative_to_message_max": 5.664144708816821e-10,
            "block3_l3_regularized_relative_to_preblock_sum": 1.2968438056759624e-07,
            "block3_l3_regularized_relative_to_preblock_count": 734,
            "block3_l3_regularized_relative_to_preblock_min": 7.075320190841339e-11,
            "block3_l3_regularized_relative_to_preblock_max": 5.268458447282853e-10,
            "block3_l3_message_zero_count": 0,
            "block3_l3_preblock_zero_count": 0,
            "block3_l3_message_below_floor_count": 0,
            "block3_l3_preblock_below_floor_count": 0,
            "block3_coefficient_min": -5.22572809131816e-05,
            "block3_coefficient_max": 7.32267799321562e-05,
            "block3_theta_l2_mean": 0.00021918010315857828,
            "raw_M_norm_min": 0.052871979773044586,
            "raw_M_norm_max": 0.34187403321266174,
            "raw_M_norm_mean": 0.15797320008277893
          },
          "coefficient_or_LR_adjusted": false
        }
      ],
      "update_losses": [
        {
          "total": 9.175848960876465,
          "energy": 8.585359573364258,
          "trace": 0.5904890894889832,
          "decorrelation": 0.9305991530418396,
          "base": 9.175848960876465
        },
        {
          "total": 3.4571750164031982,
          "energy": 2.7790708541870117,
          "trace": 0.6781041622161865,
          "decorrelation": 0.9559526443481445,
          "base": 3.4571750164031982
        },
        {
          "total": 3.4571750164031982,
          "energy": 2.7790708541870117,
          "trace": 0.6781041622161865,
          "decorrelation": 0.9559526443481445,
          "base": 3.4571750164031982
        }
      ],
      "preclip_norms": [
        19.808944702148438,
        13.696919441223145,
        13.696919441223145
      ],
      "clipped": [
        true,
        true,
        true
      ],
      "model_replay_max_abs": 1.1920928955078125e-07,
      "optimizer_replay_max_abs": 1.4901161193847656e-08,
      "loss_replay_abs": 0.0,
      "rng_and_order_exact_before_and_after_replay": true,
      "three_updates_seconds": 2.458479881286621,
      "peak_allocated_bytes": 931167232,
      "initial_output_errors": {
        "E_max_abs": 0.0,
        "A_max_abs": 1.1076339498372612e-13,
        "native_f_max_abs": 0.0,
        "E_A_bitwise_equal": false
      },
      "geometry_checkpoint_output_errors": {
        "E_max_abs": 0.0,
        "A_max_abs": 5.587935447692871e-09,
        "native_f_max_abs": 2.7278521125967403e-09,
        "E_A_bitwise_equal": false
      },
      "geometry_checkpoint_load_forward_numerical_pass": true,
      "checkpoint_sha256": "bd9daf94f94adca50c1a9cf5cb10e1caace720ec96ea63879da0761b49c487ef",
      "geometry_checkpoint_sha256": "9ba81f0180ce642a388dc29c56d2d61b97005cd6efeb47d5f4b3319d935820e9"
    }
  },
  "device_uuid_environment": "GPU-b22353bd-fc06-efd3-5819-cfd3e85b3800",
  "resume_tolerances": {
    "model_optimizer_atol": 2e-06,
    "model_optimizer_rtol": 1e-05,
    "loss_atol": 1e-06,
    "loss_rtol": 1e-05
  },
  "preflight_states_are_never_production_initialization": true,
  "source_hashes": {
    "/home/inspur/MTO-1/experiments/qm9s_eta_Ef_20260926/frozen_reference/models_ea.py": "b47d50b8b32313d1c3e1f19f3e64e6f02ce42e91736e6da00f896f68965250b0",
    "/home/inspur/MTO-1/experiments/qm9s_eta_Ef_20260926/frozen_reference/upstream/models.py": "a8d7bf8a8d89839f687a773f59f02b2a5d75abd6f47a59406e9eb3d1a40f4771",
    "/home/inspur/MTO-1/experiments/qm9s_eta_Ef_20260926/frozen_reference/upstream/vendor/detanet_model/__init__.py": "8fe70f55031182c1d0012945907181ecc85278f7849599e15e3a16939fae67f1",
    "/home/inspur/MTO-1/experiments/qm9s_eta_Ef_20260926/frozen_reference/upstream/vendor/detanet_model/constant.py": "1c3a8f9058ba6890c2f6730241136b35a552235b41f812288ce9cbdcc42ec856",
    "/home/inspur/MTO-1/experiments/qm9s_eta_Ef_20260926/frozen_reference/upstream/vendor/detanet_model/detanet.py": "4083382f2d615d1573b9dbc2d2c456d00f9895d4dae144b6c62b26feff6eebcd",
    "/home/inspur/MTO-1/experiments/qm9s_eta_Ef_20260926/frozen_reference/upstream/vendor/detanet_model/metrics.py": "677630dd1b97c7474c2f8a4cdda81d7e0f2a56a12dfd4b02bbb869329af4fec2",
    "/home/inspur/MTO-1/experiments/qm9s_eta_Ef_20260926/frozen_reference/upstream/vendor/detanet_model/model_loader.py": "85507209b15efea567e686f4d99cf3be53dbf3779607d4b33e295d52c44505b3",
    "/home/inspur/MTO-1/experiments/qm9s_eta_Ef_20260926/frozen_reference/upstream/vendor/detanet_model/modules/__init__.py": "032b99150e38283d3695b394175d792c370be7dbbe38b58b94971143de9446de",
    "/home/inspur/MTO-1/experiments/qm9s_eta_Ef_20260926/frozen_reference/upstream/vendor/detanet_model/modules/acts.py": "6bcd255ac95b33e6ef6a982d87c8dd6b39c2f1a41996f2425c5ada1f0fe8256c",
    "/home/inspur/MTO-1/experiments/qm9s_eta_Ef_20260926/frozen_reference/upstream/vendor/detanet_model/modules/block.py": "38eb81b385fded74ac4ff3950ee2cbe6e7c7e7cc0873ec57ede64ef758460e35",
    "/home/inspur/MTO-1/experiments/qm9s_eta_Ef_20260926/frozen_reference/upstream/vendor/detanet_model/modules/edge_attention.py": "48a69aa9a83cfe225f8e55eeea4bab65120955aee2dc7ad02d414aef7b4e2fea",
    "/home/inspur/MTO-1/experiments/qm9s_eta_Ef_20260926/frozen_reference/upstream/vendor/detanet_model/modules/embedding.py": "07eff3330b5709fec463563d4ef53f857525ae85f55b8a3ab1e7c9ffb3c70ee8",
    "/home/inspur/MTO-1/experiments/qm9s_eta_Ef_20260926/frozen_reference/upstream/vendor/detanet_model/modules/message.py": "a76bae58dbb92447d6fb05230d7db826dc9defc929706e6f2c88c067ee5918cf",
    "/home/inspur/MTO-1/experiments/qm9s_eta_Ef_20260926/frozen_reference/upstream/vendor/detanet_model/modules/multilayer_perceptron.py": "5628a4cebadbbc493058edae808a64370ee2834fa4ccacc041f820bf9afb4d42",
    "/home/inspur/MTO-1/experiments/qm9s_eta_Ef_20260926/frozen_reference/upstream/vendor/detanet_model/modules/radial_basis.py": "cbbbf125bdb4b64e21a4d58ddb175bde489bb7a640375847f416f137881307ca",
    "/home/inspur/MTO-1/experiments/qm9s_eta_Ef_20260926/frozen_reference/upstream/vendor/detanet_model/modules/update.py": "65cda1be8fd5daa491779211ba37ec9c23b73e4a2da81444d21534584c0028a6",
    "/home/inspur/MTO-1/experiments/qm9s_eta_Ef_20260926/frozen_reference/upstream/vendor/detanet_model/spectra_simulator.py": "cb36131b7dc855cd2c528d532f4d7742fc2da757d078e8732142dbeab4f0b67e",
    "/home/inspur/MTO-1/research/single_model_20260929/architecture/model.py": "b61413830ac8cfb78298dda55c11a1cfb2c398c264a797016045d8fd638c7b93",
    "/home/inspur/MTO-1/research/single_model_20260929/bottleneck_audit_20261002/INDEPENDENT_PROPOSAL_REVIEW.json": "5e7c206e2d33c1a8ce3ab0c7cb9f55daae5ae6785f23f747ba011b08a9850747",
    "/home/inspur/MTO-1/research/single_model_20260929/bottleneck_audit_20261002/INDEPENDENT_PROPOSAL_REVIEW.md": "e0306885f8459b75a660e4cae6b4436a9701f234dbcd2e3d57989a017bb51b72",
    "/home/inspur/MTO-1/research/single_model_20260929/bottleneck_audit_20261002/INDEPENDENT_REVIEW_MANIFEST.json": "5ba90e8fe798b9cb4f05d26f7065d669aa17e93025bc87d6a97dca7a687131b6",
    "/home/inspur/MTO-1/research/single_model_20260929/bottleneck_audit_20261002/INFORMATION_FLOW_AUDIT.md": "b1e8237f0f3488244336412a103ffe01e1d8a2f335b4ce3cccc30eb3ff0e74da",
    "/home/inspur/MTO-1/research/single_model_20260929/bottleneck_audit_20261002/REFERENCE_MANIFEST.json": "a619659a345cb6ca182e5c3778b3a4818dae5021e7ac5cb8b18b5d909f86e334",
    "/home/inspur/MTO-1/research/single_model_20260929/bottleneck_audit_20261002/TRANSPORT_PROPOSAL.md": "5b5bed1529acb13e9bf8b55786302b43a754601659d67a5643751613f0c8ce9b",
    "/home/inspur/MTO-1/research/single_model_20260929/dataset_audit_20260930/INDEPENDENT_SPLIT_VERIFICATION.json": "395d415f854ed6948c4d7a11c0c1d7486193bb48f23bae76834a77148cc69ae2",
    "/home/inspur/MTO-1/research/single_model_20260929/dataset_audit_20260930/SPLIT_MANIFEST.json": "c8ce66ddb7209005b5feebfcddfc2bc30ee81d92fe63cce20f15c4abf3a07155",
    "/home/inspur/MTO-1/research/single_model_20260929/ops/monitor.py": "b21e028b6741d7522df194c6d7094c7d37b6ef07b7e6aec633691cb61859d263",
    "/home/inspur/MTO-1/research/single_model_20260929/ops/register_cpu_stage.py": "47ba35fea821ddefa456725e5d37f595294d2911c85626e039528aedd3b739e2",
    "/home/inspur/MTO-1/research/single_model_20260929/ops/register_run.py": "2ee480a01cfcb4b1f5acd84323c679cf27a90b142387f097d2d563d29e06aa37",
    "/home/inspur/MTO-1/research/single_model_20260929/post_round07_bottleneck_audit/AUDIT_MANIFEST.json": "0ed827e3072e38b545b2f29a6f49ed1dc919f5652ba3d631b9a2b7f02133a99c",
    "/home/inspur/MTO-1/research/single_model_20260929/post_round07_bottleneck_audit/HISTORICAL_CAPACITY_AUDIT.md": "1c82eaddc1678f64c195fe69b37ade6d874482b995c2cab365315c1fbb8843e1",
    "/home/inspur/MTO-1/research/single_model_20260929/post_round07_bottleneck_audit/HISTORICAL_RECIPE_EVIDENCE.json": "840e5c55eac1806f65187bc3cd55ec2c5d7bd6d3d4f12856308cc9f2d8925b81",
    "/home/inspur/MTO-1/research/single_model_20260929/post_round07_bottleneck_audit/HISTORY_METADATA_READER.log": "fce123d2973f41a8db2dd7384e7c84fb212f85e7dc1466e4c20ce0220aaebc85",
    "/home/inspur/MTO-1/research/single_model_20260929/post_round07_bottleneck_audit/read_history_metadata.py": "6cee8c34e1eeec5b0b9fc4ae1b8a2fc82c7ae29175874dc438c81920eee2528e",
    "/home/inspur/MTO-1/research/single_model_20260929/round05_scratch_preparation/BUFFER_ROUNDTRIP_DIAGNOSIS.json": "e07c2b2c41d66f8a550816d66ff9e98dcaa00230b2e1bc5d2696f74881cf9d4a",
    "/home/inspur/MTO-1/research/single_model_20260929/round05_scratch_preparation/CPU_PREFLIGHT.json": "71d6e7fc61e4f36dc0763171f6c5ec32d327ceb60db510f6ac0c228c79373a1f",
    "/home/inspur/MTO-1/research/single_model_20260929/round05_scratch_preparation/ENVIRONMENT.json": "57c2f536b2af90baf8816a0924be5a7511e88ba0f35fbeda5b55e95fdf2540a9",
    "/home/inspur/MTO-1/research/single_model_20260929/round05_scratch_preparation/FROZEN_MANIFEST.json": "66269e04d73943bec48a6331c3ca45a9efcc12045e962fe897da6196af97c5e1",
    "/home/inspur/MTO-1/research/single_model_20260929/round05_scratch_preparation/GPU_IDENTITY_DIAGNOSTIC.json": "4221233ca22bb3cf0fdfb2091a20ae500d72c4ddf5fc4aec0e44277307b3d92c",
    "/home/inspur/MTO-1/research/single_model_20260929/round05_scratch_preparation/GPU_IDENTITY_DIAGNOSTIC_REVIEW.json": "1b0dc69bfc44fd700d5804dcf931ef0cb95ac352f612769cd2e565f678b67146",
    "/home/inspur/MTO-1/research/single_model_20260929/round05_scratch_preparation/GPU_PREFLIGHT.json": "c0a62e24963ed3158f48524fff3f77fae5bce98b91144962b16bb839bcca99a9",
    "/home/inspur/MTO-1/research/single_model_20260929/round05_scratch_preparation/GPU_PREFLIGHT_REVIEW.json": "4071eca0211395858f472473abc3891298dc822878e1a76adf248026f5e2c1f5",
    "/home/inspur/MTO-1/research/single_model_20260929/round05_scratch_preparation/HISTORICAL_NONREPETITION.md": "2e79980cb4040a4449892424c5f6c017f80c2a83856125f5c17d241946a31c07",
    "/home/inspur/MTO-1/research/single_model_20260929/round05_scratch_preparation/IDENTITY_CHECK_AMENDMENT_DECISION.json": "234b0ea52edec20bccc703d7ef96429c3ab2705f9da214b7cbde46e2c0e4825a",
    "/home/inspur/MTO-1/research/single_model_20260929/round05_scratch_preparation/IDENTITY_CHECK_AMENDMENT_PROPOSAL.md": "74625972cca0912400d10cc81d7db98b640dec566f3e25d004e7e01c6cd6ad00",
    "/home/inspur/MTO-1/research/single_model_20260929/round05_scratch_preparation/IDENTITY_DIAGNOSTIC_REVIEW.json": "5196d474d540afafbcf70d7becdfd033d6683a046a317806afd23fa3b0ca2dc8",
    "/home/inspur/MTO-1/research/single_model_20260929/round05_scratch_preparation/INDEPENDENT_GATE_CHECKS.json": "e17bed460c3e33a69ffc968fd2104762fe968f87d069fa1bb9f27c72ffef189c",
    "/home/inspur/MTO-1/research/single_model_20260929/round05_scratch_preparation/INDEPENDENT_READER_CHECKS.json": "fe18f4af85811327298a1f1163897ce7c230e84df6189658af49b2d08136ff17",
    "/home/inspur/MTO-1/research/single_model_20260929/round05_scratch_preparation/IO_CONTINUITY.json": "f0b3af59de54885c849db25b31e72083e70a9fc03cd64ca337cff5e2d7067382",
    "/home/inspur/MTO-1/research/single_model_20260929/round05_scratch_preparation/IO_CONTINUITY_CHECKS.json": "9368c40972d72a661e06b482a43c1adeacab3b5685b040cdc278fd7200b350b6",
    "/home/inspur/MTO-1/research/single_model_20260929/round05_scratch_preparation/IO_CONTINUITY_REVIEW.json": "876e2ea4aec2e401f52b616b25d4881f81f41a636d437ab82880b7f4aa38a70f",
    "/home/inspur/MTO-1/research/single_model_20260929/round05_scratch_preparation/PRODUCTION_AUTHORIZATION_TEMPLATE.json": "c2abc2628f30a58b65b74a32eacc02843b547ccd7f02bb9929c25660810c5c2e",
    "/home/inspur/MTO-1/research/single_model_20260929/round05_scratch_preparation/PROTOCOL.md": "99fa4eba9788436c1cc83b300835e115f86aea1428945fa8547656c498566356",
    "/home/inspur/MTO-1/research/single_model_20260929/round05_scratch_preparation/PROTOCOL_PROPOSAL.md": "4e6b4aa4bef6f51e3595718e3e6b34bd527bbfc32d7a2ed9f823080d322d2b08",
    "/home/inspur/MTO-1/research/single_model_20260929/round05_scratch_preparation/READER_CHECKS.json": "4712269cdeb3768091da720ceab828af8ed6e4ee0a790a88c5c823a0b2e55a9d",
    "/home/inspur/MTO-1/research/single_model_20260929/round05_scratch_preparation/RETRY01_SOURCE_READINESS.json": "ac1cfbcd4809a131215a8ddf9f670fe0fa237d8a81042edea337c19be1ec016a",
    "/home/inspur/MTO-1/research/single_model_20260929/round05_scratch_preparation/ROUND05_PREPARATION_DECISION.md": "a7c0c6f14dd400c359c1ec7a9637f81bc2733056052d2dda0380a241f06e7223",
    "/home/inspur/MTO-1/research/single_model_20260929/round05_scratch_preparation/TECHNICAL_PREFLIGHT_PLAN.md": "d0e8a2c842487490f064b5a437e1a2ce76be14aa704404288301e20a9a019e5b",
    "/home/inspur/MTO-1/research/single_model_20260929/round05_scratch_preparation/TECHNICAL_SOURCE_REVIEW.json": "01d59c9d0e5aa1908188894b54402c2eb280ff73c10ec911eccc583db71b2efa",
    "/home/inspur/MTO-1/research/single_model_20260929/round05_scratch_preparation/TECHNICAL_SOURCE_REVIEW_RETRY01.json": "d3a1cc9ec7fc771d2546cd53e61ae04b6f8bc61c44b10fd24e67b279c0ceab8e",
    "/home/inspur/MTO-1/research/single_model_20260929/round05_scratch_preparation/TRAIN_READER_REVIEW.json": "1b7a4ca182c0c28494d6f9b4e452563c4e98c8e2c9655501635c393187858689",
    "/home/inspur/MTO-1/research/single_model_20260929/round05_scratch_preparation/TRAIN_STATISTICS.json": "d3d0ed5af2646959be0abcb9cebb50d7cdb2ef7fb70d7e073fe12a8b697953ae",
    "/home/inspur/MTO-1/research/single_model_20260929/round05_scratch_preparation/TRAIN_STATISTICS_AUDIT.json": "f93e32e63aaa12dc8f81f079e2b96f0d03a5fc5a9235ee98c01ff6fe9e435e02",
    "/home/inspur/MTO-1/research/single_model_20260929/round05_scratch_preparation/TRAIN_STATISTICS_REVIEW.json": "b4cabcd8f2128b87ec6b77e57b1ad9c0c3965e543df696918fc1ce57e1a4364b",
    "/home/inspur/MTO-1/research/single_model_20260929/round05_scratch_preparation/buffer_roundtrip_diagnosis.py": "52704ada39fc5fcff359fb57f02ceeda85eae9366233ae65fe8669831b1d7fc0",
    "/home/inspur/MTO-1/research/single_model_20260929/round05_scratch_preparation/common.py": "50a1ef987cbc635b3b5692364281498e66587b112d5573c765fea360470038cd",
    "/home/inspur/MTO-1/research/single_model_20260929/round05_scratch_preparation/config.json": "9b1d3d866077d7f971ac03a25435f007d84fc6ee8fe1fa8136b232974c03ec9c",
    "/home/inspur/MTO-1/research/single_model_20260929/round05_scratch_preparation/cpu_preflight.py": "745adce0eb432f007bcc18d00d2d9c06a063e3e8d04099b14adb5066229828a8",
    "/home/inspur/MTO-1/research/single_model_20260929/round05_scratch_preparation/execution_gate.py": "4585431fc9289b93719a2de50bc63ccc84a4d6992586e6f3e09d40a388e48e9d",
    "/home/inspur/MTO-1/research/single_model_20260929/round05_scratch_preparation/freeze_preparation.py": "b39a61e5c14117767f18ca96eb624e4f05edfc6acfee1db1cb7e2ba1e25e00d6",
    "/home/inspur/MTO-1/research/single_model_20260929/round05_scratch_preparation/fresh_model.py": "16ec3eb14eeafa3265ba0f35abf4ff174a2a20f155b408ed133635fa73a8c314",
    "/home/inspur/MTO-1/research/single_model_20260929/round05_scratch_preparation/gpu_identity_diagnostic.py": "60f61f33b0de66a994f218dac0bc75d39a8f60be33140a0c46d1d5a67f8fdaab",
    "/home/inspur/MTO-1/research/single_model_20260929/round05_scratch_preparation/gpu_preflight.py": "0f3ff7d8886809e73fca8e44a9fe50cd3d73eea058e638f7892b8e785de9a887",
    "/home/inspur/MTO-1/research/single_model_20260929/round05_scratch_preparation/gpu_preflight_retry01.py": "c863b74fb66936361a09734d90fe85eee3e2adbd4d850dcc447e770b9a74b7b7",
    "/home/inspur/MTO-1/research/single_model_20260929/round05_scratch_preparation/independent_gate_checks.py": "fe5d5756cdd755da0e89d75fba67cc22d37d3fc8494541d5f8c4629905ea6926",
    "/home/inspur/MTO-1/research/single_model_20260929/round05_scratch_preparation/independent_io_continuity.py": "ead199501de254c6380c96f53172610ea4e8f9fe575a0f117f622d574bf89c5f",
    "/home/inspur/MTO-1/research/single_model_20260929/round05_scratch_preparation/independent_reader_checks.py": "f160207430b5886755210ac3cafc07145aa4b78006ee99c9a20d638f82478f5c",
    "/home/inspur/MTO-1/research/single_model_20260929/round05_scratch_preparation/launch.py": "e7a915af16cb448316f3ef89773e832f8fa4a1d170c84bf02eacd7360a28794b",
    "/home/inspur/MTO-1/research/single_model_20260929/round05_scratch_preparation/metrics.py": "1465cc964aea7bd0e06616be3cf8f862e876c7c57d9df3103e81e57817761bdc",
    "/home/inspur/MTO-1/research/single_model_20260929/round05_scratch_preparation/model_config.json": "ff24143918e722d34a126b172f7d311c2a673a21c6756c89077fa05b05d6592f",
    "/home/inspur/MTO-1/research/single_model_20260929/round05_scratch_preparation/partition_data.py": "9aaa08bb8878803cc42961d336345d5fa53f5aad30d8cfdf135d0fd35dd6757d",
    "/home/inspur/MTO-1/research/single_model_20260929/round05_scratch_preparation/predictor.py": "5b4801a4851c01f035fa7d1f05b9e2817318acfe155ae611e57f3425dfc407e6",
    "/home/inspur/MTO-1/research/single_model_20260929/round05_scratch_preparation/preflight_history/gpu_attempt01/SNAPSHOT.json": "0f9fd724861c905582524f071c310d73d0e161abcef75c7b9c15aaad63e94efe",
    "/home/inspur/MTO-1/research/single_model_20260929/round05_scratch_preparation/preflight_history/io_continuity/training_executed.py": "17d2bb266704bb4a747d3b11b3ff0789f68e2bc5835230a45220d93a3f0bca76",
    "/home/inspur/MTO-1/research/single_model_20260929/round05_scratch_preparation/prepare_train_statistics.py": "ecab67351bbf0227609aa30117001853556731960573fdbc04761cef250db207",
    "/home/inspur/MTO-1/research/single_model_20260929/round05_scratch_preparation/reader_checks.py": "549e0086d5747e4d2642c1fc5fb265c06791ed98223bf46bdc327cfeb1799a30",
    "/home/inspur/MTO-1/research/single_model_20260929/round05_scratch_preparation/resources.py": "0e86e15d8be5c1e0e94bf8f85eea56a121e3aa493cb9c262e9248727b5beb918",
    "/home/inspur/MTO-1/research/single_model_20260929/round05_scratch_preparation/run_gpu_identity_diagnostic.py": "87e0c98a3ba029c1182772bc76e0658ac36f2462e463aa95fb4eae0dd690c499",
    "/home/inspur/MTO-1/research/single_model_20260929/round05_scratch_preparation/run_gpu_preflight.py": "49bf9fe58ff72aac13bf2b5449ff9b320d2b0d51c653acceb14384741e9d2eea",
    "/home/inspur/MTO-1/research/single_model_20260929/round05_scratch_preparation/run_gpu_preflight_retry01.py": "c3cedde6b63c75d1b220b7a6fe2e2a0dbc36ccf8d1ab55f72b9d3f6c45410ba8",
    "/home/inspur/MTO-1/research/single_model_20260929/round05_scratch_preparation/run_statistics.py": "05f3d0dcce091c50faf9c7c234ffab0d863fa188bf685511c83d5eff49bc617f",
    "/home/inspur/MTO-1/research/single_model_20260929/round05_scratch_preparation/runtime.py": "fb54c5073e261455ef43036f3d1f65bdaf89714fc9ddc690ec0ec3a773074f94",
    "/home/inspur/MTO-1/research/single_model_20260929/round05_scratch_preparation/train.py": "5d8fe3e9c6a30fdd942a89171169994d097f237bfa71105b9129e933017750c3",
    "/home/inspur/MTO-1/research/single_model_20260929/round05_scratch_preparation/training.py": "c0147d25cf2a2b6cd0956a57bfcab069657618bc22712efa29feb1b6a9533cdd",
    "/home/inspur/MTO-1/research/single_model_20260929/round06_objective_preparation/CPU_PREFLIGHT.json": "02c268678eb4b6293258ec99020d4f7f16c6d9f3244ccf122ea4ebae7a6e8bd9",
    "/home/inspur/MTO-1/research/single_model_20260929/round06_objective_preparation/CPU_PREFLIGHT_REVIEW.json": "9cb76884bb5bd189ea1e9d090ce9db83b396654e6e497c7932c5f776b31d088f",
    "/home/inspur/MTO-1/research/single_model_20260929/round06_objective_preparation/CPU_SOURCE_REVIEW.json": "b0c291527e83b69e85cda5a00d8478f104dcdd4c7e64b4750d747c27590bd55c",
    "/home/inspur/MTO-1/research/single_model_20260929/round06_objective_preparation/ENVIRONMENT.json": "57c2f536b2af90baf8816a0924be5a7511e88ba0f35fbeda5b55e95fdf2540a9",
    "/home/inspur/MTO-1/research/single_model_20260929/round06_objective_preparation/FROZEN_MANIFEST.json": "4f1908d8f83c7a4622a8aadb511305da93465f8e29af3203327981c3c739d52b",
    "/home/inspur/MTO-1/research/single_model_20260929/round06_objective_preparation/GPU_PREFLIGHT.json": "cdb0520de4b80a3618114ad02ed61a34a071cf02701f0dbfd62168efcf6d2aad",
    "/home/inspur/MTO-1/research/single_model_20260929/round06_objective_preparation/GPU_PREFLIGHT_REVIEW.json": "fc39d7e2b915717e074b4eb99c1971a447f72d13b4bfe642eae583633eedfee0",
    "/home/inspur/MTO-1/research/single_model_20260929/round06_objective_preparation/GPU_UPDATE_PROGRESS.json": "4ddeb29614ef284bd503f51f0d82c427a4368f2966e129134036b0fafb04434b",
    "/home/inspur/MTO-1/research/single_model_20260929/round06_objective_preparation/INDEPENDENT_GATE_CHECKS.json": "60aa32905289a8a01fd612fad431fc0488c57f464b5854a06b14f172a8595649",
    "/home/inspur/MTO-1/research/single_model_20260929/round06_objective_preparation/INDEPENDENT_GATE_CHECKS_01.log": "919e6d1911cb368433645cb6392b950ef22f6b723a2cf595408386c95f611fe6",
    "/home/inspur/MTO-1/research/single_model_20260929/round06_objective_preparation/INDEPENDENT_PREFLIGHT_RESULT_CHECKS.json": "543ed23016a156fd82b1d5c8e904150d3857f473f8b39b874a64892ccba1bd57",
    "/home/inspur/MTO-1/research/single_model_20260929/round06_objective_preparation/INDEPENDENT_PREFLIGHT_RESULT_CHECKS_01.log": "5c06a17cec34cca65331a2b74b56bf24b5af78243ac4fbf40d63e8c4d0852cf5",
    "/home/inspur/MTO-1/research/single_model_20260929/round06_objective_preparation/INDEPENDENT_PROPOSAL_REVIEW.json": "a1617eaea6574b36f5e39fa9b5bb738c7a2ba91083c373217e2c51d25b992225",
    "/home/inspur/MTO-1/research/single_model_20260929/round06_objective_preparation/INDEPENDENT_PROPOSAL_REVIEW.md": "2d84d9be45d605cfab929298d126af91912968f368baf3965bf119f9eae9016c",
    "/home/inspur/MTO-1/research/single_model_20260929/round06_objective_preparation/PRODUCTION_AUTHORIZATION_TEMPLATE.json": "39d5260e1c45d6810efc5e547fbc53ce12ea2b741cb9b40b526a4996e05d65db",
    "/home/inspur/MTO-1/research/single_model_20260929/round06_objective_preparation/PROPOSAL_MANIFEST.json": "248c0845c04e70e9ae7083a04784f2709c96fc3720da1a967895bae3a18ac76f",
    "/home/inspur/MTO-1/research/single_model_20260929/round06_objective_preparation/PROPOSED_SETTINGS.json": "0238de653981e94105d9937ad65dd4a8b26a7f3659cbac00012fb3ef24c40047",
    "/home/inspur/MTO-1/research/single_model_20260929/round06_objective_preparation/PROTOCOL.md": "25b6384e44f2bbeb1d6e302500c8c49387eeff2d18e1a4ba94f415bde5fee07d",
    "/home/inspur/MTO-1/research/single_model_20260929/round06_objective_preparation/PROTOCOL_PROPOSAL.md": "aea5c76f422fb7cca286cd84f7bafaff230e2aa29b2ed3068fe7e4573f3245b6",
    "/home/inspur/MTO-1/research/single_model_20260929/round06_objective_preparation/ROUND06_PREPARATION_DECISION.md": "d8f7478f77bf660c32e75897d555b13f972e64abaac4385e2c9b44ab3e2e6458",
    "/home/inspur/MTO-1/research/single_model_20260929/round06_objective_preparation/SOURCE_LINEAGE.json": "454ee6189e2435b36dabc005c3fa4d6c77252fff12778c7960794b46feef68e8",
    "/home/inspur/MTO-1/research/single_model_20260929/round06_objective_preparation/TECHNICAL_PREFLIGHT_PLAN.md": "15a147a541e3a3a7eaf9be0cf562086996d1de298922ec5432d29d41e719585b",
    "/home/inspur/MTO-1/research/single_model_20260929/round06_objective_preparation/TECHNICAL_SOURCE_REVIEW.json": "fbf76a414d89a459cf5fa3c956544a698b1f564c856622c107fa99b6dc592605",
    "/home/inspur/MTO-1/research/single_model_20260929/round06_objective_preparation/TRAIN_STATISTICS.json": "d3d0ed5af2646959be0abcb9cebb50d7cdb2ef7fb70d7e073fe12a8b697953ae",
    "/home/inspur/MTO-1/research/single_model_20260929/round06_objective_preparation/common.py": "50a1ef987cbc635b3b5692364281498e66587b112d5573c765fea360470038cd",
    "/home/inspur/MTO-1/research/single_model_20260929/round06_objective_preparation/config.json": "072189823f3334e8bee8b6a468442f7d0331d1b65bf6e4bd3a0cb50053e87b23",
    "/home/inspur/MTO-1/research/single_model_20260929/round06_objective_preparation/execution_gate.py": "e0e03333f9f31cbb48a8b59812d12a4f07ba49c032dca3d33e30796ea626829c",
    "/home/inspur/MTO-1/research/single_model_20260929/round06_objective_preparation/freeze_preparation.py": "f00f64394efcd279c48b66ed8b83c0fc9fbf9f8e97785781b18cccd953b437af",
    "/home/inspur/MTO-1/research/single_model_20260929/round06_objective_preparation/fresh_model.py": "16ec3eb14eeafa3265ba0f35abf4ff174a2a20f155b408ed133635fa73a8c314",
    "/home/inspur/MTO-1/research/single_model_20260929/round06_objective_preparation/gpu_preflight.py": "61e06872bdefe45bee44ee52beecf03144440d89eb6572f10021387973045bcb",
    "/home/inspur/MTO-1/research/single_model_20260929/round06_objective_preparation/independent_gate_checks.py": "334accea8382ec5208459782cb73f59ecfba98afbf7f00e0399f4dda2352a26f",
    "/home/inspur/MTO-1/research/single_model_20260929/round06_objective_preparation/independent_preflight_result_checks.py": "aabbd15210c718c2f056bbf502ff05d34bc3d280396e7b4c0ffb7e0c957b5172",
    "/home/inspur/MTO-1/research/single_model_20260929/round06_objective_preparation/launch.py": "d49ade9238f942dbbf09aea1f454ae0fed2628f11a9ac4c08f7b9b656f137811",
    "/home/inspur/MTO-1/research/single_model_20260929/round06_objective_preparation/metrics.py": "1465cc964aea7bd0e06616be3cf8f862e876c7c57d9df3103e81e57817761bdc",
    "/home/inspur/MTO-1/research/single_model_20260929/round06_objective_preparation/model_config.json": "ff24143918e722d34a126b172f7d311c2a673a21c6756c89077fa05b05d6592f",
    "/home/inspur/MTO-1/research/single_model_20260929/round06_objective_preparation/objective.py": "a24c809d7e031332e5daba8ad0dbe82bf7cdf1acfc6d4bec923f9e4fc4ae3469",
    "/home/inspur/MTO-1/research/single_model_20260929/round06_objective_preparation/ops/GPU_PRELAUNCH_GUARD_FAILURE.md": "6d165cfe6eb8cf5fd40e58e2578a38197081becb82f42d08823b5226260ed82f",
    "/home/inspur/MTO-1/research/single_model_20260929/round06_objective_preparation/ops/cpu_synthetic_01.log": "6deda14aef401790d9613460f9e664d11e744b731f9e4770557826aa0b8c257b",
    "/home/inspur/MTO-1/research/single_model_20260929/round06_objective_preparation/ops/gpu_preflight_attempt/COMPLETE.json": "ecfe67939ff7c2cf9b5a7b6d49db259e97e6d97af46adba8c4f07f76f890bb0d",
    "/home/inspur/MTO-1/research/single_model_20260929/round06_objective_preparation/ops/gpu_preflight_attempt/GPU_ADMISSION.xml": "cf387b699f11f6a87481e693808f3bdecc8cf23aed0ceaee177ead91eb2f55ee",
    "/home/inspur/MTO-1/research/single_model_20260929/round06_objective_preparation/ops/gpu_preflight_attempt/LAUNCH_RECEIPT.json": "8aa9032604fb960f0aa28433f208694b641de233a23135877d42687e30179cbe",
    "/home/inspur/MTO-1/research/single_model_20260929/round06_objective_preparation/ops/gpu_preflight_attempt/REGISTRATION_TOOL.log": "fd43aebd79ecbcfdcb4f9144a55085ce5266bb6df595034215f802127a8b8ea6",
    "/home/inspur/MTO-1/research/single_model_20260929/round06_objective_preparation/ops/gpu_preflight_attempt/stage.log": "a21634cf8c04742003c02a8f527522ecabab893b29a3d846e4b8c7e78e38c6da",
    "/home/inspur/MTO-1/research/single_model_20260929/round06_objective_preparation/partition_data.py": "9aaa08bb8878803cc42961d336345d5fa53f5aad30d8cfdf135d0fd35dd6757d",
    "/home/inspur/MTO-1/research/single_model_20260929/round06_objective_preparation/predictor.py": "569acc33b314504ff69df4a00f046c32480ea8894d346f256d4f6d8afba33371",
    "/home/inspur/MTO-1/research/single_model_20260929/round06_objective_preparation/preflight_helpers.py": "f92c3a3ae455b55aaf8307014c5abbb16c851c32bdaceffc47fe5f2feff82d1b",
    "/home/inspur/MTO-1/research/single_model_20260929/round06_objective_preparation/resources.py": "0e86e15d8be5c1e0e94bf8f85eea56a121e3aa493cb9c262e9248727b5beb918",
    "/home/inspur/MTO-1/research/single_model_20260929/round06_objective_preparation/run_gpu_preflight.py": "fa6e91e4019b97406734b30f42067253131416d0a5301840576882e5bb219cb5",
    "/home/inspur/MTO-1/research/single_model_20260929/round06_objective_preparation/runtime.py": "fb54c5073e261455ef43036f3d1f65bdaf89714fc9ddc690ec0ec3a773074f94",
    "/home/inspur/MTO-1/research/single_model_20260929/round06_objective_preparation/synthetic_checks.py": "b8897e29969ae4e92eb3c8aef76130aa1be6d7e43ff01b76793b6bbd15a1bc73",
    "/home/inspur/MTO-1/research/single_model_20260929/round06_objective_preparation/train.py": "c63f5f3b1da7257ce217b19d28fe0c3df15e63a57a51770f75c370f1b9cc8877",
    "/home/inspur/MTO-1/research/single_model_20260929/round06_objective_preparation/training.py": "821fae3660f82026f53bbb267e2f12b431da4963935c5ec63e6fbd607867fc2b",
    "/home/inspur/MTO-1/research/single_model_20260929/round07_congruence_preparation/CPU_PREFLIGHT.json": "b5f7da4fad6f27f6b93e204d561594f9040946c46a3d6c5e48fbeb70f59ef777",
    "/home/inspur/MTO-1/research/single_model_20260929/round07_congruence_preparation/CPU_PREFLIGHT_REVIEW.json": "27cb7fc4025de1595399549bcf359cb5da83a97f3f035b4bd1a379e5ed881a8c",
    "/home/inspur/MTO-1/research/single_model_20260929/round07_congruence_preparation/CPU_SOURCE_REVIEW.json": "329aace63fdf520ad850f3bfe93b142fe119fd793f9422feafbdedf60823700b",
    "/home/inspur/MTO-1/research/single_model_20260929/round07_congruence_preparation/ENVIRONMENT.json": "57c2f536b2af90baf8816a0924be5a7511e88ba0f35fbeda5b55e95fdf2540a9",
    "/home/inspur/MTO-1/research/single_model_20260929/round07_congruence_preparation/FROZEN_MANIFEST.json": "68c052e909d0fcbe1671084edf7de1968f81f8f5e333bbfc2431fe3181c8c203",
    "/home/inspur/MTO-1/research/single_model_20260929/round07_congruence_preparation/GPU_PREFLIGHT.json": "24e891e92c8c670361f406363153c5a39719106416108bcfc9b56813598296b6",
    "/home/inspur/MTO-1/research/single_model_20260929/round07_congruence_preparation/GPU_PREFLIGHT_REVIEW.json": "e0a882ff6d44c9f221dbda56d46510a99dccf0105e2d3efa9afb1ff60b9a1b5b",
    "/home/inspur/MTO-1/research/single_model_20260929/round07_congruence_preparation/GPU_UPDATE_PROGRESS.json": "75bfe314a6b4d2b768870a5fa5297d37d7fc0e139dcb4ef71b1aa385ebdc0b19",
    "/home/inspur/MTO-1/research/single_model_20260929/round07_congruence_preparation/INDEPENDENT_GATE_CHECKS.json": "e9b328e6dad04acf407df931444b801db2ea5f6f6a5ad5be07f817f2bdc75fed",
    "/home/inspur/MTO-1/research/single_model_20260929/round07_congruence_preparation/INDEPENDENT_PREFLIGHT_RESULT_CHECKS.json": "9d06b65426f56f04b2b71553cdcc8ad30c37520724748d4a9175f8000abb8a89",
    "/home/inspur/MTO-1/research/single_model_20260929/round07_congruence_preparation/INDEPENDENT_PREFLIGHT_RESULT_CHECKS_01.log": "28ae740e2c99d65d4996022e63a207f953655dfaa6d97c7150ec93898ed290a7",
    "/home/inspur/MTO-1/research/single_model_20260929/round07_congruence_preparation/INDEPENDENT_PROPOSAL_REVIEW.json": "33c8dae6f55d3c641cddd60270f7ffddad740695bbf524fb2d1c9e78b99df5c4",
    "/home/inspur/MTO-1/research/single_model_20260929/round07_congruence_preparation/INDEPENDENT_PROPOSAL_REVIEW.md": "2bce01b973bae4a61725d65581fd39ce6f8537d7442ac17f70bb610f3dd37862",
    "/home/inspur/MTO-1/research/single_model_20260929/round07_congruence_preparation/PRODUCTION_AUTHORIZATION_TEMPLATE.json": "9b8f5bcd70eaa354dd8780ec4ed63f6cb277963d270ab2be6ed7bb9e1ed37492",
    "/home/inspur/MTO-1/research/single_model_20260929/round07_congruence_preparation/PROPOSAL_MANIFEST.json": "3acc754a065a083330a4e6498ffebc755d7c4a57584bb2956a0c0eda994aed12",
    "/home/inspur/MTO-1/research/single_model_20260929/round07_congruence_preparation/PROPOSED_SETTINGS.json": "62cec5d56832674a81e61b333e311455f17e2c563f901cb45cd726f57c2ad169",
    "/home/inspur/MTO-1/research/single_model_20260929/round07_congruence_preparation/PROTOCOL.md": "ee22c436332e753de1636e3db5e6587a628f6e7925965748cd1a626abf710bda",
    "/home/inspur/MTO-1/research/single_model_20260929/round07_congruence_preparation/PROTOCOL_PROPOSAL.md": "9a6431b8aa0f6a697fcc79c1b4106ee357de2a90996c0072f6345ead79c6dfe6",
    "/home/inspur/MTO-1/research/single_model_20260929/round07_congruence_preparation/ROUND07_PREPARATION_DECISION.md": "637a3cd3006d3f5b84f8ca5314b6213b0bc3017dffeeafb7ed51c2a4c594c60b",
    "/home/inspur/MTO-1/research/single_model_20260929/round07_congruence_preparation/SOURCE_LINEAGE.json": "437990ee21daeea8163f57228c064a81fccbc4cd9ed2ddf4753bbb95a00c89e0",
    "/home/inspur/MTO-1/research/single_model_20260929/round07_congruence_preparation/TECHNICAL_PREFLIGHT_PLAN.md": "92aec35ddd53a159a792611c5a3f28cea91950370238b5bbc4ea27bb38836946",
    "/home/inspur/MTO-1/research/single_model_20260929/round07_congruence_preparation/TECHNICAL_SOURCE_REVIEW.json": "5dff6ce331d9cb7cb5f17d54e0d6968b9317e2a4653cc1c2c8821d774a489f82",
    "/home/inspur/MTO-1/research/single_model_20260929/round07_congruence_preparation/TRAIN_STATISTICS.json": "d3d0ed5af2646959be0abcb9cebb50d7cdb2ef7fb70d7e073fe12a8b697953ae",
    "/home/inspur/MTO-1/research/single_model_20260929/round07_congruence_preparation/common.py": "50a1ef987cbc635b3b5692364281498e66587b112d5573c765fea360470038cd",
    "/home/inspur/MTO-1/research/single_model_20260929/round07_congruence_preparation/config.json": "50ea8e4fa61b18411e1d6af7695b384f5a2ba36a501b38856a587e2b4d6b0f15",
    "/home/inspur/MTO-1/research/single_model_20260929/round07_congruence_preparation/congruence.py": "896293596a7b3325f07598ef88d1698a4abbfc9b5f4b1fa03fe413961cf4f8e1",
    "/home/inspur/MTO-1/research/single_model_20260929/round07_congruence_preparation/execution_gate.py": "f93ee9a7e01f0580243812d503bfdf93fa5d0ede10522d2f8f9d5d55c6eabcbf",
    "/home/inspur/MTO-1/research/single_model_20260929/round07_congruence_preparation/freeze_preparation.py": "c62bb80377eb8c7626429d16713fe48780ef6d700c6fc3618cb896754e5866d8",
    "/home/inspur/MTO-1/research/single_model_20260929/round07_congruence_preparation/fresh_model.py": "061c00ea9b0c5c45c08195e4c0d4c4308b0574faeb0c2bf15c13be741df92031",
    "/home/inspur/MTO-1/research/single_model_20260929/round07_congruence_preparation/gpu_preflight.py": "e21d7936ef9e7592b48b3865bd35ae866f42de8cca073afee48296996e108692",
    "/home/inspur/MTO-1/research/single_model_20260929/round07_congruence_preparation/independent_gate_checks.py": "a51c5ca404065b707d448d0cf101c2ea828d1e226fc944fd5956cb69057c8693",
    "/home/inspur/MTO-1/research/single_model_20260929/round07_congruence_preparation/independent_preflight_result_checks.py": "6b1421b3596d0f2894af8f9abc112092c1dcdf98d3ce5eafbf090c422f57e4cf",
    "/home/inspur/MTO-1/research/single_model_20260929/round07_congruence_preparation/launch.py": "46a40b17c96bf98c638e720e8931c5313f6dc4e4755ae2826462ab8c180b2abd",
    "/home/inspur/MTO-1/research/single_model_20260929/round07_congruence_preparation/metrics.py": "1465cc964aea7bd0e06616be3cf8f862e876c7c57d9df3103e81e57817761bdc",
    "/home/inspur/MTO-1/research/single_model_20260929/round07_congruence_preparation/model_config.json": "ff24143918e722d34a126b172f7d311c2a673a21c6756c89077fa05b05d6592f",
    "/home/inspur/MTO-1/research/single_model_20260929/round07_congruence_preparation/ops/INDEPENDENT_GATE_CHECKS_01.log": "56cdba8bf9645b0f4094f9ce43f461399b39a981993e071d558f7285ceb19c3b",
    "/home/inspur/MTO-1/research/single_model_20260929/round07_congruence_preparation/ops/cpu_synthetic_01.log": "2d4d33faa4f2aaf7a9dcabae1bca5ee546b080d9c546e3b3c458c044bc098a29",
    "/home/inspur/MTO-1/research/single_model_20260929/round07_congruence_preparation/ops/gpu_preflight_attempt/COMPLETE.json": "e19ac28e45c70c048d70e7c0e4607e9ce77c0259d4d1654bf6c0429bdb40e21f",
    "/home/inspur/MTO-1/research/single_model_20260929/round07_congruence_preparation/ops/gpu_preflight_attempt/GPU_ADMISSION.xml": "13dbb46f756e522eb269f3bb8ee228915941dd2152a99062842dda52f83049f1",
    "/home/inspur/MTO-1/research/single_model_20260929/round07_congruence_preparation/ops/gpu_preflight_attempt/LAUNCH_RECEIPT.json": "7ff9d1e55cf828f06a5f7223615ee79b5901dacba2131fc31bb624088f159b45",
    "/home/inspur/MTO-1/research/single_model_20260929/round07_congruence_preparation/ops/gpu_preflight_attempt/REGISTRATION_TOOL.log": "553fd4923d8da33a5d4edb4897621cfbf167e5f160793b667a02dd5bb164d979",
    "/home/inspur/MTO-1/research/single_model_20260929/round07_congruence_preparation/ops/gpu_preflight_attempt/stage.log": "5d779ea9692737aa7fd461fc88096e912dcd5516e7ef567496c7534c61ed4927",
    "/home/inspur/MTO-1/research/single_model_20260929/round07_congruence_preparation/partition_data.py": "9aaa08bb8878803cc42961d336345d5fa53f5aad30d8cfdf135d0fd35dd6757d",
    "/home/inspur/MTO-1/research/single_model_20260929/round07_congruence_preparation/predictor.py": "e660e495145b546afebb658172d5f257a608628b63186af402d4dc9b24619bd3",
    "/home/inspur/MTO-1/research/single_model_20260929/round07_congruence_preparation/preflight_helpers.py": "d474df1d76ed6d08b465ad1925fd8a202b9c337fdbc7cff515cb583b472da971",
    "/home/inspur/MTO-1/research/single_model_20260929/round07_congruence_preparation/resources.py": "0e86e15d8be5c1e0e94bf8f85eea56a121e3aa493cb9c262e9248727b5beb918",
    "/home/inspur/MTO-1/research/single_model_20260929/round07_congruence_preparation/run_gpu_preflight.py": "47bb918ce8e1829362b2cedcde5ad47d5ecae0a84a950febacc1a1a85f5dc437",
    "/home/inspur/MTO-1/research/single_model_20260929/round07_congruence_preparation/runtime.py": "fb54c5073e261455ef43036f3d1f65bdaf89714fc9ddc690ec0ec3a773074f94",
    "/home/inspur/MTO-1/research/single_model_20260929/round07_congruence_preparation/synthetic_checks.py": "ca6068ca37007e3ec244a9f458b283df2fb7ef4155c0684a265e09e36d6030f4",
    "/home/inspur/MTO-1/research/single_model_20260929/round07_congruence_preparation/train.py": "10e8ae49c9af485ffddb513c95c404382d88dde8635f797a4fc4804af59ef040",
    "/home/inspur/MTO-1/research/single_model_20260929/round07_congruence_preparation/training.py": "fa6ffe50a93d61ef8cbd908196d6c98bafea88970c7df25089c5960a5f491580",
    "/home/inspur/MTO-1/research/single_model_20260929/round08_transport_preparation/CPU_PREFLIGHT.json": "0ac8ae7604cb60c4f06b09c8880d8cfc751f05c8ab8028ca777849161621bfbb",
    "/home/inspur/MTO-1/research/single_model_20260929/round08_transport_preparation/CPU_PREFLIGHT_REVIEW.json": "cc7d482be5b1630664450be05918dbd74a65d519e5b818018ed08f6bb522da90",
    "/home/inspur/MTO-1/research/single_model_20260929/round08_transport_preparation/CPU_SOURCE_REVIEW.json": "53093efdabc392d59617b43ef40b0a562df36e3c432de6a1b0b2f718737f4c28",
    "/home/inspur/MTO-1/research/single_model_20260929/round08_transport_preparation/ENVIRONMENT.json": "57c2f536b2af90baf8816a0924be5a7511e88ba0f35fbeda5b55e95fdf2540a9",
    "/home/inspur/MTO-1/research/single_model_20260929/round08_transport_preparation/INDEPENDENT_GATE_CHECKS.json": "5fafd221f41378679b8b0cb73d74b5e289c691f1b14e1d4fc16ad5da977b301e",
    "/home/inspur/MTO-1/research/single_model_20260929/round08_transport_preparation/INDEPENDENT_GATE_CHECKS_01.log": "7efea7240d89e268a715a5c72846db606d9b87376f26cbb615528d7de8ba02e2",
    "/home/inspur/MTO-1/research/single_model_20260929/round08_transport_preparation/REGISTRATION_BARRIER_CHECKS.json": "d391d40abc7385fb1abf84d8dd8cbcec2bd8df4e362f2836b1a66a558dbbec54",
    "/home/inspur/MTO-1/research/single_model_20260929/round08_transport_preparation/REGISTRATION_BARRIER_NOTE.md": "d2b05bceb40f650912593dbba8b0bc7e739013e70a0cdd9d0f3f008118d3d3b4",
    "/home/inspur/MTO-1/research/single_model_20260929/round08_transport_preparation/REGISTRATION_BARRIER_RESULT_REVIEW.json": "388dbcab57435613eadb8da03c7c6ac3cc84589155b12d523944311330d598c7",
    "/home/inspur/MTO-1/research/single_model_20260929/round08_transport_preparation/REGISTRATION_BARRIER_SOURCE_REVIEW.json": "2b9590777bb02fb97d885c81e15ab9124bba01a31fef5a836da6bce0af543f89",
    "/home/inspur/MTO-1/research/single_model_20260929/round08_transport_preparation/ROUND08_PREPARATION_DECISION.md": "a227764a9540cfa4f89dd9ed8ea48aa923d65bb4152f2e90ff734073601379a1",
    "/home/inspur/MTO-1/research/single_model_20260929/round08_transport_preparation/TECHNICAL_PREFLIGHT_PLAN.md": "30484b69d3dd02e93154c07b8f91c17d1ad999d84ea0bfcd4133218b5544271f",
    "/home/inspur/MTO-1/research/single_model_20260929/round08_transport_preparation/TRAIN_STATISTICS.json": "d3d0ed5af2646959be0abcb9cebb50d7cdb2ef7fb70d7e073fe12a8b697953ae",
    "/home/inspur/MTO-1/research/single_model_20260929/round08_transport_preparation/common.py": "50a1ef987cbc635b3b5692364281498e66587b112d5573c765fea360470038cd",
    "/home/inspur/MTO-1/research/single_model_20260929/round08_transport_preparation/config.json": "0750d7a4976bf5a43618a131b60ac18bc66dab6739600c9eb51de9c7d91f2d8d",
    "/home/inspur/MTO-1/research/single_model_20260929/round08_transport_preparation/execution_gate.py": "9a811f2e812fc5565d51d19fc80c96f799d5d0a945fedb6e47c475d2f9eb5a87",
    "/home/inspur/MTO-1/research/single_model_20260929/round08_transport_preparation/fresh_model.py": "93bd3aaa0e1a7980320bff1552e284266a6e72d870267a116e3c40ed2f3dccca",
    "/home/inspur/MTO-1/research/single_model_20260929/round08_transport_preparation/gpu_preflight.py": "045c56bbb3516805e9bed12c59b21743d532d7952a2a6e4083be396c63ac5175",
    "/home/inspur/MTO-1/research/single_model_20260929/round08_transport_preparation/independent_gate_checks.py": "090ac449d245611157b55a3398dafd19a51b18dfaebdebf4b58e72cba6d71fff",
    "/home/inspur/MTO-1/research/single_model_20260929/round08_transport_preparation/independent_technical_review.py": "82a8adb6d84e725b2d8a2f5180a0e649b7f56b563a8dfd89af00fc6380ff6659",
    "/home/inspur/MTO-1/research/single_model_20260929/round08_transport_preparation/launch.py": "798cc46044929963c525ce7332af955b3a0ea929d5f4f745d7edd7ac5fadd25d",
    "/home/inspur/MTO-1/research/single_model_20260929/round08_transport_preparation/metrics.py": "1465cc964aea7bd0e06616be3cf8f862e876c7c57d9df3103e81e57817761bdc",
    "/home/inspur/MTO-1/research/single_model_20260929/round08_transport_preparation/model_config.json": "ff24143918e722d34a126b172f7d311c2a673a21c6756c89077fa05b05d6592f",
    "/home/inspur/MTO-1/research/single_model_20260929/round08_transport_preparation/ops/CPU_INVOCATION_NOTE.json": "349e64beb4310dc88e312d319b5db91354a7290b366fa208761ad47ef139abe2",
    "/home/inspur/MTO-1/research/single_model_20260929/round08_transport_preparation/ops/cpu_synthetic_01.exit": "9a271f2a916b0b6ee6cecb2426f0b3206ef074578be55d9bc94f6f3fe3ab86aa",
    "/home/inspur/MTO-1/research/single_model_20260929/round08_transport_preparation/ops/cpu_synthetic_01.log": "ede487096694ae4cb202818086a061fd808d181c3f8b7cf19be9c0c7b4b67403",
    "/home/inspur/MTO-1/research/single_model_20260929/round08_transport_preparation/ops/cpu_synthetic_01.pid": "6361ef35651f2204f1c13123f9afbcd84c01980072811c7ef8c3b67f1cc1114f",
    "/home/inspur/MTO-1/research/single_model_20260929/round08_transport_preparation/ops/registration_barrier_01.log": "60ba596cd25243cb1246b121893bab4a38747e395817ead0c9fce671ef9e8af2",
    "/home/inspur/MTO-1/research/single_model_20260929/round08_transport_preparation/partition_data.py": "9aaa08bb8878803cc42961d336345d5fa53f5aad30d8cfdf135d0fd35dd6757d",
    "/home/inspur/MTO-1/research/single_model_20260929/round08_transport_preparation/predictor.py": "f5129e1a41f9fe743853cd99dfbbd2bf538df793da9f1be9739de1ca8cdc1620",
    "/home/inspur/MTO-1/research/single_model_20260929/round08_transport_preparation/preflight_helpers.py": "d474df1d76ed6d08b465ad1925fd8a202b9c337fdbc7cff515cb583b472da971",
    "/home/inspur/MTO-1/research/single_model_20260929/round08_transport_preparation/registered_entry.py": "6b62c9f041de9f0e54ec54e48cb97a8c6189a074ef22c762551fa95a70902b84",
    "/home/inspur/MTO-1/research/single_model_20260929/round08_transport_preparation/registration_barrier_checks.py": "04177a7668a12022f86af63deed63009cbd5250c44757e1efd38fb4c0d571e5e",
    "/home/inspur/MTO-1/research/single_model_20260929/round08_transport_preparation/resources.py": "0e86e15d8be5c1e0e94bf8f85eea56a121e3aa493cb9c262e9248727b5beb918",
    "/home/inspur/MTO-1/research/single_model_20260929/round08_transport_preparation/run_gpu_preflight.py": "ac98568441a73b8a48046214b55f5fea56e12c48560e8b770669aa2568fe1029",
    "/home/inspur/MTO-1/research/single_model_20260929/round08_transport_preparation/runtime.py": "fb54c5073e261455ef43036f3d1f65bdaf89714fc9ddc690ec0ec3a773074f94",
    "/home/inspur/MTO-1/research/single_model_20260929/round08_transport_preparation/synthetic_checks.py": "65c3e35425db5d924681a8d7fdf226920ab451afb75b3869eaea54a7213cb422",
    "/home/inspur/MTO-1/research/single_model_20260929/round08_transport_preparation/train.py": "033aabea171b0fcdb12019ae8aaaaa89d4831ec9509727ac39b5391308acc894",
    "/home/inspur/MTO-1/research/single_model_20260929/round08_transport_preparation/training.py": "6d81455173da42d90aadc0781aa0cca13ed7e7ab6478519498c50d70c7c7bc2b",
    "/home/inspur/MTO-1/research/single_model_20260929/round08_transport_preparation/transport.py": "99d7983cece395a9c4c9ecb9c8d6253ca9f815da8988638c12b14533c70844b9"
  },
  "technical_review_sha256": "0336abb2c1f9133b34fdc94f5246207f7581b3a2ca1650ef7d41f453a02f52b9",
  "root_preparation_decision_sha256": "a227764a9540cfa4f89dd9ed8ea48aa923d65bb4152f2e90ff734073601379a1",
  "seconds": 19.17115879058838
}
